timestamp_ms,target_rpm,raw_encoder_count,raw_speed,filtered_speed,error_rpm,pi_output,pwm_duty,current,system_state,fault_flags,disturbance_active,applied_force_n,torque_nm,run_id
0,150.0,0,0.0,0.0,150.0,97.5,97.5,1.17,3,0,0,0.0,0.0,1
10,150.0,22,88.24,44.12,105.88,62.65,62.65,0.709,3,0,0,0.0,0.0,1
20,150.0,60,152.41,80.21,69.79,30.2,30.2,0.292,3,0,0,0.0,0.0,1
30,150.0,103,172.46,137.7,12.3,16.8,16.8,0.121,3,0,0,0.0,0.0,1
40,150.0,147,176.47,167.11,-17.11,10.83,10.83,0.046,3,0,0,0.0,0.0,1
50,150.0,192,180.48,176.47,-26.47,4.25,4.25,-0.034,3,0,0,0.0,0.0,1
60,150.0,235,172.46,176.47,-26.47,4.89,4.89,-0.023,3,0,0,0.0,0.0,1
70,150.0,277,168.45,173.8,-23.8,4.13,4.13,-0.029,3,0,0,0.0,0.0,1
80,150.0,317,160.43,167.11,-17.11,6.58,6.58,0.003,3,0,0,0.0,0.0,1
90,150.0,357,160.43,163.1,-13.1,5.01,5.01,-0.015,3,0,0,0.0,0.0,1
100,150.0,395,152.41,157.75,-7.75,8.66,8.66,0.031,3,0,0,0.0,0.0,1
110,150.0,434,156.42,156.42,-6.42,5.7,5.7,-0.004,3,0,0,0.0,0.0,1
120,150.0,471,148.4,152.41,-2.41,9.95,9.95,0.048,3,0,0,0.0,0.0,1
130,150.0,509,152.41,152.41,-2.41,7.58,7.58,0.02,3,0,0,0.0,0.0,1
140,150.0,546,148.4,149.73,0.27,9.83,9.83,0.047,3,0,0,0.0,0.0,1
150,150.0,584,152.41,151.07,-1.07,7.46,7.46,0.018,3,0,0,0.0,0.0,1
160,150.0,621,148.4,149.73,0.27,9.71,9.71,0.046,3,0,0,0.0,0.0,1
170,150.0,659,152.41,151.07,-1.07,7.34,7.34,0.017,3,0,0,0.0,0.0,1
180,150.0,696,148.4,149.73,0.27,9.59,9.59,0.045,3,0,0,0.0,0.0,1
190,150.0,734,152.41,151.07,-1.07,7.22,7.22,0.016,3,0,0,0.0,0.0,1
200,150.0,771,148.4,149.73,0.27,9.47,9.47,0.044,3,0,0,0.0,0.0,1
210,150.0,808,148.4,149.73,0.27,9.71,9.71,0.046,3,0,0,0.0,0.0,1
220,150.0,845,148.4,148.4,1.6,9.95,9.95,0.049,3,0,0,0.0,0.0,1
230,150.0,883,152.41,149.73,0.27,7.58,7.58,0.02,3,0,0,0.0,0.0,1
240,150.0,920,148.4,149.73,0.27,9.83,9.83,0.047,3,0,0,0.0,0.0,1
250,150.0,958,152.41,151.07,-1.07,7.46,7.46,0.018,3,0,0,0.0,0.0,1
260,150.0,995,148.4,149.73,0.27,9.71,9.71,0.046,3,0,0,0.0,0.0,1
270,150.0,1033,152.41,151.07,-1.07,7.34,7.34,0.017,3,0,0,0.0,0.0,1
280,150.0,1070,148.4,149.73,0.27,9.59,9.59,0.045,3,0,0,0.0,0.0,1
290,150.0,1107,148.4,149.73,0.27,9.83,9.83,0.047,3,0,0,0.0,0.0,1
300,150.0,1145,152.41,149.73,0.27,7.46,7.46,0.018,3,0,0,0.0,0.0,1
310,150.0,1182,148.4,149.73,0.27,9.71,9.71,0.046,3,0,0,0.0,0.0,1
320,150.0,1220,152.41,151.07,-1.07,7.34,7.34,0.017,3,0,0,0.0,0.0,1
330,150.0,1257,148.4,149.73,0.27,9.59,9.59,0.045,3,0,0,0.0,0.0,1
340,150.0,1294,148.4,149.73,0.27,9.83,9.83,0.047,3,0,0,0.0,0.0,1
350,150.0,1332,152.41,149.73,0.27,7.46,7.46,0.018,3,0,0,0.0,0.0,1
360,150.0,1369,148.4,149.73,0.27,9.71,9.71,0.046,3,0,0,0.0,0.0,1
370,150.0,1407,152.41,151.07,-1.07,7.34,7.34,0.017,3,0,0,0.0,0.0,1
380,150.0,1444,148.4,149.73,0.27,9.59,9.59,0.045,3,0,0,0.0,0.0,1
390,150.0,1481,148.4,149.73,0.27,9.83,9.83,0.047,3,0,0,0.0,0.0,1
400,150.0,1519,152.41,149.73,0.27,7.46,7.46,0.018,3,0,0,0.0,0.0,1
410,150.0,1556,148.4,149.73,0.27,9.71,9.71,0.046,3,0,0,0.0,0.0,1
420,150.0,1594,152.41,151.07,-1.07,7.34,7.34,0.017,3,0,0,0.0,0.0,1
430,150.0,1631,148.4,149.73,0.27,9.59,9.59,0.045,3,0,0,0.0,0.0,1
440,150.0,1668,148.4,149.73,0.27,9.83,9.83,0.047,3,0,0,0.0,0.0,1
450,150.0,1706,152.41,149.73,0.27,7.46,7.46,0.018,3,0,0,0.0,0.0,1
460,150.0,1743,148.4,149.73,0.27,9.71,9.71,0.046,3,0,0,0.0,0.0,1
470,150.0,1780,148.4,149.73,0.27,9.95,9.95,0.049,3,0,0,0.0,0.0,1
480,150.0,1818,152.41,149.73,0.27,7.58,7.58,0.02,3,0,0,0.0,0.0,1
490,150.0,1856,152.41,151.07,-1.07,7.22,7.22,0.016,3,0,0,0.0,0.0,1
500,150.0,1893,148.4,151.07,-1.07,9.47,9.47,0.044,3,0,0,0.0,0.0,1
510,150.0,1930,148.4,149.73,0.27,9.71,9.71,0.046,3,0,0,0.0,0.0,1
520,150.0,1967,148.4,148.4,1.6,9.95,9.95,0.049,3,0,0,0.0,0.0,1
530,150.0,2005,152.41,149.73,0.27,7.58,7.58,0.02,3,0,0,0.0,0.0,1
540,150.0,2043,152.41,151.07,-1.07,7.22,7.22,0.016,3,0,0,0.0,0.0,1
550,150.0,2080,148.4,151.07,-1.07,9.47,9.47,0.044,3,0,0,0.0,0.0,1
560,150.0,2117,148.4,149.73,0.27,9.71,9.71,0.046,3,0,0,0.0,0.0,1
570,150.0,2154,148.4,148.4,1.6,9.95,9.95,0.049,3,0,0,0.0,0.0,1
580,150.0,2192,152.41,149.73,0.27,7.58,7.58,0.02,3,0,0,0.0,0.0,1
590,150.0,2229,148.4,149.73,0.27,9.83,9.83,0.047,3,0,0,0.0,0.0,1
600,150.0,2267,152.41,151.07,-1.07,7.46,7.46,0.018,3,0,0,0.0,0.0,1
610,150.0,2304,148.4,149.73,0.27,9.71,9.71,0.046,3,0,0,0.0,0.0,1
620,150.0,2342,152.41,151.07,-1.07,7.34,7.34,0.017,3,0,0,0.0,0.0,1
630,150.0,2379,148.4,149.73,0.27,9.59,9.59,0.045,3,0,0,0.0,0.0,1
640,150.0,2416,148.4,149.73,0.27,9.83,9.83,0.047,3,0,0,0.0,0.0,1
650,150.0,2454,152.41,149.73,0.27,7.46,7.46,0.018,3,0,0,0.0,0.0,1
660,150.0,2491,148.4,149.73,0.27,9.71,9.71,0.046,3,0,0,0.0,0.0,1
670,150.0,2529,152.41,151.07,-1.07,7.34,7.34,0.017,3,0,0,0.0,0.0,1
680,150.0,2566,148.4,149.73,0.27,9.59,9.59,0.045,3,0,0,0.0,0.0,1
690,150.0,2603,148.4,149.73,0.27,9.83,9.83,0.047,3,0,0,0.0,0.0,1
700,150.0,2641,152.41,149.73,0.27,7.46,7.46,0.018,3,0,0,0.0,0.0,1
710,150.0,2678,148.4,149.73,0.27,9.71,9.71,0.046,3,0,0,0.0,0.0,1
720,150.0,2716,152.41,151.07,-1.07,7.34,7.34,0.017,3,0,0,0.0,0.0,1
730,150.0,2753,148.4,149.73,0.27,9.59,9.59,0.045,3,0,0,0.0,0.0,1
740,150.0,2790,148.4,149.73,0.27,9.83,9.83,0.047,3,0,0,0.0,0.0,1
750,150.0,2828,152.41,149.73,0.27,7.46,7.46,0.018,3,0,0,0.0,0.0,1
760,150.0,2865,148.4,149.73,0.27,9.71,9.71,0.046,3,0,0,0.0,0.0,1
770,150.0,2903,152.41,151.07,-1.07,7.34,7.34,0.017,3,0,0,0.0,0.0,1
780,150.0,2940,148.4,149.73,0.27,9.59,9.59,0.045,3,0,0,0.0,0.0,1
790,150.0,2977,148.4,149.73,0.27,9.83,9.83,0.047,3,0,0,0.0,0.0,1
800,150.0,3015,152.41,149.73,0.27,7.46,7.46,0.018,3,0,0,0.0,0.0,1
810,150.0,3052,148.4,149.73,0.27,9.71,9.71,0.046,3,0,0,0.0,0.0,1
820,150.0,3090,152.41,151.07,-1.07,7.34,7.34,0.017,3,0,0,0.0,0.0,1
830,150.0,3127,148.4,149.73,0.27,9.59,9.59,0.045,3,0,0,0.0,0.0,1
840,150.0,3164,148.4,149.73,0.27,9.83,9.83,0.047,3,0,0,0.0,0.0,1
850,150.0,3202,152.41,149.73,0.27,7.46,7.46,0.018,3,0,0,0.0,0.0,1
860,150.0,3239,148.4,149.73,0.27,9.71,9.71,0.046,3,0,0,0.0,0.0,1
870,150.0,3276,148.4,149.73,0.27,9.95,9.95,0.049,3,0,0,0.0,0.0,1
880,150.0,3314,152.41,149.73,0.27,7.58,7.58,0.02,3,0,0,0.0,0.0,1
890,150.0,3351,148.4,149.73,0.27,9.83,9.83,0.047,3,0,0,0.0,0.0,1
900,150.0,3389,152.41,151.07,-1.07,7.46,7.46,0.018,3,0,0,0.0,0.0,1
910,150.0,3427,152.41,151.07,-1.07,7.1,7.1,0.015,3,0,0,0.0,0.0,1
920,150.0,3463,144.39,149.73,0.27,11.95,11.95,0.074,3,0,0,0.0,0.0,1
930,150.0,3501,152.41,149.73,0.27,7.58,7.58,0.02,3,0,0,0.0,0.0,1
940,150.0,3539,152.41,149.73,0.27,7.22,7.22,0.016,3,0,0,0.0,0.0,1
950,150.0,3576,148.4,151.07,-1.07,9.47,9.47,0.044,3,0,0,0.0,0.0,1
960,150.0,3613,148.4,149.73,0.27,9.71,9.71,0.046,3,0,0,0.0,0.0,1
970,150.0,3650,148.4,148.4,1.6,9.95,9.95,0.049,3,0,0,0.0,0.0,1
980,150.0,3688,152.41,149.73,0.27,7.58,7.58,0.02,3,0,0,0.0,0.0,1
990,150.0,3725,148.4,149.73,0.27,9.83,9.83,0.047,3,0,0,0.0,0.0,1
1000,150.0,3763,152.41,151.07,-1.07,7.46,7.46,0.018,3,0,0,0.0,0.0,1
1010,150.0,3800,148.4,149.73,0.27,9.71,9.71,0.046,3,0,0,0.0,0.0,1
1020,150.0,3838,152.41,151.07,-1.07,7.34,7.34,0.017,3,0,0,0.0,0.0,1
1030,150.0,3875,148.4,149.73,0.27,9.59,9.59,0.045,3,0,0,0.0,0.0,1
1040,150.0,3912,148.4,149.73,0.27,9.83,9.83,0.047,3,0,0,0.0,0.0,1
1050,150.0,3950,152.41,149.73,0.27,7.46,7.46,0.018,3,0,0,0.0,0.0,1
1060,150.0,3987,148.4,149.73,0.27,9.71,9.71,0.046,3,0,0,0.0,0.0,1
1070,150.0,4025,152.41,151.07,-1.07,7.34,7.34,0.017,3,0,0,0.0,0.0,1
1080,150.0,4062,148.4,149.73,0.27,9.59,9.59,0.045,3,0,0,0.0,0.0,1
1090,150.0,4099,148.4,149.73,0.27,9.83,9.83,0.047,3,0,0,0.0,0.0,1
1100,150.0,4137,152.41,149.73,0.27,7.46,7.46,0.018,3,0,0,0.0,0.0,1
1110,150.0,4174,148.4,149.73,0.27,9.71,9.71,0.046,3,0,0,0.0,0.0,1
1120,150.0,4212,152.41,151.07,-1.07,7.34,7.34,0.017,3,0,0,0.0,0.0,1
1130,150.0,4249,148.4,149.73,0.27,9.59,9.59,0.045,3,0,0,0.0,0.0,1
1140,150.0,4286,148.4,149.73,0.27,9.83,9.83,0.047,3,0,0,0.0,0.0,1
1150,150.0,4324,152.41,149.73,0.27,7.46,7.46,0.018,3,0,0,0.0,0.0,1
1160,150.0,4361,148.4,149.73,0.27,9.71,9.71,0.046,3,0,0,0.0,0.0,1
1170,150.0,4399,152.41,151.07,-1.07,7.34,7.34,0.017,3,0,0,0.0,0.0,1
1180,150.0,4436,148.4,149.73,0.27,9.59,9.59,0.045,3,0,0,0.0,0.0,1
1190,150.0,4473,148.4,149.73,0.27,9.83,9.83,0.047,3,0,0,0.0,0.0,1
1200,150.0,4511,152.41,149.73,0.27,7.46,7.46,0.018,3,0,0,0.0,0.0,1
1210,150.0,4548,148.4,149.73,0.27,9.71,9.71,0.046,3,0,0,0.0,0.0,1
1220,150.0,4585,148.4,149.73,0.27,9.95,9.95,0.049,3,0,0,0.0,0.0,1
1230,150.0,4623,152.41,149.73,0.27,7.58,7.58,0.02,3,0,0,0.0,0.0,1
1240,150.0,4661,152.41,151.07,-1.07,7.22,7.22,0.016,3,0,0,0.0,0.0,1
1250,150.0,4698,148.4,151.07,-1.07,9.47,9.47,0.044,3,0,0,0.0,0.0,1
1260,150.0,4735,148.4,149.73,0.27,9.71,9.71,0.046,3,0,0,0.0,0.0,1
1270,150.0,4772,148.4,148.4,1.6,9.95,9.95,0.049,3,0,0,0.0,0.0,1
1280,150.0,4810,152.41,149.73,0.27,7.58,7.58,0.02,3,0,0,0.0,0.0,1
1290,150.0,4848,152.41,151.07,-1.07,7.22,7.22,0.016,3,0,0,0.0,0.0,1
1300,150.0,4885,148.4,151.07,-1.07,9.47,9.47,0.044,3,0,0,0.0,0.0,1
1310,150.0,4922,148.4,149.73,0.27,9.71,9.71,0.046,3,0,0,0.0,0.0,1
1320,150.0,4959,148.4,148.4,1.6,9.95,9.95,0.049,3,0,0,0.0,0.0,1
1330,150.0,4997,152.41,149.73,0.27,7.58,7.58,0.02,3,0,0,0.0,0.0,1
1340,150.0,5034,148.4,149.73,0.27,9.83,9.83,0.047,3,0,0,0.0,0.0,1
1350,150.0,5072,152.41,151.07,-1.07,7.46,7.46,0.018,3,0,0,0.0,0.0,1
1360,150.0,5109,148.4,149.73,0.27,9.71,9.71,0.046,3,0,0,0.0,0.0,1
1370,150.0,5147,152.41,151.07,-1.07,7.34,7.34,0.017,3,0,0,0.0,0.0,1
1380,150.0,5184,148.4,149.73,0.27,9.59,9.59,0.045,3,0,0,0.0,0.0,1
1390,150.0,5221,148.4,149.73,0.27,9.83,9.83,0.047,3,0,0,0.0,0.0,1
1400,150.0,5259,152.41,149.73,0.27,7.46,7.46,0.018,3,0,0,0.0,0.0,1
1410,150.0,5296,148.4,149.73,0.27,9.71,9.71,0.046,3,0,0,0.0,0.0,1
1420,150.0,5334,152.41,151.07,-1.07,7.34,7.34,0.017,3,0,0,0.0,0.0,1
1430,150.0,5371,148.4,149.73,0.27,9.59,9.59,0.045,3,0,0,0.0,0.0,1
1440,150.0,5408,148.4,149.73,0.27,9.83,9.83,0.047,3,0,0,0.0,0.0,1
1450,150.0,5446,152.41,149.73,0.27,7.46,7.46,0.018,3,0,0,0.0,0.0,1
1460,150.0,5483,148.4,149.73,0.27,9.71,9.71,0.046,3,0,0,0.0,0.0,1
1470,150.0,5521,152.41,151.07,-1.07,7.34,7.34,0.017,3,0,0,0.0,0.0,1
1480,150.0,5558,148.4,149.73,0.27,9.59,9.59,0.045,3,0,0,0.0,0.0,1
1490,150.0,5595,148.4,149.73,0.27,9.83,9.83,0.047,3,0,0,0.0,0.0,1
1500,150.0,5633,152.41,149.73,0.27,7.46,7.46,0.018,3,0,0,0.0,0.0,1
1510,150.0,5670,148.4,149.73,0.27,9.71,9.71,0.046,3,0,0,0.0,0.0,1
1520,150.0,5708,152.41,151.07,-1.07,7.34,7.34,0.017,3,0,0,0.0,0.0,1
1530,150.0,5745,148.4,149.73,0.27,9.59,9.59,0.045,3,0,0,0.0,0.0,1
1540,150.0,5782,148.4,149.73,0.27,9.83,9.83,0.047,3,0,0,0.0,0.0,1
1550,150.0,5820,152.41,149.73,0.27,7.46,7.46,0.018,3,0,0,0.0,0.0,1
1560,150.0,5857,148.4,149.73,0.27,9.71,9.71,0.046,3,0,0,0.0,0.0,1
1570,150.0,5895,152.41,151.07,-1.07,7.34,7.34,0.017,3,0,0,0.0,0.0,1
1580,150.0,5932,148.4,149.73,0.27,9.59,9.59,0.045,3,0,0,0.0,0.0,1
1590,150.0,5969,148.4,149.73,0.27,9.83,9.83,0.047,3,0,0,0.0,0.0,1
1600,150.0,6007,152.41,149.73,0.27,7.46,7.46,0.018,3,0,0,0.0,0.0,1
1610,150.0,6044,148.4,149.73,0.27,9.71,9.71,0.046,3,0,0,0.0,0.0,1
1620,150.0,6081,148.4,149.73,0.27,9.95,9.95,0.049,3,0,0,0.0,0.0,1
1630,150.0,6119,152.41,149.73,0.27,7.58,7.58,0.02,3,0,0,0.0,0.0,1
1640,150.0,6157,152.41,151.07,-1.07,7.22,7.22,0.016,3,0,0,0.0,0.0,1
1650,150.0,6194,148.4,151.07,-1.07,9.47,9.47,0.044,3,0,0,0.0,0.0,1
1660,150.0,6231,148.4,149.73,0.27,9.71,9.71,0.046,3,0,0,0.0,0.0,1
1670,150.0,6268,148.4,148.4,1.6,9.95,9.95,0.049,3,0,0,0.0,0.0,1
1680,150.0,6306,152.41,149.73,0.27,7.58,7.58,0.02,3,0,0,0.0,0.0,1
1690,150.0,6343,148.4,149.73,0.27,9.83,9.83,0.047,3,0,0,0.0,0.0,1
1700,150.0,6381,152.41,151.07,-1.07,7.46,7.46,0.018,3,0,0,0.0,0.0,1
1710,150.0,6418,148.4,149.73,0.27,9.71,9.71,0.046,3,0,0,0.0,0.0,1
1720,150.0,6456,152.41,151.07,-1.07,7.34,7.34,0.017,3,0,0,0.0,0.0,1
1730,150.0,6493,148.4,149.73,0.27,9.59,9.59,0.045,3,0,0,0.0,0.0,1
1740,150.0,6531,152.41,151.07,-1.07,7.22,7.22,0.016,3,0,0,0.0,0.0,1
1750,150.0,6568,148.4,149.73,0.27,9.47,9.47,0.044,3,0,0,0.0,0.0,1
1760,150.0,6605,148.4,149.73,0.27,9.71,9.71,0.046,3,0,0,0.0,0.0,1
1770,150.0,6642,148.4,148.4,1.6,9.95,9.95,0.049,3,0,0,0.0,0.0,1
1780,150.0,6680,152.41,149.73,0.27,7.58,7.58,0.02,3,0,0,0.0,0.0,1
1790,150.0,6717,148.4,149.73,0.27,9.83,9.83,0.047,3,0,0,0.0,0.0,1
1800,150.0,6755,152.41,151.07,-1.07,7.46,7.46,0.018,3,0,0,0.0,0.0,1
1810,150.0,6792,148.4,149.73,0.27,9.71,9.71,0.046,3,0,0,0.0,0.0,1
1820,150.0,6830,152.41,151.07,-1.07,7.34,7.34,0.017,3,0,0,0.0,0.0,1
1830,150.0,6867,148.4,149.73,0.27,9.59,9.59,0.045,3,0,0,0.0,0.0,1
1840,150.0,6904,148.4,149.73,0.27,9.83,9.83,0.047,3,0,0,0.0,0.0,1
1850,150.0,6942,152.41,149.73,0.27,7.46,7.46,0.018,3,0,0,0.0,0.0,1
1860,150.0,6979,148.4,149.73,0.27,9.71,9.71,0.046,3,0,0,0.0,0.0,1
1870,150.0,7017,152.41,151.07,-1.07,7.34,7.34,0.017,3,0,0,0.0,0.0,1
1880,150.0,7054,148.4,149.73,0.27,9.59,9.59,0.045,3,0,0,0.0,0.0,1
1890,150.0,7091,148.4,149.73,0.27,9.83,9.83,0.047,3,0,0,0.0,0.0,1
1900,150.0,7129,152.41,149.73,0.27,7.46,7.46,0.018,3,0,0,0.0,0.0,1
1910,150.0,7166,148.4,149.73,0.27,9.71,9.71,0.046,3,0,0,0.0,0.0,1
1920,150.0,7204,152.41,151.07,-1.07,7.34,7.34,0.017,3,0,0,0.0,0.0,1
1930,150.0,7241,148.4,149.73,0.27,9.59,9.59,0.045,3,0,0,0.0,0.0,1
1940,150.0,7278,148.4,149.73,0.27,9.83,9.83,0.047,3,0,0,0.0,0.0,1
1950,150.0,7316,152.41,149.73,0.27,7.46,7.46,0.018,3,0,0,0.0,0.0,1
1960,150.0,7353,148.4,149.73,0.27,9.71,9.71,0.046,3,0,0,0.0,0.0,1
1970,150.0,7390,148.4,149.73,0.27,9.95,9.95,0.048,3,0,0,0.0,0.0,1
1980,150.0,7428,152.41,149.73,0.27,7.58,7.58,0.02,3,0,0,0.0,0.0,1
1990,150.0,7466,152.41,151.07,-1.07,7.22,7.22,0.016,3,0,0,0.0,0.0,1
2000,150.0,7503,148.4,151.07,-1.07,9.47,9.47,0.044,3,0,0,0.0,0.0,1
2010,150.0,7540,148.4,149.73,0.27,9.71,9.71,0.046,3,0,0,0.0,0.0,1
2020,150.0,7577,148.4,148.4,1.6,9.95,9.95,0.049,3,0,0,0.0,0.0,1
2030,150.0,7615,152.41,149.73,0.27,7.58,7.58,0.02,3,0,0,0.0,0.0,1
2040,150.0,7653,152.41,151.07,-1.07,7.22,7.22,0.016,3,0,0,0.0,0.0,1
2050,150.0,7690,148.4,151.07,-1.07,9.47,9.47,0.044,3,0,0,0.0,0.0,1
2060,150.0,7727,148.4,149.73,0.27,9.71,9.71,0.046,3,0,0,0.0,0.0,1
2070,150.0,7764,148.4,148.4,1.6,9.95,9.95,0.049,3,0,0,0.0,0.0,1
2080,150.0,7802,152.41,149.73,0.27,7.58,7.58,0.02,3,0,0,0.0,0.0,1
2090,150.0,7839,148.4,149.73,0.27,9.83,9.83,0.047,3,0,0,0.0,0.0,1
2100,150.0,7877,152.41,151.07,-1.07,7.46,7.46,0.018,3,0,0,0.0,0.0,1
2110,150.0,7914,148.4,149.73,0.27,9.71,9.71,0.046,3,0,0,0.0,0.0,1
2120,150.0,7952,152.41,151.07,-1.07,7.34,7.34,0.017,3,0,0,0.0,0.0,1
2130,150.0,7989,148.4,149.73,0.27,9.59,9.59,0.045,3,0,0,0.0,0.0,1
2140,150.0,8026,148.4,149.73,0.27,9.83,9.83,0.047,3,0,0,0.0,0.0,1
2150,150.0,8064,152.41,149.73,0.27,7.46,7.46,0.018,3,0,0,0.0,0.0,1
2160,150.0,8101,148.4,149.73,0.27,9.71,9.71,0.046,3,0,0,0.0,0.0,1
2170,150.0,8139,152.41,151.07,-1.07,7.34,7.34,0.017,3,0,0,0.0,0.0,1
2180,150.0,8176,148.4,149.73,0.27,9.59,9.59,0.045,3,0,0,0.0,0.0,1
2190,150.0,8213,148.4,149.73,0.27,9.83,9.83,0.047,3,0,0,0.0,0.0,1
2200,150.0,8251,152.41,149.73,0.27,7.46,7.46,0.018,3,0,0,0.0,0.0,1
2210,150.0,8288,148.4,149.73,0.27,9.71,9.71,0.046,3,0,0,0.0,0.0,1
2220,150.0,8326,152.41,151.07,-1.07,7.34,7.34,0.017,3,0,0,0.0,0.0,1
2230,150.0,8363,148.4,149.73,0.27,9.59,9.59,0.045,3,0,0,0.0,0.0,1
2240,150.0,8400,148.4,149.73,0.27,9.83,9.83,0.047,3,0,0,0.0,0.0,1
2250,150.0,8438,152.41,149.73,0.27,7.46,7.46,0.018,3,0,0,0.0,0.0,1
2260,150.0,8475,148.4,149.73,0.27,9.71,9.71,0.046,3,0,0,0.0,0.0,1
2270,150.0,8513,152.41,151.07,-1.07,7.34,7.34,0.017,3,0,0,0.0,0.0,1
2280,150.0,8550,148.4,149.73,0.27,9.59,9.59,0.045,3,0,0,0.0,0.0,1
2290,150.0,8587,148.4,149.73,0.27,9.83,9.83,0.047,3,0,0,0.0,0.0,1
2300,150.0,8625,152.41,149.73,0.27,7.46,7.46,0.018,3,0,0,0.0,0.0,1
2310,150.0,8662,148.4,149.73,0.27,9.71,9.71,0.046,3,0,0,0.0,0.0,1
2320,150.0,8700,152.41,151.07,-1.07,7.34,7.34,0.017,3,0,0,0.0,0.0,1
2330,150.0,8737,148.4,149.73,0.27,9.59,9.59,0.045,3,0,0,0.0,0.0,1
2340,150.0,8774,148.4,149.73,0.27,9.83,9.83,0.047,3,0,0,0.0,0.0,1
2350,150.0,8812,152.41,149.73,0.27,7.46,7.46,0.018,3,0,0,0.0,0.0,1
2360,150.0,8849,148.4,149.73,0.27,9.71,9.71,0.046,3,0,0,0.0,0.0,1
2370,150.0,8886,148.4,149.73,0.27,9.95,9.95,0.049,3,0,0,0.0,0.0,1
2380,150.0,8924,152.41,149.73,0.27,7.58,7.58,0.02,3,0,0,0.0,0.0,1
2390,150.0,8962,152.41,151.07,-1.07,7.22,7.22,0.016,3,0,0,0.0,0.0,1
2400,150.0,8999,148.4,151.07,-1.07,9.47,9.47,0.044,3,0,0,0.0,0.0,1
2410,150.0,9036,148.4,149.73,0.27,9.71,9.71,0.046,3,0,0,0.0,0.0,1
2420,150.0,9073,148.4,148.4,1.6,9.95,9.95,0.049,3,0,0,0.0,0.0,1
2430,150.0,9111,152.41,149.73,0.27,7.58,7.58,0.02,3,0,0,0.0,0.0,1
2440,150.0,9148,148.4,149.73,0.27,9.83,9.83,0.047,3,0,0,0.0,0.0,1
2450,150.0,9186,152.41,151.07,-1.07,7.46,7.46,0.018,3,0,0,0.0,0.0,1
2460,150.0,9223,148.4,149.73,0.27,9.71,9.71,0.046,3,0,0,0.0,0.0,1
2470,150.0,9261,152.41,151.07,-1.07,7.34,7.34,0.017,3,0,0,0.0,0.0,1
2480,150.0,9298,148.4,149.73,0.27,9.59,9.59,0.045,3,0,0,0.0,0.0,1
2490,150.0,9336,152.41,151.07,-1.07,7.22,7.22,0.016,3,0,0,0.0,0.0,1
2500,150.0,9373,148.4,149.73,0.27,9.47,9.47,0.044,3,0,0,0.0,0.0,1
2510,150.0,9410,148.4,149.73,0.27,9.71,9.71,0.046,3,0,0,0.0,0.0,1
2520,150.0,9447,148.4,148.4,1.6,9.95,9.95,0.049,3,0,0,0.0,0.0,1
2530,150.0,9485,152.41,149.73,0.27,7.58,7.58,0.02,3,0,0,0.0,0.0,1
2540,150.0,9522,148.4,149.73,0.27,9.83,9.83,0.047,3,0,0,0.0,0.0,1
2550,150.0,9560,152.41,151.07,-1.07,7.46,7.46,0.018,3,0,0,0.0,0.0,1
2560,150.0,9597,148.4,149.73,0.27,9.71,9.71,0.046,3,0,0,0.0,0.0,1
2570,150.0,9635,152.41,151.07,-1.07,7.34,7.34,0.017,3,0,0,0.0,0.0,1
2580,150.0,9672,148.4,149.73,0.27,9.59,9.59,0.045,3,0,0,0.0,0.0,1
2590,150.0,9709,148.4,149.73,0.27,9.83,9.83,0.047,3,0,0,0.0,0.0,1
2600,150.0,9747,152.41,149.73,0.27,7.46,7.46,0.018,3,0,0,0.0,0.0,1
2610,150.0,9784,148.4,149.73,0.27,9.71,9.71,0.046,3,0,0,0.0,0.0,1
2620,150.0,9822,152.41,151.07,-1.07,7.34,7.34,0.017,3,0,0,0.0,0.0,1
2630,150.0,9859,148.4,149.73,0.27,9.59,9.59,0.045,3,0,0,0.0,0.0,1
2640,150.0,9896,148.4,149.73,0.27,9.83,9.83,0.047,3,0,0,0.0,0.0,1
2650,150.0,9934,152.41,149.73,0.27,7.46,7.46,0.018,3,0,0,0.0,0.0,1
2660,150.0,9971,148.4,149.73,0.27,9.71,9.71,0.046,3,0,0,0.0,0.0,1
2670,150.0,10009,152.41,151.07,-1.07,7.34,7.34,0.017,3,0,0,0.0,0.0,1
2680,150.0,10046,148.4,149.73,0.27,9.59,9.59,0.045,3,0,0,0.0,0.0,1
2690,150.0,10083,148.4,149.73,0.27,9.83,9.83,0.047,3,0,0,0.0,0.0,1
2700,150.0,10121,152.41,149.73,0.27,7.46,7.46,0.018,3,0,0,0.0,0.0,1
2710,150.0,10158,148.4,149.73,0.27,9.71,9.71,0.046,3,0,0,0.0,0.0,1
2720,150.0,10195,148.4,149.73,0.27,9.95,9.95,0.048,3,0,0,0.0,0.0,1
2730,150.0,10233,152.41,149.73,0.27,7.58,7.58,0.02,3,0,0,0.0,0.0,1
2740,150.0,10271,152.41,151.07,-1.07,7.22,7.22,0.016,3,0,0,0.0,0.0,1
2750,150.0,10308,148.4,151.07,-1.07,9.47,9.47,0.044,3,0,0,0.0,0.0,1
2760,150.0,10345,148.4,149.73,0.27,9.71,9.71,0.046,3,0,0,0.0,0.0,1
2770,150.0,10382,148.4,148.4,1.6,9.95,9.95,0.049,3,0,0,0.0,0.0,1
2780,150.0,10420,152.41,149.73,0.27,7.58,7.58,0.02,3,0,0,0.0,0.0,1
2790,150.0,10458,152.41,151.07,-1.07,7.22,7.22,0.016,3,0,0,0.0,0.0,1
2800,150.0,10495,148.4,151.07,-1.07,9.47,9.47,0.044,3,0,0,0.0,0.0,1
2810,150.0,10532,148.4,149.73,0.27,9.71,9.71,0.046,3,0,0,0.0,0.0,1
2820,150.0,10569,148.4,148.4,1.6,9.95,9.95,0.049,3,0,0,0.0,0.0,1
2830,150.0,10607,152.41,149.73,0.27,7.58,7.58,0.02,3,0,0,0.0,0.0,1
2840,150.0,10644,148.4,149.73,0.27,9.83,9.83,0.047,3,0,0,0.0,0.0,1
2850,150.0,10682,152.41,151.07,-1.07,7.46,7.46,0.018,3,0,0,0.0,0.0,1
2860,150.0,10719,148.4,149.73,0.27,9.71,9.71,0.046,3,0,0,0.0,0.0,1
2870,150.0,10757,152.41,151.07,-1.07,7.34,7.34,0.017,3,0,0,0.0,0.0,1
2880,150.0,10794,148.4,149.73,0.27,9.59,9.59,0.045,3,0,0,0.0,0.0,1
2890,150.0,10832,152.41,151.07,-1.07,7.22,7.22,0.016,3,0,0,0.0,0.0,1
2900,150.0,10869,148.4,149.73,0.27,9.47,9.47,0.044,3,0,0,0.0,0.0,1
2910,150.0,10906,148.4,149.73,0.27,9.71,9.71,0.046,3,0,0,0.0,0.0,1
2920,150.0,10943,148.4,148.4,1.6,9.95,9.95,0.049,3,0,0,0.0,0.0,1
2930,150.0,10981,152.41,149.73,0.27,7.58,7.58,0.02,3,0,0,0.0,0.0,1
2940,150.0,11018,148.4,149.73,0.27,9.83,9.83,0.047,3,0,0,0.0,0.0,1
2950,150.0,11056,152.41,151.07,-1.07,7.46,7.46,0.018,3,0,0,0.0,0.0,1
2960,150.0,11093,148.4,149.73,0.27,9.71,9.71,0.046,3,0,0,0.0,0.0,1
2970,150.0,11131,152.41,151.07,-1.07,7.34,7.34,0.017,3,0,0,0.0,0.0,1
2980,150.0,11168,148.4,149.73,0.27,9.59,9.59,0.045,3,0,0,0.0,0.0,1
2990,150.0,11205,148.4,149.73,0.27,9.83,9.83,0.047,3,0,0,0.0,0.0,1
3000,150.0,11243,152.41,149.73,0.27,7.46,7.46,0.018,3,0,1,1.0,0.01,1
3010,150.0,11275,128.34,143.05,6.95,22.74,22.74,0.211,3,0,1,1.0,0.01,1
3020,150.0,11307,128.34,136.36,13.64,25.99,25.99,0.252,3,0,1,1.0,0.01,1
3030,150.0,11339,128.34,128.34,21.66,29.24,29.24,0.291,3,0,1,1.0,0.01,1
3040,150.0,11371,128.34,128.34,21.66,32.49,32.49,0.328,3,0,1,1.0,0.01,1
3050,150.0,11405,136.36,131.02,18.98,30.52,30.52,0.302,3,0,1,1.0,0.01,1
3060,150.0,11440,140.37,135.03,14.97,29.96,29.96,0.293,3,0,1,1.0,0.01,1
3070,150.0,11476,144.39,140.37,9.63,28.8,28.8,0.278,3,0,1,1.0,0.01,1
3080,150.0,11513,148.4,144.39,5.61,27.03,27.03,0.256,3,0,1,1.0,0.01,1
3090,150.0,11549,144.39,145.72,4.28,29.88,29.88,0.29,3,0,1,1.0,0.01,1
3100,150.0,11586,148.4,147.06,2.94,28.11,28.11,0.267,3,0,1,1.0,0.01,1
3110,150.0,11624,152.41,148.4,1.6,25.75,25.75,0.238,3,0,1,1.0,0.01,1
3120,150.0,11660,144.39,148.4,1.6,30.6,30.6,0.297,3,0,1,1.0,0.01,1
3130,150.0,11698,152.41,149.73,0.27,26.23,26.23,0.243,3,0,1,1.0,0.01,1
3140,150.0,11736,152.41,149.73,0.27,25.87,25.87,0.24,3,0,1,1.0,0.01,1
3150,150.0,11773,148.4,151.07,-1.07,28.11,28.11,0.267,3,0,1,1.0,0.01,1
3160,150.0,11810,148.4,149.73,0.27,28.36,28.36,0.27,3,0,1,1.0,0.01,1
3170,150.0,11848,152.41,149.73,0.27,25.99,25.99,0.241,3,0,1,1.0,0.01,1
3180,150.0,11885,148.4,149.73,0.27,28.24,28.24,0.268,3,0,1,1.0,0.01,1
3190,150.0,11923,152.41,151.07,-1.07,25.87,25.87,0.24,3,0,1,1.0,0.01,1
3200,150.0,11960,148.4,149.73,0.27,28.11,28.11,0.267,3,0,1,1.0,0.01,1
3210,150.0,11997,148.4,149.73,0.27,28.36,28.36,0.27,3,0,1,1.0,0.01,1
3220,150.0,12035,152.41,149.73,0.27,25.99,25.99,0.241,3,0,1,1.0,0.01,1
3230,150.0,12072,148.4,149.73,0.27,28.24,28.24,0.268,3,0,1,1.0,0.01,1
3240,150.0,12110,152.41,151.07,-1.07,25.87,25.87,0.24,3,0,1,1.0,0.01,1
3250,150.0,12147,148.4,149.73,0.27,28.11,28.11,0.267,3,0,1,1.0,0.01,1
3260,150.0,12184,148.4,149.73,0.27,28.36,28.36,0.27,3,0,1,1.0,0.01,1
3270,150.0,12222,152.41,149.73,0.27,25.99,25.99,0.241,3,0,1,1.0,0.01,1
3280,150.0,12259,148.4,149.73,0.27,28.24,28.24,0.268,3,0,1,1.0,0.01,1
3290,150.0,12296,148.4,149.73,0.27,28.48,28.48,0.271,3,0,1,1.0,0.01,1
3300,150.0,12334,152.41,149.73,0.27,26.11,26.11,0.242,3,0,1,1.0,0.01,1
3310,150.0,12372,152.41,151.07,-1.07,25.75,25.75,0.238,3,0,1,1.0,0.01,1
3320,150.0,12409,148.4,151.07,-1.07,27.99,27.99,0.266,3,0,1,1.0,0.01,1
3330,150.0,12446,148.4,149.73,0.27,28.24,28.24,0.268,3,0,1,1.0,0.01,1
3340,150.0,12484,152.41,149.73,0.27,25.87,25.87,0.24,3,0,1,1.0,0.01,1
3350,150.0,12521,148.4,149.73,0.27,28.11,28.11,0.267,3,0,1,1.0,0.01,1
3360,150.0,12558,148.4,149.73,0.27,28.36,28.36,0.27,3,0,1,1.0,0.01,1
3370,150.0,12596,152.41,149.73,0.27,25.99,25.99,0.241,3,0,1,1.0,0.01,1
3380,150.0,12633,148.4,149.73,0.27,28.24,28.24,0.268,3,0,1,1.0,0.01,1
3390,150.0,12670,148.4,149.73,0.27,28.48,28.48,0.271,3,0,1,1.0,0.01,1
3400,150.0,12708,152.41,149.73,0.27,26.11,26.11,0.242,3,0,1,1.0,0.01,1
3410,150.0,12746,152.41,151.07,-1.07,25.75,25.75,0.238,3,0,1,1.0,0.01,1
3420,150.0,12783,148.4,151.07,-1.07,27.99,27.99,0.266,3,0,1,1.0,0.01,1
3430,150.0,12820,148.4,149.73,0.27,28.24,28.24,0.268,3,0,1,1.0,0.01,1
3440,150.0,12857,148.4,148.4,1.6,28.48,28.48,0.271,3,0,1,1.0,0.01,1
3450,150.0,12895,152.41,149.73,0.27,26.11,26.11,0.242,3,0,1,1.0,0.01,1
3460,150.0,12933,152.41,151.07,-1.07,25.75,25.75,0.238,3,0,1,1.0,0.01,1
3470,150.0,12970,148.4,151.07,-1.07,27.99,27.99,0.266,3,0,1,1.0,0.01,1
3480,150.0,13007,148.4,149.73,0.27,28.24,28.24,0.268,3,0,1,1.0,0.01,1
3490,150.0,13044,148.4,148.4,1.6,28.48,28.48,0.271,3,0,1,1.0,0.01,1
3500,150.0,13082,152.41,149.73,0.27,26.11,26.11,0.242,3,0,1,1.0,0.01,1
3510,150.0,13120,152.41,151.07,-1.07,25.75,25.75,0.238,3,0,1,1.0,0.01,1
3520,150.0,13157,148.4,151.07,-1.07,27.99,27.99,0.266,3,0,1,1.0,0.01,1
3530,150.0,13194,148.4,149.73,0.27,28.24,28.24,0.268,3,0,1,1.0,0.01,1
3540,150.0,13231,148.4,148.4,1.6,28.48,28.48,0.271,3,0,1,1.0,0.01,1
3550,150.0,13269,152.41,149.73,0.27,26.11,26.11,0.242,3,0,1,1.0,0.01,1
3560,150.0,13307,152.41,151.07,-1.07,25.75,25.75,0.238,3,0,1,1.0,0.01,1
3570,150.0,13344,148.4,151.07,-1.07,27.99,27.99,0.266,3,0,1,1.0,0.01,1
3580,150.0,13381,148.4,149.73,0.27,28.24,28.24,0.268,3,0,1,1.0,0.01,1
3590,150.0,13418,148.4,148.4,1.6,28.48,28.48,0.271,3,0,1,1.0,0.01,1
3600,150.0,13456,152.41,149.73,0.27,26.11,26.11,0.242,3,0,1,1.0,0.01,1
3610,150.0,13494,152.41,151.07,-1.07,25.75,25.75,0.238,3,0,1,1.0,0.01,1
3620,150.0,13531,148.4,151.07,-1.07,27.99,27.99,0.266,3,0,1,1.0,0.01,1
3630,150.0,13568,148.4,149.73,0.27,28.24,28.24,0.268,3,0,1,1.0,0.01,1
3640,150.0,13605,148.4,148.4,1.6,28.48,28.48,0.271,3,0,1,1.0,0.01,1
3650,150.0,13643,152.41,149.73,0.27,26.11,26.11,0.242,3,0,1,1.0,0.01,1
3660,150.0,13680,148.4,149.73,0.27,28.36,28.36,0.27,3,0,1,1.0,0.01,1
3670,150.0,13718,152.41,151.07,-1.07,25.99,25.99,0.241,3,0,1,1.0,0.01,1
3680,150.0,13756,152.41,151.07,-1.07,25.63,25.63,0.237,3,0,1,1.0,0.01,1
3690,150.0,13792,144.39,149.73,0.27,30.48,30.48,0.296,3,0,1,1.0,0.01,1
3700,150.0,13830,152.41,149.73,0.27,26.11,26.11,0.242,3,0,1,1.0,0.01,1
3710,150.0,13868,152.41,149.73,0.27,25.75,25.75,0.238,3,0,1,1.0,0.01,1
3720,150.0,13905,148.4,151.07,-1.07,27.99,27.99,0.266,3,0,1,1.0,0.01,1
3730,150.0,13942,148.4,149.73,0.27,28.24,28.24,0.268,3,0,1,1.0,0.01,1
3740,150.0,13979,148.4,148.4,1.6,28.48,28.48,0.271,3,0,1,1.0,0.01,1
3750,150.0,14017,152.41,149.73,0.27,26.11,26.11,0.242,3,0,1,1.0,0.01,1
3760,150.0,14054,148.4,149.73,0.27,28.36,28.36,0.27,3,0,1,1.0,0.01,1
3770,150.0,14092,152.41,151.07,-1.07,25.99,25.99,0.241,3,0,1,1.0,0.01,1
3780,150.0,14129,148.4,149.73,0.27,28.24,28.24,0.268,3,0,1,1.0,0.01,1
3790,150.0,14167,152.41,151.07,-1.07,25.87,25.87,0.239,3,0,1,1.0,0.01,1
3800,150.0,14204,148.4,149.73,0.27,28.11,28.11,0.267,3,0,1,1.0,0.01,1
3810,150.0,14242,152.41,151.07,-1.07,25.75,25.75,0.238,3,0,1,1.0,0.01,1
3820,150.0,14279,148.4,149.73,0.27,27.99,27.99,0.266,3,0,1,1.0,0.01,1
3830,150.0,14316,148.4,149.73,0.27,28.24,28.24,0.269,3,0,1,1.0,0.01,1
3840,150.0,14353,148.4,148.4,1.6,28.48,28.48,0.271,3,0,1,1.0,0.01,1
3850,150.0,14391,152.41,149.73,0.27,26.11,26.11,0.242,3,0,1,1.0,0.01,1
3860,150.0,14428,148.4,149.73,0.27,28.36,28.36,0.27,3,0,1,1.0,0.01,1
3870,150.0,14466,152.41,151.07,-1.07,25.99,25.99,0.241,3,0,1,1.0,0.01,1
3880,150.0,14503,148.4,149.73,0.27,28.24,28.24,0.268,3,0,1,1.0,0.01,1
3890,150.0,14541,152.41,151.07,-1.07,25.87,25.87,0.239,3,0,1,1.0,0.01,1
3900,150.0,14578,148.4,149.73,0.27,28.11,28.11,0.267,3,0,1,1.0,0.01,1
3910,150.0,14616,152.41,151.07,-1.07,25.75,25.75,0.238,3,0,1,1.0,0.01,1
3920,150.0,14653,148.4,149.73,0.27,27.99,27.99,0.266,3,0,1,1.0,0.01,1
3930,150.0,14690,148.4,149.73,0.27,28.24,28.24,0.269,3,0,1,1.0,0.01,1
3940,150.0,14727,148.4,148.4,1.6,28.48,28.48,0.271,3,0,1,1.0,0.01,1
3950,150.0,14765,152.41,149.73,0.27,26.11,26.11,0.242,3,0,1,1.0,0.01,1
3960,150.0,14802,148.4,149.73,0.27,28.36,28.36,0.27,3,0,1,1.0,0.01,1
3970,150.0,14840,152.41,151.07,-1.07,25.99,25.99,0.241,3,0,1,1.0,0.01,1
3980,150.0,14877,148.4,149.73,0.27,28.24,28.24,0.268,3,0,1,1.0,0.01,1
3990,150.0,14915,152.41,151.07,-1.07,25.87,25.87,0.239,3,0,1,1.0,0.01,1
4000,150.0,14952,148.4,149.73,0.27,28.11,28.11,0.267,3,0,1,1.0,0.01,1
4010,150.0,14989,148.4,149.73,0.27,28.36,28.36,0.27,3,0,1,1.0,0.01,1
4020,150.0,15027,152.41,149.73,0.27,25.99,25.99,0.241,3,0,1,1.0,0.01,1
4030,150.0,15064,148.4,149.73,0.27,28.24,28.24,0.268,3,0,1,1.0,0.01,1
4040,150.0,15102,152.41,151.07,-1.07,25.87,25.87,0.239,3,0,1,1.0,0.01,1
4050,150.0,15139,148.4,149.73,0.27,28.11,28.11,0.267,3,0,1,1.0,0.01,1
4060,150.0,15176,148.4,149.73,0.27,28.36,28.36,0.27,3,0,1,1.0,0.01,1
4070,150.0,15214,152.41,149.73,0.27,25.99,25.99,0.241,3,0,1,1.0,0.01,1
4080,150.0,15251,148.4,149.73,0.27,28.24,28.24,0.268,3,0,1,1.0,0.01,1
4090,150.0,15289,152.41,151.07,-1.07,25.87,25.87,0.239,3,0,1,1.0,0.01,1
4100,150.0,15326,148.4,149.73,0.27,28.11,28.11,0.267,3,0,1,1.0,0.01,1
4110,150.0,15363,148.4,149.73,0.27,28.36,28.36,0.27,3,0,1,1.0,0.01,1
4120,150.0,15401,152.41,149.73,0.27,25.99,25.99,0.241,3,0,1,1.0,0.01,1
4130,150.0,15438,148.4,149.73,0.27,28.24,28.24,0.268,3,0,1,1.0,0.01,1
4140,150.0,15476,152.41,151.07,-1.07,25.87,25.87,0.239,3,0,1,1.0,0.01,1
4150,150.0,15513,148.4,149.73,0.27,28.11,28.11,0.267,3,0,1,1.0,0.01,1
4160,150.0,15550,148.4,149.73,0.27,28.36,28.36,0.27,3,0,1,1.0,0.01,1
4170,150.0,15588,152.41,149.73,0.27,25.99,25.99,0.241,3,0,1,1.0,0.01,1
4180,150.0,15625,148.4,149.73,0.27,28.24,28.24,0.268,3,0,1,1.0,0.01,1
4190,150.0,15663,152.41,151.07,-1.07,25.87,25.87,0.24,3,0,1,1.0,0.01,1
4200,150.0,15700,148.4,149.73,0.27,28.11,28.11,0.267,3,0,1,1.0,0.01,1
4210,150.0,15737,148.4,149.73,0.27,28.36,28.36,0.27,3,0,1,1.0,0.01,1
4220,150.0,15775,152.41,149.73,0.27,25.99,25.99,0.241,3,0,1,1.0,0.01,1
4230,150.0,15812,148.4,149.73,0.27,28.24,28.24,0.268,3,0,1,1.0,0.01,1
4240,150.0,15850,152.41,151.07,-1.07,25.87,25.87,0.24,3,0,1,1.0,0.01,1
4250,150.0,15887,148.4,149.73,0.27,28.11,28.11,0.267,3,0,1,1.0,0.01,1
4260,150.0,15924,148.4,149.73,0.27,28.36,28.36,0.27,3,0,1,1.0,0.01,1
4270,150.0,15962,152.41,149.73,0.27,25.99,25.99,0.241,3,0,1,1.0,0.01,1
4280,150.0,15999,148.4,149.73,0.27,28.24,28.24,0.268,3,0,1,1.0,0.01,1
4290,150.0,16037,152.41,151.07,-1.07,25.87,25.87,0.24,3,0,1,1.0,0.01,1
4300,150.0,16074,148.4,149.73,0.27,28.11,28.11,0.267,3,0,1,1.0,0.01,1
4310,150.0,16111,148.4,149.73,0.27,28.36,28.36,0.27,3,0,1,1.0,0.01,1
4320,150.0,16149,152.41,149.73,0.27,25.99,25.99,0.241,3,0,1,1.0,0.01,1
4330,150.0,16186,148.4,149.73,0.27,28.24,28.24,0.268,3,0,1,1.0,0.01,1
4340,150.0,16224,152.41,151.07,-1.07,25.87,25.87,0.24,3,0,1,1.0,0.01,1
4350,150.0,16261,148.4,149.73,0.27,28.11,28.11,0.267,3,0,1,1.0,0.01,1
4360,150.0,16298,148.4,149.73,0.27,28.36,28.36,0.27,3,0,1,1.0,0.01,1
4370,150.0,16336,152.41,149.73,0.27,25.99,25.99,0.241,3,0,1,1.0,0.01,1
4380,150.0,16373,148.4,149.73,0.27,28.24,28.24,0.268,3,0,1,1.0,0.01,1
4390,150.0,16411,152.41,151.07,-1.07,25.87,25.87,0.24,3,0,1,1.0,0.01,1
4400,150.0,16448,148.4,149.73,0.27,28.11,28.11,0.267,3,0,1,1.0,0.01,1
4410,150.0,16485,148.4,149.73,0.27,28.36,28.36,0.27,3,0,1,1.0,0.01,1
4420,150.0,16523,152.41,149.73,0.27,25.99,25.99,0.241,3,0,1,1.0,0.01,1
4430,150.0,16560,148.4,149.73,0.27,28.24,28.24,0.268,3,0,1,1.0,0.01,1
4440,150.0,16597,148.4,149.73,0.27,28.48,28.48,0.271,3,0,1,1.0,0.01,1
4450,150.0,16635,152.41,149.73,0.27,26.11,26.11,0.242,3,0,1,1.0,0.01,1
4460,150.0,16673,152.41,151.07,-1.07,25.75,25.75,0.238,3,0,1,1.0,0.01,1
4470,150.0,16710,148.4,151.07,-1.07,27.99,27.99,0.266,3,0,1,1.0,0.01,1
4480,150.0,16747,148.4,149.73,0.27,28.24,28.24,0.268,3,0,1,1.0,0.01,1
4490,150.0,16785,152.41,149.73,0.27,25.87,25.87,0.24,3,0,1,1.0,0.01,1
4500,150.0,16822,148.4,149.73,0.27,28.11,28.11,0.267,3,0,1,1.0,0.01,1
4510,150.0,16859,148.4,149.73,0.27,28.36,28.36,0.27,3,0,1,1.0,0.01,1
4520,150.0,16897,152.41,149.73,0.27,25.99,25.99,0.241,3,0,1,1.0,0.01,1
4530,150.0,16934,148.4,149.73,0.27,28.24,28.24,0.268,3,0,1,1.0,0.01,1
4540,150.0,16971,148.4,149.73,0.27,28.48,28.48,0.271,3,0,1,1.0,0.01,1
4550,150.0,17009,152.41,149.73,0.27,26.11,26.11,0.242,3,0,1,1.0,0.01,1
4560,150.0,17047,152.41,151.07,-1.07,25.75,25.75,0.238,3,0,1,1.0,0.01,1
4570,150.0,17084,148.4,151.07,-1.07,27.99,27.99,0.266,3,0,1,1.0,0.01,1
4580,150.0,17121,148.4,149.73,0.27,28.24,28.24,0.268,3,0,1,1.0,0.01,1
4590,150.0,17158,148.4,148.4,1.6,28.48,28.48,0.271,3,0,1,1.0,0.01,1
4600,150.0,17196,152.41,149.73,0.27,26.11,26.11,0.242,3,0,1,1.0,0.01,1
4610,150.0,17234,152.41,151.07,-1.07,25.75,25.75,0.238,3,0,1,1.0,0.01,1
4620,150.0,17271,148.4,151.07,-1.07,27.99,27.99,0.266,3,0,1,1.0,0.01,1
4630,150.0,17308,148.4,149.73,0.27,28.24,28.24,0.268,3,0,1,1.0,0.01,1
4640,150.0,17345,148.4,148.4,1.6,28.48,28.48,0.271,3,0,1,1.0,0.01,1
4650,150.0,17383,152.41,149.73,0.27,26.11,26.11,0.242,3,0,1,1.0,0.01,1
4660,150.0,17421,152.41,151.07,-1.07,25.75,25.75,0.238,3,0,1,1.0,0.01,1
4670,150.0,17458,148.4,151.07,-1.07,27.99,27.99,0.266,3,0,1,1.0,0.01,1
4680,150.0,17495,148.4,149.73,0.27,28.24,28.24,0.268,3,0,1,1.0,0.01,1
4690,150.0,17532,148.4,148.4,1.6,28.48,28.48,0.271,3,0,1,1.0,0.01,1
4700,150.0,17570,152.41,149.73,0.27,26.11,26.11,0.242,3,0,1,1.0,0.01,1
4710,150.0,17608,152.41,151.07,-1.07,25.75,25.75,0.238,3,0,1,1.0,0.01,1
4720,150.0,17645,148.4,151.07,-1.07,27.99,27.99,0.266,3,0,1,1.0,0.01,1
4730,150.0,17682,148.4,149.73,0.27,28.24,28.24,0.268,3,0,1,1.0,0.01,1
4740,150.0,17719,148.4,148.4,1.6,28.48,28.48,0.271,3,0,1,1.0,0.01,1
4750,150.0,17757,152.41,149.73,0.27,26.11,26.11,0.242,3,0,1,1.0,0.01,1
4760,150.0,17795,152.41,151.07,-1.07,25.75,25.75,0.238,3,0,1,1.0,0.01,1
4770,150.0,17832,148.4,151.07,-1.07,27.99,27.99,0.266,3,0,1,1.0,0.01,1
4780,150.0,17869,148.4,149.73,0.27,28.24,28.24,0.268,3,0,1,1.0,0.01,1
4790,150.0,17906,148.4,148.4,1.6,28.48,28.48,0.271,3,0,1,1.0,0.01,1
4800,150.0,17944,152.41,149.73,0.27,26.11,26.11,0.242,3,0,1,1.0,0.01,1
4810,150.0,17982,152.41,151.07,-1.07,25.75,25.75,0.238,3,0,1,1.0,0.01,1
4820,150.0,18019,148.4,151.07,-1.07,27.99,27.99,0.266,3,0,1,1.0,0.01,1
4830,150.0,18056,148.4,149.73,0.27,28.24,28.24,0.268,3,0,1,1.0,0.01,1
4840,150.0,18093,148.4,148.4,1.6,28.48,28.48,0.271,3,0,1,1.0,0.01,1
4850,150.0,18131,152.41,149.73,0.27,26.11,26.11,0.242,3,0,1,1.0,0.01,1
4860,150.0,18168,148.4,149.73,0.27,28.36,28.36,0.27,3,0,1,1.0,0.01,1
4870,150.0,18206,152.41,151.07,-1.07,25.99,25.99,0.241,3,0,1,1.0,0.01,1
4880,150.0,18244,152.41,151.07,-1.07,25.63,25.63,0.237,3,0,1,1.0,0.01,1
4890,150.0,18280,144.39,149.73,0.27,30.48,30.48,0.296,3,0,1,1.0,0.01,1
4900,150.0,18318,152.41,149.73,0.27,26.11,26.11,0.242,3,0,1,1.0,0.01,1
4910,150.0,18356,152.41,149.73,0.27,25.75,25.75,0.238,3,0,1,1.0,0.01,1
4920,150.0,18393,148.4,151.07,-1.07,27.99,27.99,0.266,3,0,1,1.0,0.01,1
4930,150.0,18430,148.4,149.73,0.27,28.24,28.24,0.268,3,0,1,1.0,0.01,1
4940,150.0,18467,148.4,148.4,1.6,28.48,28.48,0.271,3,0,1,1.0,0.01,1
4950,150.0,18505,152.41,149.73,0.27,26.11,26.11,0.242,3,0,1,1.0,0.01,1
4960,150.0,18542,148.4,149.73,0.27,28.36,28.36,0.27,3,0,1,1.0,0.01,1
4970,150.0,18580,152.41,151.07,-1.07,25.99,25.99,0.241,3,0,1,1.0,0.01,1
4980,150.0,18617,148.4,149.73,0.27,28.24,28.24,0.268,3,0,1,1.0,0.01,1
4990,150.0,18655,152.41,151.07,-1.07,25.87,25.87,0.239,3,0,1,1.0,0.01,1
5000,150.0,18692,148.4,149.73,0.27,28.11,28.11,0.267,3,0,1,1.0,0.01,1
5010,150.0,18730,152.41,151.07,-1.07,25.75,25.75,0.238,3,0,1,1.0,0.01,1
5020,150.0,18767,148.4,149.73,0.27,27.99,27.99,0.266,3,0,1,1.0,0.01,1
5030,150.0,18804,148.4,149.73,0.27,28.24,28.24,0.269,3,0,1,1.0,0.01,1
5040,150.0,18841,148.4,148.4,1.6,28.48,28.48,0.271,3,0,1,1.0,0.01,1
5050,150.0,18879,152.41,149.73,0.27,26.11,26.11,0.242,3,0,1,1.0,0.01,1
5060,150.0,18916,148.4,149.73,0.27,28.36,28.36,0.27,3,0,1,1.0,0.01,1
5070,150.0,18954,152.41,151.07,-1.07,25.99,25.99,0.241,3,0,1,1.0,0.01,1
5080,150.0,18991,148.4,149.73,0.27,28.24,28.24,0.268,3,0,1,1.0,0.01,1
5090,150.0,19029,152.41,151.07,-1.07,25.87,25.87,0.239,3,0,1,1.0,0.01,1
5100,150.0,19066,148.4,149.73,0.27,28.11,28.11,0.267,3,0,1,1.0,0.01,1
5110,150.0,19104,152.41,151.07,-1.07,25.75,25.75,0.238,3,0,1,1.0,0.01,1
5120,150.0,19141,148.4,149.73,0.27,27.99,27.99,0.266,3,0,1,1.0,0.01,1
5130,150.0,19178,148.4,149.73,0.27,28.24,28.24,0.269,3,0,1,1.0,0.01,1
5140,150.0,19215,148.4,148.4,1.6,28.48,28.48,0.271,3,0,1,1.0,0.01,1
5150,150.0,19253,152.41,149.73,0.27,26.11,26.11,0.242,3,0,1,1.0,0.01,1
5160,150.0,19290,148.4,149.73,0.27,28.36,28.36,0.27,3,0,1,1.0,0.01,1
5170,150.0,19328,152.41,151.07,-1.07,25.99,25.99,0.241,3,0,1,1.0,0.01,1
5180,150.0,19365,148.4,149.73,0.27,28.24,28.24,0.268,3,0,1,1.0,0.01,1
5190,150.0,19403,152.41,151.07,-1.07,25.87,25.87,0.239,3,0,1,1.0,0.01,1
5200,150.0,19440,148.4,149.73,0.27,28.11,28.11,0.267,3,0,1,1.0,0.01,1
5210,150.0,19477,148.4,149.73,0.27,28.36,28.36,0.27,3,0,1,1.0,0.01,1
5220,150.0,19515,152.41,149.73,0.27,25.99,25.99,0.241,3,0,1,1.0,0.01,1
5230,150.0,19552,148.4,149.73,0.27,28.24,28.24,0.268,3,0,1,1.0,0.01,1
5240,150.0,19590,152.41,151.07,-1.07,25.87,25.87,0.239,3,0,1,1.0,0.01,1
5250,150.0,19627,148.4,149.73,0.27,28.11,28.11,0.267,3,0,1,1.0,0.01,1
5260,150.0,19664,148.4,149.73,0.27,28.36,28.36,0.27,3,0,1,1.0,0.01,1
5270,150.0,19702,152.41,149.73,0.27,25.99,25.99,0.241,3,0,1,1.0,0.01,1
5280,150.0,19739,148.4,149.73,0.27,28.24,28.24,0.268,3,0,1,1.0,0.01,1
5290,150.0,19777,152.41,151.07,-1.07,25.87,25.87,0.239,3,0,1,1.0,0.01,1
5300,150.0,19814,148.4,149.73,0.27,28.11,28.11,0.267,3,0,1,1.0,0.01,1
5310,150.0,19851,148.4,149.73,0.27,28.36,28.36,0.27,3,0,1,1.0,0.01,1
5320,150.0,19889,152.41,149.73,0.27,25.99,25.99,0.241,3,0,1,1.0,0.01,1
5330,150.0,19926,148.4,149.73,0.27,28.24,28.24,0.268,3,0,1,1.0,0.01,1
5340,150.0,19964,152.41,151.07,-1.07,25.87,25.87,0.239,3,0,1,1.0,0.01,1
5350,150.0,20001,148.4,149.73,0.27,28.11,28.11,0.267,3,0,1,1.0,0.01,1
5360,150.0,20038,148.4,149.73,0.27,28.36,28.36,0.27,3,0,1,1.0,0.01,1
5370,150.0,20076,152.41,149.73,0.27,25.99,25.99,0.241,3,0,1,1.0,0.01,1
5380,150.0,20113,148.4,149.73,0.27,28.24,28.24,0.268,3,0,1,1.0,0.01,1
5390,150.0,20151,152.41,151.07,-1.07,25.87,25.87,0.24,3,0,1,1.0,0.01,1
5400,150.0,20188,148.4,149.73,0.27,28.11,28.11,0.267,3,0,1,1.0,0.01,1
5410,150.0,20225,148.4,149.73,0.27,28.36,28.36,0.27,3,0,1,1.0,0.01,1
5420,150.0,20263,152.41,149.73,0.27,25.99,25.99,0.241,3,0,1,1.0,0.01,1
5430,150.0,20300,148.4,149.73,0.27,28.24,28.24,0.268,3,0,1,1.0,0.01,1
5440,150.0,20338,152.41,151.07,-1.07,25.87,25.87,0.24,3,0,1,1.0,0.01,1
5450,150.0,20375,148.4,149.73,0.27,28.11,28.11,0.267,3,0,1,1.0,0.01,1
5460,150.0,20412,148.4,149.73,0.27,28.36,28.36,0.27,3,0,1,1.0,0.01,1
5470,150.0,20450,152.41,149.73,0.27,25.99,25.99,0.241,3,0,1,1.0,0.01,1
5480,150.0,20487,148.4,149.73,0.27,28.24,28.24,0.268,3,0,1,1.0,0.01,1
5490,150.0,20525,152.41,151.07,-1.07,25.87,25.87,0.24,3,0,1,1.0,0.01,1
5500,150.0,20562,148.4,149.73,0.27,28.11,28.11,0.267,3,0,1,1.0,0.01,1
5510,150.0,20599,148.4,149.73,0.27,28.36,28.36,0.27,3,0,1,1.0,0.01,1
5520,150.0,20637,152.41,149.73,0.27,25.99,25.99,0.241,3,0,1,1.0,0.01,1
5530,150.0,20674,148.4,149.73,0.27,28.24,28.24,0.268,3,0,1,1.0,0.01,1
5540,150.0,20712,152.41,151.07,-1.07,25.87,25.87,0.24,3,0,1,1.0,0.01,1
5550,150.0,20749,148.4,149.73,0.27,28.11,28.11,0.267,3,0,1,1.0,0.01,1
5560,150.0,20786,148.4,149.73,0.27,28.36,28.36,0.27,3,0,1,1.0,0.01,1
5570,150.0,20824,152.41,149.73,0.27,25.99,25.99,0.241,3,0,1,1.0,0.01,1
5580,150.0,20861,148.4,149.73,0.27,28.24,28.24,0.268,3,0,1,1.0,0.01,1
5590,150.0,20899,152.41,151.07,-1.07,25.87,25.87,0.24,3,0,1,1.0,0.01,1
5600,150.0,20936,148.4,149.73,0.27,28.11,28.11,0.267,3,0,1,1.0,0.01,1
5610,150.0,20973,148.4,149.73,0.27,28.36,28.36,0.27,3,0,1,1.0,0.01,1
5620,150.0,21011,152.41,149.73,0.27,25.99,25.99,0.241,3,0,1,1.0,0.01,1
5630,150.0,21048,148.4,149.73,0.27,28.24,28.24,0.268,3,0,1,1.0,0.01,1
5640,150.0,21085,148.4,149.73,0.27,28.48,28.48,0.271,3,0,1,1.0,0.01,1
5650,150.0,21123,152.41,149.73,0.27,26.11,26.11,0.242,3,0,1,1.0,0.01,1
5660,150.0,21161,152.41,151.07,-1.07,25.75,25.75,0.238,3,0,1,1.0,0.01,1
5670,150.0,21198,148.4,151.07,-1.07,27.99,27.99,0.266,3,0,1,1.0,0.01,1
5680,150.0,21235,148.4,149.73,0.27,28.24,28.24,0.268,3,0,1,1.0,0.01,1
5690,150.0,21273,152.41,149.73,0.27,25.87,25.87,0.24,3,0,1,1.0,0.01,1
5700,150.0,21310,148.4,149.73,0.27,28.11,28.11,0.267,3,0,1,1.0,0.01,1
5710,150.0,21347,148.4,149.73,0.27,28.36,28.36,0.27,3,0,1,1.0,0.01,1
5720,150.0,21385,152.41,149.73,0.27,25.99,25.99,0.241,3,0,1,1.0,0.01,1
5730,150.0,21422,148.4,149.73,0.27,28.24,28.24,0.268,3,0,1,1.0,0.01,1
5740,150.0,21459,148.4,149.73,0.27,28.48,28.48,0.271,3,0,1,1.0,0.01,1
5750,150.0,21497,152.41,149.73,0.27,26.11,26.11,0.242,3,0,1,1.0,0.01,1
5760,150.0,21535,152.41,151.07,-1.07,25.75,25.75,0.238,3,0,1,1.0,0.01,1
5770,150.0,21572,148.4,151.07,-1.07,27.99,27.99,0.266,3,0,1,1.0,0.01,1
5780,150.0,21609,148.4,149.73,0.27,28.24,28.24,0.268,3,0,1,1.0,0.01,1
5790,150.0,21646,148.4,148.4,1.6,28.48,28.48,0.271,3,0,1,1.0,0.01,1
5800,150.0,21684,152.41,149.73,0.27,26.11,26.11,0.242,3,0,1,1.0,0.01,1
5810,150.0,21722,152.41,151.07,-1.07,25.75,25.75,0.238,3,0,1,1.0,0.01,1
5820,150.0,21759,148.4,151.07,-1.07,27.99,27.99,0.266,3,0,1,1.0,0.01,1
5830,150.0,21796,148.4,149.73,0.27,28.24,28.24,0.268,3,0,1,1.0,0.01,1
5840,150.0,21833,148.4,148.4,1.6,28.48,28.48,0.271,3,0,1,1.0,0.01,1
5850,150.0,21871,152.41,149.73,0.27,26.11,26.11,0.242,3,0,1,1.0,0.01,1
5860,150.0,21909,152.41,151.07,-1.07,25.75,25.75,0.238,3,0,1,1.0,0.01,1
5870,150.0,21946,148.4,151.07,-1.07,27.99,27.99,0.266,3,0,1,1.0,0.01,1
5880,150.0,21983,148.4,149.73,0.27,28.24,28.24,0.268,3,0,1,1.0,0.01,1
5890,150.0,22020,148.4,148.4,1.6,28.48,28.48,0.271,3,0,1,1.0,0.01,1
5900,150.0,22058,152.41,149.73,0.27,26.11,26.11,0.242,3,0,1,1.0,0.01,1
5910,150.0,22096,152.41,151.07,-1.07,25.75,25.75,0.238,3,0,1,1.0,0.01,1
5920,150.0,22133,148.4,151.07,-1.07,27.99,27.99,0.266,3,0,1,1.0,0.01,1
5930,150.0,22170,148.4,149.73,0.27,28.24,28.24,0.268,3,0,1,1.0,0.01,1
5940,150.0,22207,148.4,148.4,1.6,28.48,28.48,0.271,3,0,1,1.0,0.01,1
5950,150.0,22245,152.41,149.73,0.27,26.11,26.11,0.242,3,0,1,1.0,0.01,1
5960,150.0,22283,152.41,151.07,-1.07,25.75,25.75,0.238,3,0,1,1.0,0.01,1
5970,150.0,22320,148.4,151.07,-1.07,27.99,27.99,0.266,3,0,1,1.0,0.01,1
5980,150.0,22357,148.4,149.73,0.27,28.24,28.24,0.268,3,0,1,1.0,0.01,1
5990,150.0,22394,148.4,148.4,1.6,28.48,28.48,0.271,3,0,1,1.0,0.01,1
6000,150.0,22432,152.41,149.73,0.27,26.11,26.11,0.242,3,0,1,1.0,0.01,1
6010,150.0,22470,152.41,151.07,-1.07,25.75,25.75,0.238,3,0,1,1.0,0.01,1
6020,150.0,22507,148.4,151.07,-1.07,27.99,27.99,0.266,3,0,1,1.0,0.01,1
6030,150.0,22544,148.4,149.73,0.27,28.24,28.24,0.268,3,0,1,1.0,0.01,1
6040,150.0,22581,148.4,148.4,1.6,28.48,28.48,0.271,3,0,1,1.0,0.01,1
6050,150.0,22619,152.41,149.73,0.27,26.11,26.11,0.242,3,0,1,1.0,0.01,1
6060,150.0,22656,148.4,149.73,0.27,28.36,28.36,0.27,3,0,1,1.0,0.01,1
6070,150.0,22694,152.41,151.07,-1.07,25.99,25.99,0.241,3,0,1,1.0,0.01,1
6080,150.0,22731,148.4,149.73,0.27,28.24,28.24,0.268,3,0,1,1.0,0.01,1
6090,150.0,22769,152.41,151.07,-1.07,25.87,25.87,0.239,3,0,1,1.0,0.01,1
6100,150.0,22806,148.4,149.73,0.27,28.11,28.11,0.267,3,0,1,1.0,0.01,1
6110,150.0,22844,152.41,151.07,-1.07,25.75,25.75,0.238,3,0,1,1.0,0.01,1
6120,150.0,22881,148.4,149.73,0.27,27.99,27.99,0.266,3,0,1,1.0,0.01,1
6130,150.0,22918,148.4,149.73,0.27,28.24,28.24,0.269,3,0,1,1.0,0.01,1
6140,150.0,22955,148.4,148.4,1.6,28.48,28.48,0.271,3,0,1,1.0,0.01,1
6150,150.0,22993,152.41,149.73,0.27,26.11,26.11,0.242,3,0,1,1.0,0.01,1
6160,150.0,23031,152.41,151.07,-1.07,25.75,25.75,0.238,3,0,1,1.0,0.01,1
6170,150.0,23068,148.4,151.07,-1.07,27.99,27.99,0.266,3,0,1,1.0,0.01,1
6180,150.0,23105,148.4,149.73,0.27,28.24,28.24,0.268,3,0,1,1.0,0.01,1
6190,150.0,23142,148.4,148.4,1.6,28.48,28.48,0.271,3,0,1,1.0,0.01,1
6200,150.0,23180,152.41,149.73,0.27,26.11,26.11,0.242,3,0,1,1.0,0.01,1
6210,150.0,23217,148.4,149.73,0.27,28.36,28.36,0.27,3,0,1,1.0,0.01,1
6220,150.0,23255,152.41,151.07,-1.07,25.99,25.99,0.241,3,0,1,1.0,0.01,1
6230,150.0,23292,148.4,149.73,0.27,28.24,28.24,0.268,3,0,1,1.0,0.01,1
6240,150.0,23330,152.41,151.07,-1.07,25.87,25.87,0.239,3,0,1,1.0,0.01,1
6250,150.0,23367,148.4,149.73,0.27,28.11,28.11,0.267,3,0,1,1.0,0.01,1
6260,150.0,23405,152.41,151.07,-1.07,25.75,25.75,0.238,3,0,1,1.0,0.01,1
6270,150.0,23442,148.4,149.73,0.27,27.99,27.99,0.266,3,0,1,1.0,0.01,1
6280,150.0,23479,148.4,149.73,0.27,28.24,28.24,0.269,3,0,1,1.0,0.01,1
6290,150.0,23516,148.4,148.4,1.6,28.48,28.48,0.271,3,0,1,1.0,0.01,1
6300,150.0,23554,152.41,149.73,0.27,26.11,26.11,0.242,3,0,1,1.0,0.01,1
6310,150.0,23591,148.4,149.73,0.27,28.36,28.36,0.27,3,0,1,1.0,0.01,1
6320,150.0,23629,152.41,151.07,-1.07,25.99,25.99,0.241,3,0,1,1.0,0.01,1
6330,150.0,23666,148.4,149.73,0.27,28.24,28.24,0.268,3,0,1,1.0,0.01,1
6340,150.0,23704,152.41,151.07,-1.07,25.87,25.87,0.239,3,0,1,1.0,0.01,1
6350,150.0,23741,148.4,149.73,0.27,28.11,28.11,0.267,3,0,1,1.0,0.01,1
6360,150.0,23778,148.4,149.73,0.27,28.36,28.36,0.27,3,0,1,1.0,0.01,1
6370,150.0,23816,152.41,149.73,0.27,25.99,25.99,0.241,3,0,1,1.0,0.01,1
6380,150.0,23853,148.4,149.73,0.27,28.24,28.24,0.268,3,0,1,1.0,0.01,1
6390,150.0,23891,152.41,151.07,-1.07,25.87,25.87,0.239,3,0,1,1.0,0.01,1
6400,150.0,23928,148.4,149.73,0.27,28.11,28.11,0.267,3,0,1,1.0,0.01,1
6410,150.0,23965,148.4,149.73,0.27,28.36,28.36,0.27,3,0,1,1.0,0.01,1
6420,150.0,24003,152.41,149.73,0.27,25.99,25.99,0.241,3,0,1,1.0,0.01,1
6430,150.0,24040,148.4,149.73,0.27,28.24,28.24,0.268,3,0,1,1.0,0.01,1
6440,150.0,24078,152.41,151.07,-1.07,25.87,25.87,0.239,3,0,1,1.0,0.01,1
6450,150.0,24115,148.4,149.73,0.27,28.11,28.11,0.267,3,0,1,1.0,0.01,1
6460,150.0,24152,148.4,149.73,0.27,28.36,28.36,0.27,3,0,1,1.0,0.01,1
6470,150.0,24190,152.41,149.73,0.27,25.99,25.99,0.241,3,0,1,1.0,0.01,1
6480,150.0,24227,148.4,149.73,0.27,28.24,28.24,0.268,3,0,1,1.0,0.01,1
6490,150.0,24265,152.41,151.07,-1.07,25.87,25.87,0.239,3,0,1,1.0,0.01,1
6500,150.0,24302,148.4,149.73,0.27,28.11,28.11,0.267,3,0,1,1.0,0.01,1
6510,150.0,24339,148.4,149.73,0.27,28.36,28.36,0.27,3,0,1,1.0,0.01,1
6520,150.0,24377,152.41,149.73,0.27,25.99,25.99,0.241,3,0,1,1.0,0.01,1
6530,150.0,24414,148.4,149.73,0.27,28.24,28.24,0.268,3,0,1,1.0,0.01,1
6540,150.0,24452,152.41,151.07,-1.07,25.87,25.87,0.24,3,0,1,1.0,0.01,1
6550,150.0,24489,148.4,149.73,0.27,28.11,28.11,0.267,3,0,1,1.0,0.01,1
6560,150.0,24526,148.4,149.73,0.27,28.36,28.36,0.27,3,0,1,1.0,0.01,1
6570,150.0,24564,152.41,149.73,0.27,25.99,25.99,0.241,3,0,1,1.0,0.01,1
6580,150.0,24601,148.4,149.73,0.27,28.24,28.24,0.268,3,0,1,1.0,0.01,1
6590,150.0,24639,152.41,151.07,-1.07,25.87,25.87,0.24,3,0,1,1.0,0.01,1
6600,150.0,24676,148.4,149.73,0.27,28.11,28.11,0.267,3,0,1,1.0,0.01,1
6610,150.0,24713,148.4,149.73,0.27,28.36,28.36,0.27,3,0,1,1.0,0.01,1
6620,150.0,24751,152.41,149.73,0.27,25.99,25.99,0.241,3,0,1,1.0,0.01,1
6630,150.0,24788,148.4,149.73,0.27,28.24,28.24,0.268,3,0,1,1.0,0.01,1
6640,150.0,24826,152.41,151.07,-1.07,25.87,25.87,0.24,3,0,1,1.0,0.01,1
6650,150.0,24863,148.4,149.73,0.27,28.11,28.11,0.267,3,0,1,1.0,0.01,1
6660,150.0,24900,148.4,149.73,0.27,28.36,28.36,0.27,3,0,1,1.0,0.01,1
6670,150.0,24938,152.41,149.73,0.27,25.99,25.99,0.241,3,0,1,1.0,0.01,1
6680,150.0,24975,148.4,149.73,0.27,28.24,28.24,0.268,3,0,1,1.0,0.01,1
6690,150.0,25013,152.41,151.07,-1.07,25.87,25.87,0.24,3,0,1,1.0,0.01,1
6700,150.0,25050,148.4,149.73,0.27,28.11,28.11,0.267,3,0,1,1.0,0.01,1
6710,150.0,25087,148.4,149.73,0.27,28.36,28.36,0.27,3,0,1,1.0,0.01,1
6720,150.0,25125,152.41,149.73,0.27,25.99,25.99,0.241,3,0,1,1.0,0.01,1
6730,150.0,25162,148.4,149.73,0.27,28.24,28.24,0.268,3,0,1,1.0,0.01,1
6740,150.0,25200,152.41,151.07,-1.07,25.87,25.87,0.24,3,0,1,1.0,0.01,1
6750,150.0,25237,148.4,149.73,0.27,28.11,28.11,0.267,3,0,1,1.0,0.01,1
6760,150.0,25274,148.4,149.73,0.27,28.36,28.36,0.27,3,0,1,1.0,0.01,1
6770,150.0,25312,152.41,149.73,0.27,25.99,25.99,0.241,3,0,1,1.0,0.01,1
6780,150.0,25349,148.4,149.73,0.27,28.24,28.24,0.268,3,0,1,1.0,0.01,1
6790,150.0,25387,152.41,151.07,-1.07,25.87,25.87,0.24,3,0,1,1.0,0.01,1
6800,150.0,25424,148.4,149.73,0.27,28.11,28.11,0.267,3,0,1,1.0,0.01,1
6810,150.0,25461,148.4,149.73,0.27,28.36,28.36,0.27,3,0,1,1.0,0.01,1
6820,150.0,25499,152.41,149.73,0.27,25.99,25.99,0.241,3,0,1,1.0,0.01,1
6830,150.0,25536,148.4,149.73,0.27,28.24,28.24,0.268,3,0,1,1.0,0.01,1
6840,150.0,25573,148.4,149.73,0.27,28.48,28.48,0.271,3,0,1,1.0,0.01,1
6850,150.0,25611,152.41,149.73,0.27,26.11,26.11,0.242,3,0,1,1.0,0.01,1
6860,150.0,25649,152.41,151.07,-1.07,25.75,25.75,0.238,3,0,1,1.0,0.01,1
6870,150.0,25686,148.4,151.07,-1.07,27.99,27.99,0.266,3,0,1,1.0,0.01,1
6880,150.0,25723,148.4,149.73,0.27,28.24,28.24,0.268,3,0,1,1.0,0.01,1
6890,150.0,25761,152.41,149.73,0.27,25.87,25.87,0.24,3,0,1,1.0,0.01,1
6900,150.0,25798,148.4,149.73,0.27,28.11,28.11,0.267,3,0,1,1.0,0.01,1
6910,150.0,25835,148.4,149.73,0.27,28.36,28.36,0.27,3,0,1,1.0,0.01,1
6920,150.0,25873,152.41,149.73,0.27,25.99,25.99,0.241,3,0,1,1.0,0.01,1
6930,150.0,25910,148.4,149.73,0.27,28.24,28.24,0.268,3,0,1,1.0,0.01,1
6940,150.0,25947,148.4,149.73,0.27,28.48,28.48,0.271,3,0,1,1.0,0.01,1
6950,150.0,25985,152.41,149.73,0.27,26.11,26.11,0.242,3,0,1,1.0,0.01,1
6960,150.0,26023,152.41,151.07,-1.07,25.75,25.75,0.238,3,0,1,1.0,0.01,1
6970,150.0,26060,148.4,151.07,-1.07,27.99,27.99,0.266,3,0,1,1.0,0.01,1
6980,150.0,26097,148.4,149.73,0.27,28.24,28.24,0.268,3,0,1,1.0,0.01,1
6990,150.0,26134,148.4,148.4,1.6,28.48,28.48,0.271,3,0,1,1.0,0.01,1
7000,150.0,26172,152.41,149.73,0.27,26.11,26.11,0.242,3,0,2,0.0,0.0,1
7010,150.0,26214,168.45,156.42,-6.42,15.32,15.32,0.104,3,0,2,0.0,0.0,1
7020,150.0,26258,176.47,165.78,-15.78,7.34,7.34,0.006,3,0,2,0.0,0.0,1
7030,150.0,26301,172.46,172.46,-22.46,5.98,5.98,-0.009,3,0,2,0.0,0.0,1
7040,150.0,26343,168.45,172.46,-22.46,5.21,5.21,-0.016,3,0,2,0.0,0.0,1
7050,150.0,26383,160.43,167.11,-17.11,7.66,7.66,0.015,3,0,2,0.0,0.0,1
7060,150.0,26423,160.43,163.1,-13.1,6.1,6.1,-0.003,3,0,2,0.0,0.0,1
7070,150.0,26463,160.43,160.43,-10.43,4.53,4.53,-0.02,3,0,2,0.0,0.0,1
7080,150.0,26501,152.41,157.75,-7.75,8.18,8.18,0.026,3,0,2,0.0,0.0,1
7090,150.0,26539,152.41,155.08,-5.08,7.82,7.82,0.022,3,0,2,0.0,0.0,1
7100,150.0,26576,148.4,151.07,-1.07,10.07,10.07,0.05,3,0,2,0.0,0.0,1
7110,150.0,26614,152.41,151.07,-1.07,7.7,7.7,0.021,3,0,2,0.0,0.0,1
7120,150.0,26652,152.41,151.07,-1.07,7.34,7.34,0.017,3,0,2,0.0,0.0,1
7130,150.0,26689,148.4,151.07,-1.07,9.59,9.59,0.045,3,0,2,0.0,0.0,1
7140,150.0,26726,148.4,149.73,0.27,9.83,9.83,0.047,3,0,2,0.0,0.0,1
7150,150.0,26764,152.41,149.73,0.27,7.46,7.46,0.018,3,0,2,0.0,0.0,1
7160,150.0,26801,148.4,149.73,0.27,9.71,9.71,0.046,3,0,2,0.0,0.0,1
7170,150.0,26839,152.41,151.07,-1.07,7.34,7.34,0.017,3,0,2,0.0,0.0,1
7180,150.0,26876,148.4,149.73,0.27,9.59,9.59,0.045,3,0,2,0.0,0.0,1
7190,150.0,26913,148.4,149.73,0.27,9.83,9.83,0.047,3,0,2,0.0,0.0,1
7200,150.0,26951,152.41,149.73,0.27,7.46,7.46,0.018,3,0,2,0.0,0.0,1
7210,150.0,26988,148.4,149.73,0.27,9.71,9.71,0.046,3,0,2,0.0,0.0,1
7220,150.0,27026,152.41,151.07,-1.07,7.34,7.34,0.017,3,0,2,0.0,0.0,1
7230,150.0,27063,148.4,149.73,0.27,9.59,9.59,0.045,3,0,2,0.0,0.0,1
7240,150.0,27100,148.4,149.73,0.27,9.83,9.83,0.047,3,0,2,0.0,0.0,1
7250,150.0,27138,152.41,149.73,0.27,7.46,7.46,0.018,3,0,2,0.0,0.0,1
7260,150.0,27175,148.4,149.73,0.27,9.71,9.71,0.046,3,0,2,0.0,0.0,1
7270,150.0,27213,152.41,151.07,-1.07,7.34,7.34,0.017,3,0,2,0.0,0.0,1
7280,150.0,27250,148.4,149.73,0.27,9.59,9.59,0.045,3,0,2,0.0,0.0,1
7290,150.0,27287,148.4,149.73,0.27,9.83,9.83,0.047,3,0,2,0.0,0.0,1
7300,150.0,27325,152.41,149.73,0.27,7.46,7.46,0.018,3,0,2,0.0,0.0,1
7310,150.0,27362,148.4,149.73,0.27,9.71,9.71,0.046,3,0,2,0.0,0.0,1
7320,150.0,27399,148.4,149.73,0.27,9.95,9.95,0.048,3,0,2,0.0,0.0,1
7330,150.0,27437,152.41,149.73,0.27,7.58,7.58,0.02,3,0,2,0.0,0.0,1
7340,150.0,27475,152.41,151.07,-1.07,7.22,7.22,0.016,3,0,2,0.0,0.0,1
7350,150.0,27512,148.4,151.07,-1.07,9.47,9.47,0.044,3,0,2,0.0,0.0,1
7360,150.0,27549,148.4,149.73,0.27,9.71,9.71,0.046,3,0,2,0.0,0.0,1
7370,150.0,27586,148.4,148.4,1.6,9.95,9.95,0.049,3,0,2,0.0,0.0,1
7380,150.0,27624,152.41,149.73,0.27,7.58,7.58,0.02,3,0,2,0.0,0.0,1
7390,150.0,27662,152.41,151.07,-1.07,7.22,7.22,0.016,3,0,2,0.0,0.0,1
7400,150.0,27699,148.4,151.07,-1.07,9.47,9.47,0.044,3,0,2,0.0,0.0,1
7410,150.0,27736,148.4,149.73,0.27,9.71,9.71,0.046,3,0,2,0.0,0.0,1
7420,150.0,27773,148.4,148.4,1.6,9.95,9.95,0.049,3,0,2,0.0,0.0,1
7430,150.0,27811,152.41,149.73,0.27,7.58,7.58,0.02,3,0,2,0.0,0.0,1
7440,150.0,27849,152.41,151.07,-1.07,7.22,7.22,0.016,3,0,2,0.0,0.0,1
7450,150.0,27886,148.4,151.07,-1.07,9.47,9.47,0.044,3,0,2,0.0,0.0,1
7460,150.0,27923,148.4,149.73,0.27,9.71,9.71,0.046,3,0,2,0.0,0.0,1
7470,150.0,27960,148.4,148.4,1.6,9.95,9.95,0.049,3,0,2,0.0,0.0,1
7480,150.0,27998,152.41,149.73,0.27,7.58,7.58,0.02,3,0,2,0.0,0.0,1
7490,150.0,28035,148.4,149.73,0.27,9.83,9.83,0.047,3,0,2,0.0,0.0,1
7500,150.0,28073,152.41,151.07,-1.07,7.46,7.46,0.018,3,0,2,0.0,0.0,1
7510,150.0,28110,148.4,149.73,0.27,9.71,9.71,0.046,3,0,2,0.0,0.0,1
7520,150.0,28148,152.41,151.07,-1.07,7.34,7.34,0.017,3,0,2,0.0,0.0,1
7530,150.0,28185,148.4,149.73,0.27,9.59,9.59,0.045,3,0,2,0.0,0.0,1
7540,150.0,28222,148.4,149.73,0.27,9.83,9.83,0.047,3,0,2,0.0,0.0,1
7550,150.0,28260,152.41,149.73,0.27,7.46,7.46,0.018,3,0,2,0.0,0.0,1
7560,150.0,28297,148.4,149.73,0.27,9.71,9.71,0.046,3,0,2,0.0,0.0,1
7570,150.0,28335,152.41,151.07,-1.07,7.34,7.34,0.017,3,0,2,0.0,0.0,1
7580,150.0,28372,148.4,149.73,0.27,9.59,9.59,0.045,3,0,2,0.0,0.0,1
7590,150.0,28409,148.4,149.73,0.27,9.83,9.83,0.047,3,0,2,0.0,0.0,1
7600,150.0,28447,152.41,149.73,0.27,7.46,7.46,0.018,3,0,2,0.0,0.0,1
7610,150.0,28484,148.4,149.73,0.27,9.71,9.71,0.046,3,0,2,0.0,0.0,1
7620,150.0,28522,152.41,151.07,-1.07,7.34,7.34,0.017,3,0,2,0.0,0.0,1
7630,150.0,28559,148.4,149.73,0.27,9.59,9.59,0.045,3,0,2,0.0,0.0,1
7640,150.0,28596,148.4,149.73,0.27,9.83,9.83,0.047,3,0,2,0.0,0.0,1
7650,150.0,28634,152.41,149.73,0.27,7.46,7.46,0.018,3,0,2,0.0,0.0,1
7660,150.0,28671,148.4,149.73,0.27,9.71,9.71,0.046,3,0,2,0.0,0.0,1
7670,150.0,28709,152.41,151.07,-1.07,7.34,7.34,0.017,3,0,2,0.0,0.0,1
7680,150.0,28746,148.4,149.73,0.27,9.59,9.59,0.045,3,0,2,0.0,0.0,1
7690,150.0,28783,148.4,149.73,0.27,9.83,9.83,0.047,3,0,2,0.0,0.0,1
7700,150.0,28821,152.41,149.73,0.27,7.46,7.46,0.018,3,0,2,0.0,0.0,1
7710,150.0,28858,148.4,149.73,0.27,9.71,9.71,0.046,3,0,2,0.0,0.0,1
7720,150.0,28895,148.4,149.73,0.27,9.95,9.95,0.049,3,0,2,0.0,0.0,1
7730,150.0,28933,152.41,149.73,0.27,7.58,7.58,0.02,3,0,2,0.0,0.0,1
7740,150.0,28971,152.41,151.07,-1.07,7.22,7.22,0.016,3,0,2,0.0,0.0,1
7750,150.0,29008,148.4,151.07,-1.07,9.47,9.47,0.044,3,0,2,0.0,0.0,1
7760,150.0,29045,148.4,149.73,0.27,9.71,9.71,0.046,3,0,2,0.0,0.0,1
7770,150.0,29082,148.4,148.4,1.6,9.95,9.95,0.049,3,0,2,0.0,0.0,1
7780,150.0,29120,152.41,149.73,0.27,7.58,7.58,0.02,3,0,2,0.0,0.0,1
7790,150.0,29158,152.41,151.07,-1.07,7.22,7.22,0.016,3,0,2,0.0,0.0,1
7800,150.0,29195,148.4,151.07,-1.07,9.47,9.47,0.044,3,0,2,0.0,0.0,1
7810,150.0,29232,148.4,149.73,0.27,9.71,9.71,0.046,3,0,2,0.0,0.0,1
7820,150.0,29269,148.4,148.4,1.6,9.95,9.95,0.049,3,0,2,0.0,0.0,1
7830,150.0,29307,152.41,149.73,0.27,7.58,7.58,0.02,3,0,2,0.0,0.0,1
7840,150.0,29344,148.4,149.73,0.27,9.83,9.83,0.047,3,0,2,0.0,0.0,1
7850,150.0,29382,152.41,151.07,-1.07,7.46,7.46,0.018,3,0,2,0.0,0.0,1
7860,150.0,29419,148.4,149.73,0.27,9.71,9.71,0.046,3,0,2,0.0,0.0,1
7870,150.0,29457,152.41,151.07,-1.07,7.34,7.34,0.017,3,0,2,0.0,0.0,1
7880,150.0,29494,148.4,149.73,0.27,9.59,9.59,0.045,3,0,2,0.0,0.0,1
7890,150.0,29532,152.41,151.07,-1.07,7.22,7.22,0.016,3,0,2,0.0,0.0,1
7900,150.0,29568,144.39,148.4,1.6,12.07,12.07,0.075,3,0,2,0.0,0.0,1
7910,150.0,29606,152.41,149.73,0.27,7.7,7.7,0.021,3,0,2,0.0,0.0,1
7920,150.0,29644,152.41,149.73,0.27,7.34,7.34,0.017,3,0,2,0.0,0.0,1
7930,150.0,29681,148.4,151.07,-1.07,9.59,9.59,0.045,3,0,2,0.0,0.0,1
7940,150.0,29718,148.4,149.73,0.27,9.83,9.83,0.047,3,0,2,0.0,0.0,1
7950,150.0,29756,152.41,149.73,0.27,7.46,7.46,0.018,3,0,2,0.0,0.0,1
7960,150.0,29793,148.4,149.73,0.27,9.71,9.71,0.046,3,0,2,0.0,0.0,1
7970,150.0,29831,152.41,151.07,-1.07,7.34,7.34,0.017,3,0,2,0.0,0.0,1
7980,150.0,29868,148.4,149.73,0.27,9.59,9.59,0.045,3,0,2,0.0,0.0,1
7990,150.0,29905,148.4,149.73,0.27,9.83,9.83,0.047,3,0,2,0.0,0.0,1
8000,150.0,29943,152.41,149.73,0.27,7.46,7.46,0.018,3,0,2,0.0,0.0,1
8010,150.0,29980,148.4,149.73,0.27,9.71,9.71,0.046,3,0,2,0.0,0.0,1
8020,150.0,30018,152.41,151.07,-1.07,7.34,7.34,0.017,3,0,2,0.0,0.0,1
8030,150.0,30055,148.4,149.73,0.27,9.59,9.59,0.045,3,0,2,0.0,0.0,1
8040,150.0,30092,148.4,149.73,0.27,9.83,9.83,0.047,3,0,2,0.0,0.0,1
8050,150.0,30130,152.41,149.73,0.27,7.46,7.46,0.018,3,0,2,0.0,0.0,1
8060,150.0,30167,148.4,149.73,0.27,9.71,9.71,0.046,3,0,2,0.0,0.0,1
8070,150.0,30205,152.41,151.07,-1.07,7.34,7.34,0.017,3,0,2,0.0,0.0,1
8080,150.0,30242,148.4,149.73,0.27,9.59,9.59,0.045,3,0,2,0.0,0.0,1
8090,150.0,30279,148.4,149.73,0.27,9.83,9.83,0.047,3,0,2,0.0,0.0,1
8100,150.0,30317,152.41,149.73,0.27,7.46,7.46,0.018,3,0,2,0.0,0.0,1
8110,150.0,30354,148.4,149.73,0.27,9.71,9.71,0.046,3,0,2,0.0,0.0,1
8120,150.0,30391,148.4,149.73,0.27,9.95,9.95,0.049,3,0,2,0.0,0.0,1
8130,150.0,30429,152.41,149.73,0.27,7.58,7.58,0.02,3,0,2,0.0,0.0,1
8140,150.0,30467,152.41,151.07,-1.07,7.22,7.22,0.016,3,0,2,0.0,0.0,1
8150,150.0,30504,148.4,151.07,-1.07,9.47,9.47,0.044,3,0,2,0.0,0.0,1
8160,150.0,30541,148.4,149.73,0.27,9.71,9.71,0.046,3,0,2,0.0,0.0,1
8170,150.0,30578,148.4,148.4,1.6,9.95,9.95,0.049,3,0,2,0.0,0.0,1
8180,150.0,30616,152.41,149.73,0.27,7.58,7.58,0.02,3,0,2,0.0,0.0,1
8190,150.0,30653,148.4,149.73,0.27,9.83,9.83,0.047,3,0,2,0.0,0.0,1
8200,150.0,30691,152.41,151.07,-1.07,7.46,7.46,0.018,3,0,2,0.0,0.0,1
8210,150.0,30728,148.4,149.73,0.27,9.71,9.71,0.046,3,0,2,0.0,0.0,1
8220,150.0,30766,152.41,151.07,-1.07,7.34,7.34,0.017,3,0,2,0.0,0.0,1
8230,150.0,30803,148.4,149.73,0.27,9.59,9.59,0.045,3,0,2,0.0,0.0,1
8240,150.0,30841,152.41,151.07,-1.07,7.22,7.22,0.016,3,0,2,0.0,0.0,1
8250,150.0,30878,148.4,149.73,0.27,9.47,9.47,0.044,3,0,2,0.0,0.0,1
8260,150.0,30915,148.4,149.73,0.27,9.71,9.71,0.046,3,0,2,0.0,0.0,1
8270,150.0,30952,148.4,148.4,1.6,9.95,9.95,0.049,3,0,2,0.0,0.0,1
8280,150.0,30990,152.41,149.73,0.27,7.58,7.58,0.02,3,0,2,0.0,0.0,1
8290,150.0,31027,148.4,149.73,0.27,9.83,9.83,0.047,3,0,2,0.0,0.0,1
8300,150.0,31065,152.41,151.07,-1.07,7.46,7.46,0.018,3,0,2,0.0,0.0,1
8310,150.0,31102,148.4,149.73,0.27,9.71,9.71,0.046,3,0,2,0.0,0.0,1
8320,150.0,31140,152.41,151.07,-1.07,7.34,7.34,0.017,3,0,2,0.0,0.0,1
8330,150.0,31177,148.4,149.73,0.27,9.59,9.59,0.045,3,0,2,0.0,0.0,1
8340,150.0,31214,148.4,149.73,0.27,9.83,9.83,0.047,3,0,2,0.0,0.0,1
8350,150.0,31252,152.41,149.73,0.27,7.46,7.46,0.018,3,0,2,0.0,0.0,1
8360,150.0,31289,148.4,149.73,0.27,9.71,9.71,0.046,3,0,2,0.0,0.0,1
8370,150.0,31327,152.41,151.07,-1.07,7.34,7.34,0.017,3,0,2,0.0,0.0,1
8380,150.0,31364,148.4,149.73,0.27,9.59,9.59,0.045,3,0,2,0.0,0.0,1
8390,150.0,31401,148.4,149.73,0.27,9.83,9.83,0.047,3,0,2,0.0,0.0,1
8400,150.0,31439,152.41,149.73,0.27,7.46,7.46,0.018,3,0,2,0.0,0.0,1
8410,150.0,31476,148.4,149.73,0.27,9.71,9.71,0.046,3,0,2,0.0,0.0,1
8420,150.0,31514,152.41,151.07,-1.07,7.34,7.34,0.017,3,0,2,0.0,0.0,1
8430,150.0,31551,148.4,149.73,0.27,9.59,9.59,0.045,3,0,2,0.0,0.0,1
8440,150.0,31588,148.4,149.73,0.27,9.83,9.83,0.047,3,0,2,0.0,0.0,1
8450,150.0,31626,152.41,149.73,0.27,7.46,7.46,0.018,3,0,2,0.0,0.0,1
8460,150.0,31663,148.4,149.73,0.27,9.71,9.71,0.046,3,0,2,0.0,0.0,1
8470,150.0,31700,148.4,149.73,0.27,9.95,9.95,0.048,3,0,2,0.0,0.0,1
8480,150.0,31738,152.41,149.73,0.27,7.58,7.58,0.02,3,0,2,0.0,0.0,1
8490,150.0,31776,152.41,151.07,-1.07,7.22,7.22,0.016,3,0,2,0.0,0.0,1
8500,150.0,31813,148.4,151.07,-1.07,9.47,9.47,0.044,3,0,2,0.0,0.0,1
8510,150.0,31850,148.4,149.73,0.27,9.71,9.71,0.046,3,0,2,0.0,0.0,1
8520,150.0,31887,148.4,148.4,1.6,9.95,9.95,0.049,3,0,2,0.0,0.0,1
8530,150.0,31925,152.41,149.73,0.27,7.58,7.58,0.02,3,0,2,0.0,0.0,1
8540,150.0,31963,152.41,151.07,-1.07,7.22,7.22,0.016,3,0,2,0.0,0.0,1
8550,150.0,32000,148.4,151.07,-1.07,9.47,9.47,0.044,3,0,2,0.0,0.0,1
8560,150.0,32037,148.4,149.73,0.27,9.71,9.71,0.046,3,0,2,0.0,0.0,1
8570,150.0,32074,148.4,148.4,1.6,9.95,9.95,0.049,3,0,2,0.0,0.0,1
8580,150.0,32112,152.41,149.73,0.27,7.58,7.58,0.02,3,0,2,0.0,0.0,1
8590,150.0,32149,148.4,149.73,0.27,9.83,9.83,0.047,3,0,2,0.0,0.0,1
8600,150.0,32187,152.41,151.07,-1.07,7.46,7.46,0.018,3,0,2,0.0,0.0,1
8610,150.0,32224,148.4,149.73,0.27,9.71,9.71,0.046,3,0,2,0.0,0.0,1
8620,150.0,32262,152.41,151.07,-1.07,7.34,7.34,0.017,3,0,2,0.0,0.0,1
8630,150.0,32299,148.4,149.73,0.27,9.59,9.59,0.045,3,0,2,0.0,0.0,1
8640,150.0,32337,152.41,151.07,-1.07,7.22,7.22,0.016,3,0,2,0.0,0.0,1
8650,150.0,32374,148.4,149.73,0.27,9.47,9.47,0.044,3,0,2,0.0,0.0,1
8660,150.0,32411,148.4,149.73,0.27,9.71,9.71,0.046,3,0,2,0.0,0.0,1
8670,150.0,32448,148.4,148.4,1.6,9.95,9.95,0.049,3,0,2,0.0,0.0,1
8680,150.0,32486,152.41,149.73,0.27,7.58,7.58,0.02,3,0,2,0.0,0.0,1
8690,150.0,32523,148.4,149.73,0.27,9.83,9.83,0.047,3,0,2,0.0,0.0,1
8700,150.0,32561,152.41,151.07,-1.07,7.46,7.46,0.018,3,0,2,0.0,0.0,1
8710,150.0,32598,148.4,149.73,0.27,9.71,9.71,0.046,3,0,2,0.0,0.0,1
8720,150.0,32636,152.41,151.07,-1.07,7.34,7.34,0.017,3,0,2,0.0,0.0,1
8730,150.0,32673,148.4,149.73,0.27,9.59,9.59,0.045,3,0,2,0.0,0.0,1
8740,150.0,32710,148.4,149.73,0.27,9.83,9.83,0.047,3,0,2,0.0,0.0,1
8750,150.0,32748,152.41,149.73,0.27,7.46,7.46,0.018,3,0,2,0.0,0.0,1
8760,150.0,32785,148.4,149.73,0.27,9.71,9.71,0.046,3,0,2,0.0,0.0,1
8770,150.0,32823,152.41,151.07,-1.07,7.34,7.34,0.017,3,0,2,0.0,0.0,1
8780,150.0,32860,148.4,149.73,0.27,9.59,9.59,0.045,3,0,2,0.0,0.0,1
8790,150.0,32897,148.4,149.73,0.27,9.83,9.83,0.047,3,0,2,0.0,0.0,1
8800,150.0,32935,152.41,149.73,0.27,7.46,7.46,0.018,3,0,2,0.0,0.0,1
8810,150.0,32972,148.4,149.73,0.27,9.71,9.71,0.046,3,0,2,0.0,0.0,1
8820,150.0,33009,148.4,149.73,0.27,9.95,9.95,0.048,3,0,2,0.0,0.0,1
8830,150.0,33047,152.41,149.73,0.27,7.58,7.58,0.02,3,0,2,0.0,0.0,1
8840,150.0,33085,152.41,151.07,-1.07,7.22,7.22,0.016,3,0,2,0.0,0.0,1
8850,150.0,33122,148.4,151.07,-1.07,9.47,9.47,0.044,3,0,2,0.0,0.0,1
8860,150.0,33159,148.4,149.73,0.27,9.71,9.71,0.046,3,0,2,0.0,0.0,1
8870,150.0,33196,148.4,148.4,1.6,9.95,9.95,0.049,3,0,2,0.0,0.0,1
8880,150.0,33234,152.41,149.73,0.27,7.58,7.58,0.02,3,0,2,0.0,0.0,1
8890,150.0,33272,152.41,151.07,-1.07,7.22,7.22,0.016,3,0,2,0.0,0.0,1
8900,150.0,33309,148.4,151.07,-1.07,9.47,9.47,0.044,3,0,2,0.0,0.0,1
8910,150.0,33346,148.4,149.73,0.27,9.71,9.71,0.046,3,0,2,0.0,0.0,1
8920,150.0,33383,148.4,148.4,1.6,9.95,9.95,0.049,3,0,2,0.0,0.0,1
8930,150.0,33421,152.41,149.73,0.27,7.58,7.58,0.02,3,0,2,0.0,0.0,1
8940,150.0,33459,152.41,151.07,-1.07,7.22,7.22,0.016,3,0,2,0.0,0.0,1
8950,150.0,33496,148.4,151.07,-1.07,9.47,9.47,0.044,3,0,2,0.0,0.0,1
8960,150.0,33533,148.4,149.73,0.27,9.71,9.71,0.046,3,0,2,0.0,0.0,1
8970,150.0,33570,148.4,148.4,1.6,9.95,9.95,0.049,3,0,2,0.0,0.0,1
8980,150.0,33608,152.41,149.73,0.27,7.58,7.58,0.02,3,0,2,0.0,0.0,1
8990,150.0,33645,148.4,149.73,0.27,9.83,9.83,0.047,3,0,2,0.0,0.0,1
9000,150.0,33683,152.41,151.07,-1.07,7.46,7.46,0.018,3,0,2,0.0,0.0,1
9010,150.0,33720,148.4,149.73,0.27,9.71,9.71,0.046,3,0,2,0.0,0.0,1
9020,150.0,33758,152.41,151.07,-1.07,7.34,7.34,0.017,3,0,2,0.0,0.0,1
9030,150.0,33795,148.4,149.73,0.27,9.59,9.59,0.045,3,0,2,0.0,0.0,1
9040,150.0,33832,148.4,149.73,0.27,9.83,9.83,0.047,3,0,2,0.0,0.0,1
9050,150.0,33870,152.41,149.73,0.27,7.46,7.46,0.018,3,0,2,0.0,0.0,1
9060,150.0,33907,148.4,149.73,0.27,9.71,9.71,0.046,3,0,2,0.0,0.0,1
9070,150.0,33945,152.41,151.07,-1.07,7.34,7.34,0.017,3,0,2,0.0,0.0,1
9080,150.0,33982,148.4,149.73,0.27,9.59,9.59,0.045,3,0,2,0.0,0.0,1
9090,150.0,34019,148.4,149.73,0.27,9.83,9.83,0.047,3,0,2,0.0,0.0,1
9100,150.0,34057,152.41,149.73,0.27,7.46,7.46,0.018,3,0,2,0.0,0.0,1
9110,150.0,34094,148.4,149.73,0.27,9.71,9.71,0.046,3,0,2,0.0,0.0,1
9120,150.0,34132,152.41,151.07,-1.07,7.34,7.34,0.017,3,0,2,0.0,0.0,1
9130,150.0,34169,148.4,149.73,0.27,9.59,9.59,0.045,3,0,2,0.0,0.0,1
9140,150.0,34206,148.4,149.73,0.27,9.83,9.83,0.047,3,0,2,0.0,0.0,1
9150,150.0,34244,152.41,149.73,0.27,7.46,7.46,0.018,3,0,2,0.0,0.0,1
9160,150.0,34281,148.4,149.73,0.27,9.71,9.71,0.046,3,0,2,0.0,0.0,1
9170,150.0,34319,152.41,151.07,-1.07,7.34,7.34,0.017,3,0,2,0.0,0.0,1
9180,150.0,34356,148.4,149.73,0.27,9.59,9.59,0.045,3,0,2,0.0,0.0,1
9190,150.0,34393,148.4,149.73,0.27,9.83,9.83,0.047,3,0,2,0.0,0.0,1
9200,150.0,34431,152.41,149.73,0.27,7.46,7.46,0.018,3,0,2,0.0,0.0,1
9210,150.0,34468,148.4,149.73,0.27,9.71,9.71,0.046,3,0,2,0.0,0.0,1
9220,150.0,34505,148.4,149.73,0.27,9.95,9.95,0.049,3,0,2,0.0,0.0,1
9230,150.0,34543,152.41,149.73,0.27,7.58,7.58,0.02,3,0,2,0.0,0.0,1
9240,150.0,34581,152.41,151.07,-1.07,7.22,7.22,0.016,3,0,2,0.0,0.0,1
9250,150.0,34618,148.4,151.07,-1.07,9.47,9.47,0.044,3,0,2,0.0,0.0,1
9260,150.0,34655,148.4,149.73,0.27,9.71,9.71,0.046,3,0,2,0.0,0.0,1
9270,150.0,34692,148.4,148.4,1.6,9.95,9.95,0.049,3,0,2,0.0,0.0,1
9280,150.0,34730,152.41,149.73,0.27,7.58,7.58,0.02,3,0,2,0.0,0.0,1
9290,150.0,34768,152.41,151.07,-1.07,7.22,7.22,0.016,3,0,2,0.0,0.0,1
9300,150.0,34805,148.4,151.07,-1.07,9.47,9.47,0.044,3,0,2,0.0,0.0,1
9310,150.0,34842,148.4,149.73,0.27,9.71,9.71,0.046,3,0,2,0.0,0.0,1
9320,150.0,34879,148.4,148.4,1.6,9.95,9.95,0.049,3,0,2,0.0,0.0,1
9330,150.0,34917,152.41,149.73,0.27,7.58,7.58,0.02,3,0,2,0.0,0.0,1
9340,150.0,34954,148.4,149.73,0.27,9.83,9.83,0.047,3,0,2,0.0,0.0,1
9350,150.0,34992,152.41,151.07,-1.07,7.46,7.46,0.018,3,0,2,0.0,0.0,1
9360,150.0,35029,148.4,149.73,0.27,9.71,9.71,0.046,3,0,2,0.0,0.0,1
9370,150.0,35067,152.41,151.07,-1.07,7.34,7.34,0.017,3,0,2,0.0,0.0,1
9380,150.0,35104,148.4,149.73,0.27,9.59,9.59,0.045,3,0,2,0.0,0.0,1
9390,150.0,35142,152.41,151.07,-1.07,7.22,7.22,0.016,3,0,2,0.0,0.0,1
9400,150.0,35179,148.4,149.73,0.27,9.47,9.47,0.044,3,0,2,0.0,0.0,1
9410,150.0,35216,148.4,149.73,0.27,9.71,9.71,0.046,3,0,2,0.0,0.0,1
9420,150.0,35253,148.4,148.4,1.6,9.95,9.95,0.049,3,0,2,0.0,0.0,1
9430,150.0,35291,152.41,149.73,0.27,7.58,7.58,0.02,3,0,2,0.0,0.0,1
9440,150.0,35328,148.4,149.73,0.27,9.83,9.83,0.047,3,0,2,0.0,0.0,1
9450,150.0,35366,152.41,151.07,-1.07,7.46,7.46,0.018,3,0,2,0.0,0.0,1
9460,150.0,35403,148.4,149.73,0.27,9.71,9.71,0.046,3,0,2,0.0,0.0,1
9470,150.0,35441,152.41,151.07,-1.07,7.34,7.34,0.017,3,0,2,0.0,0.0,1
9480,150.0,35478,148.4,149.73,0.27,9.59,9.59,0.045,3,0,2,0.0,0.0,1
9490,150.0,35515,148.4,149.73,0.27,9.83,9.83,0.047,3,0,2,0.0,0.0,1
9500,150.0,35553,152.41,149.73,0.27,7.46,7.46,0.018,3,0,2,0.0,0.0,1
9510,150.0,35590,148.4,149.73,0.27,9.71,9.71,0.046,3,0,2,0.0,0.0,1
9520,150.0,35628,152.41,151.07,-1.07,7.34,7.34,0.017,3,0,2,0.0,0.0,1
9530,150.0,35665,148.4,149.73,0.27,9.59,9.59,0.045,3,0,2,0.0,0.0,1
9540,150.0,35702,148.4,149.73,0.27,9.83,9.83,0.047,3,0,2,0.0,0.0,1
9550,150.0,35740,152.41,149.73,0.27,7.46,7.46,0.018,3,0,2,0.0,0.0,1
9560,150.0,35777,148.4,149.73,0.27,9.71,9.71,0.046,3,0,2,0.0,0.0,1
9570,150.0,35815,152.41,151.07,-1.07,7.34,7.34,0.017,3,0,2,0.0,0.0,1
9580,150.0,35852,148.4,149.73,0.27,9.59,9.59,0.045,3,0,2,0.0,0.0,1
9590,150.0,35889,148.4,149.73,0.27,9.83,9.83,0.047,3,0,2,0.0,0.0,1
9600,150.0,35927,152.41,149.73,0.27,7.46,7.46,0.018,3,0,2,0.0,0.0,1
9610,150.0,35964,148.4,149.73,0.27,9.71,9.71,0.046,3,0,2,0.0,0.0,1
9620,150.0,36001,148.4,149.73,0.27,9.95,9.95,0.049,3,0,2,0.0,0.0,1
9630,150.0,36039,152.41,149.73,0.27,7.58,7.58,0.02,3,0,2,0.0,0.0,1
9640,150.0,36077,152.41,151.07,-1.07,7.22,7.22,0.016,3,0,2,0.0,0.0,1
9650,150.0,36114,148.4,151.07,-1.07,9.47,9.47,0.044,3,0,2,0.0,0.0,1
9660,150.0,36151,148.4,149.73,0.27,9.71,9.71,0.046,3,0,2,0.0,0.0,1
9670,150.0,36188,148.4,148.4,1.6,9.95,9.95,0.049,3,0,2,0.0,0.0,1
9680,150.0,36226,152.41,149.73,0.27,7.58,7.58,0.02,3,0,2,0.0,0.0,1
9690,150.0,36263,148.4,149.73,0.27,9.83,9.83,0.047,3,0,2,0.0,0.0,1
9700,150.0,36301,152.41,151.07,-1.07,7.46,7.46,0.018,3,0,2,0.0,0.0,1
9710,150.0,36338,148.4,149.73,0.27,9.71,9.71,0.046,3,0,2,0.0,0.0,1
9720,150.0,36376,152.41,151.07,-1.07,7.34,7.34,0.017,3,0,2,0.0,0.0,1
9730,150.0,36413,148.4,149.73,0.27,9.59,9.59,0.045,3,0,2,0.0,0.0,1
9740,150.0,36451,152.41,151.07,-1.07,7.22,7.22,0.016,3,0,2,0.0,0.0,1
9750,150.0,36488,148.4,149.73,0.27,9.47,9.47,0.044,3,0,2,0.0,0.0,1
9760,150.0,36525,148.4,149.73,0.27,9.71,9.71,0.046,3,0,2,0.0,0.0,1
9770,150.0,36562,148.4,148.4,1.6,9.95,9.95,0.049,3,0,2,0.0,0.0,1
9780,150.0,36600,152.41,149.73,0.27,7.58,7.58,0.02,3,0,2,0.0,0.0,1
9790,150.0,36637,148.4,149.73,0.27,9.83,9.83,0.047,3,0,2,0.0,0.0,1
9800,150.0,36675,152.41,151.07,-1.07,7.46,7.46,0.018,3,0,2,0.0,0.0,1
9810,150.0,36712,148.4,149.73,0.27,9.71,9.71,0.046,3,0,2,0.0,0.0,1
9820,150.0,36750,152.41,151.07,-1.07,7.34,7.34,0.017,3,0,2,0.0,0.0,1
9830,150.0,36787,148.4,149.73,0.27,9.59,9.59,0.045,3,0,2,0.0,0.0,1
9840,150.0,36824,148.4,149.73,0.27,9.83,9.83,0.047,3,0,2,0.0,0.0,1
9850,150.0,36862,152.41,149.73,0.27,7.46,7.46,0.018,3,0,2,0.0,0.0,1
9860,150.0,36899,148.4,149.73,0.27,9.71,9.71,0.046,3,0,2,0.0,0.0,1
9870,150.0,36937,152.41,151.07,-1.07,7.34,7.34,0.017,3,0,2,0.0,0.0,1
9880,150.0,36974,148.4,149.73,0.27,9.59,9.59,0.045,3,0,2,0.0,0.0,1
9890,150.0,37011,148.4,149.73,0.27,9.83,9.83,0.047,3,0,2,0.0,0.0,1
9900,150.0,37049,152.41,149.73,0.27,7.46,7.46,0.018,3,0,2,0.0,0.0,1
9910,150.0,37086,148.4,149.73,0.27,9.71,9.71,0.046,3,0,2,0.0,0.0,1
9920,150.0,37124,152.41,151.07,-1.07,7.34,7.34,0.017,3,0,2,0.0,0.0,1
9930,150.0,37161,148.4,149.73,0.27,9.59,9.59,0.045,3,0,2,0.0,0.0,1
9940,150.0,37198,148.4,149.73,0.27,9.83,9.83,0.047,3,0,2,0.0,0.0,1
9950,150.0,37236,152.41,149.73,0.27,7.46,7.46,0.018,3,0,2,0.0,0.0,1
9960,150.0,37273,148.4,149.73,0.27,9.71,9.71,0.046,3,0,2,0.0,0.0,1
9970,150.0,37310,148.4,149.73,0.27,9.95,9.95,0.048,3,0,2,0.0,0.0,1
9980,150.0,37348,152.41,149.73,0.27,7.58,7.58,0.02,3,0,2,0.0,0.0,1
9990,150.0,37386,152.41,151.07,-1.07,7.22,7.22,0.016,3,0,2,0.0,0.0,1
0,150.0,0,0.0,0.0,150.0,97.5,97.5,1.17,3,0,0,0.0,0.0,2
10,150.0,22,88.24,44.12,105.88,62.65,62.65,0.709,3,0,0,0.0,0.0,2
20,150.0,60,152.41,80.21,69.79,30.2,30.2,0.292,3,0,0,0.0,0.0,2
30,150.0,103,172.46,137.7,12.3,16.8,16.8,0.121,3,0,0,0.0,0.0,2
40,150.0,147,176.47,167.11,-17.11,10.83,10.83,0.046,3,0,0,0.0,0.0,2
50,150.0,192,180.48,176.47,-26.47,4.25,4.25,-0.034,3,0,0,0.0,0.0,2
60,150.0,235,172.46,176.47,-26.47,4.89,4.89,-0.023,3,0,0,0.0,0.0,2
70,150.0,277,168.45,173.8,-23.8,4.13,4.13,-0.029,3,0,0,0.0,0.0,2
80,150.0,317,160.43,167.11,-17.11,6.58,6.58,0.003,3,0,0,0.0,0.0,2
90,150.0,357,160.43,163.1,-13.1,5.01,5.01,-0.015,3,0,0,0.0,0.0,2
100,150.0,395,152.41,157.75,-7.75,8.66,8.66,0.031,3,0,0,0.0,0.0,2
110,150.0,434,156.42,156.42,-6.42,5.7,5.7,-0.004,3,0,0,0.0,0.0,2
120,150.0,471,148.4,152.41,-2.41,9.95,9.95,0.048,3,0,0,0.0,0.0,2
130,150.0,509,152.41,152.41,-2.41,7.58,7.58,0.02,3,0,0,0.0,0.0,2
140,150.0,546,148.4,149.73,0.27,9.83,9.83,0.047,3,0,0,0.0,0.0,2
150,150.0,584,152.41,151.07,-1.07,7.46,7.46,0.018,3,0,0,0.0,0.0,2
160,150.0,621,148.4,149.73,0.27,9.71,9.71,0.046,3,0,0,0.0,0.0,2
170,150.0,659,152.41,151.07,-1.07,7.34,7.34,0.017,3,0,0,0.0,0.0,2
180,150.0,696,148.4,149.73,0.27,9.59,9.59,0.045,3,0,0,0.0,0.0,2
190,150.0,734,152.41,151.07,-1.07,7.22,7.22,0.016,3,0,0,0.0,0.0,2
200,150.0,771,148.4,149.73,0.27,9.47,9.47,0.044,3,0,0,0.0,0.0,2
210,150.0,808,148.4,149.73,0.27,9.71,9.71,0.046,3,0,0,0.0,0.0,2
220,150.0,845,148.4,148.4,1.6,9.95,9.95,0.049,3,0,0,0.0,0.0,2
230,150.0,883,152.41,149.73,0.27,7.58,7.58,0.02,3,0,0,0.0,0.0,2
240,150.0,920,148.4,149.73,0.27,9.83,9.83,0.047,3,0,0,0.0,0.0,2
250,150.0,958,152.41,151.07,-1.07,7.46,7.46,0.018,3,0,0,0.0,0.0,2
260,150.0,995,148.4,149.73,0.27,9.71,9.71,0.046,3,0,0,0.0,0.0,2
270,150.0,1033,152.41,151.07,-1.07,7.34,7.34,0.017,3,0,0,0.0,0.0,2
280,150.0,1070,148.4,149.73,0.27,9.59,9.59,0.045,3,0,0,0.0,0.0,2
290,150.0,1107,148.4,149.73,0.27,9.83,9.83,0.047,3,0,0,0.0,0.0,2
300,150.0,1145,152.41,149.73,0.27,7.46,7.46,0.018,3,0,0,0.0,0.0,2
310,150.0,1182,148.4,149.73,0.27,9.71,9.71,0.046,3,0,0,0.0,0.0,2
320,150.0,1220,152.41,151.07,-1.07,7.34,7.34,0.017,3,0,0,0.0,0.0,2
330,150.0,1257,148.4,149.73,0.27,9.59,9.59,0.045,3,0,0,0.0,0.0,2
340,150.0,1294,148.4,149.73,0.27,9.83,9.83,0.047,3,0,0,0.0,0.0,2
350,150.0,1332,152.41,149.73,0.27,7.46,7.46,0.018,3,0,0,0.0,0.0,2
360,150.0,1369,148.4,149.73,0.27,9.71,9.71,0.046,3,0,0,0.0,0.0,2
370,150.0,1407,152.41,151.07,-1.07,7.34,7.34,0.017,3,0,0,0.0,0.0,2
380,150.0,1444,148.4,149.73,0.27,9.59,9.59,0.045,3,0,0,0.0,0.0,2
390,150.0,1481,148.4,149.73,0.27,9.83,9.83,0.047,3,0,0,0.0,0.0,2
400,150.0,1519,152.41,149.73,0.27,7.46,7.46,0.018,3,0,0,0.0,0.0,2
410,150.0,1556,148.4,149.73,0.27,9.71,9.71,0.046,3,0,0,0.0,0.0,2
420,150.0,1594,152.41,151.07,-1.07,7.34,7.34,0.017,3,0,0,0.0,0.0,2
430,150.0,1631,148.4,149.73,0.27,9.59,9.59,0.045,3,0,0,0.0,0.0,2
440,150.0,1668,148.4,149.73,0.27,9.83,9.83,0.047,3,0,0,0.0,0.0,2
450,150.0,1706,152.41,149.73,0.27,7.46,7.46,0.018,3,0,0,0.0,0.0,2
460,150.0,1743,148.4,149.73,0.27,9.71,9.71,0.046,3,0,0,0.0,0.0,2
470,150.0,1780,148.4,149.73,0.27,9.95,9.95,0.049,3,0,0,0.0,0.0,2
480,150.0,1818,152.41,149.73,0.27,7.58,7.58,0.02,3,0,0,0.0,0.0,2
490,150.0,1856,152.41,151.07,-1.07,7.22,7.22,0.016,3,0,0,0.0,0.0,2
500,150.0,1893,148.4,151.07,-1.07,9.47,9.47,0.044,3,0,0,0.0,0.0,2
510,150.0,1930,148.4,149.73,0.27,9.71,9.71,0.046,3,0,0,0.0,0.0,2
520,150.0,1967,148.4,148.4,1.6,9.95,9.95,0.049,3,0,0,0.0,0.0,2
530,150.0,2005,152.41,149.73,0.27,7.58,7.58,0.02,3,0,0,0.0,0.0,2
540,150.0,2043,152.41,151.07,-1.07,7.22,7.22,0.016,3,0,0,0.0,0.0,2
550,150.0,2080,148.4,151.07,-1.07,9.47,9.47,0.044,3,0,0,0.0,0.0,2
560,150.0,2117,148.4,149.73,0.27,9.71,9.71,0.046,3,0,0,0.0,0.0,2
570,150.0,2154,148.4,148.4,1.6,9.95,9.95,0.049,3,0,0,0.0,0.0,2
580,150.0,2192,152.41,149.73,0.27,7.58,7.58,0.02,3,0,0,0.0,0.0,2
590,150.0,2229,148.4,149.73,0.27,9.83,9.83,0.047,3,0,0,0.0,0.0,2
600,150.0,2267,152.41,151.07,-1.07,7.46,7.46,0.018,3,0,0,0.0,0.0,2
610,150.0,2304,148.4,149.73,0.27,9.71,9.71,0.046,3,0,0,0.0,0.0,2
620,150.0,2342,152.41,151.07,-1.07,7.34,7.34,0.017,3,0,0,0.0,0.0,2
630,150.0,2379,148.4,149.73,0.27,9.59,9.59,0.045,3,0,0,0.0,0.0,2
640,150.0,2416,148.4,149.73,0.27,9.83,9.83,0.047,3,0,0,0.0,0.0,2
650,150.0,2454,152.41,149.73,0.27,7.46,7.46,0.018,3,0,0,0.0,0.0,2
660,150.0,2491,148.4,149.73,0.27,9.71,9.71,0.046,3,0,0,0.0,0.0,2
670,150.0,2529,152.41,151.07,-1.07,7.34,7.34,0.017,3,0,0,0.0,0.0,2
680,150.0,2566,148.4,149.73,0.27,9.59,9.59,0.045,3,0,0,0.0,0.0,2
690,150.0,2603,148.4,149.73,0.27,9.83,9.83,0.047,3,0,0,0.0,0.0,2
700,150.0,2641,152.41,149.73,0.27,7.46,7.46,0.018,3,0,0,0.0,0.0,2
710,150.0,2678,148.4,149.73,0.27,9.71,9.71,0.046,3,0,0,0.0,0.0,2
720,150.0,2716,152.41,151.07,-1.07,7.34,7.34,0.017,3,0,0,0.0,0.0,2
730,150.0,2753,148.4,149.73,0.27,9.59,9.59,0.045,3,0,0,0.0,0.0,2
740,150.0,2790,148.4,149.73,0.27,9.83,9.83,0.047,3,0,0,0.0,0.0,2
750,150.0,2828,152.41,149.73,0.27,7.46,7.46,0.018,3,0,0,0.0,0.0,2
760,150.0,2865,148.4,149.73,0.27,9.71,9.71,0.046,3,0,0,0.0,0.0,2
770,150.0,2903,152.41,151.07,-1.07,7.34,7.34,0.017,3,0,0,0.0,0.0,2
780,150.0,2940,148.4,149.73,0.27,9.59,9.59,0.045,3,0,0,0.0,0.0,2
790,150.0,2977,148.4,149.73,0.27,9.83,9.83,0.047,3,0,0,0.0,0.0,2
800,150.0,3015,152.41,149.73,0.27,7.46,7.46,0.018,3,0,0,0.0,0.0,2
810,150.0,3052,148.4,149.73,0.27,9.71,9.71,0.046,3,0,0,0.0,0.0,2
820,150.0,3090,152.41,151.07,-1.07,7.34,7.34,0.017,3,0,0,0.0,0.0,2
830,150.0,3127,148.4,149.73,0.27,9.59,9.59,0.045,3,0,0,0.0,0.0,2
840,150.0,3164,148.4,149.73,0.27,9.83,9.83,0.047,3,0,0,0.0,0.0,2
850,150.0,3202,152.41,149.73,0.27,7.46,7.46,0.018,3,0,0,0.0,0.0,2
860,150.0,3239,148.4,149.73,0.27,9.71,9.71,0.046,3,0,0,0.0,0.0,2
870,150.0,3276,148.4,149.73,0.27,9.95,9.95,0.049,3,0,0,0.0,0.0,2
880,150.0,3314,152.41,149.73,0.27,7.58,7.58,0.02,3,0,0,0.0,0.0,2
890,150.0,3351,148.4,149.73,0.27,9.83,9.83,0.047,3,0,0,0.0,0.0,2
900,150.0,3389,152.41,151.07,-1.07,7.46,7.46,0.018,3,0,0,0.0,0.0,2
910,150.0,3427,152.41,151.07,-1.07,7.1,7.1,0.015,3,0,0,0.0,0.0,2
920,150.0,3463,144.39,149.73,0.27,11.95,11.95,0.074,3,0,0,0.0,0.0,2
930,150.0,3501,152.41,149.73,0.27,7.58,7.58,0.02,3,0,0,0.0,0.0,2
940,150.0,3539,152.41,149.73,0.27,7.22,7.22,0.016,3,0,0,0.0,0.0,2
950,150.0,3576,148.4,151.07,-1.07,9.47,9.47,0.044,3,0,0,0.0,0.0,2
960,150.0,3613,148.4,149.73,0.27,9.71,9.71,0.046,3,0,0,0.0,0.0,2
970,150.0,3650,148.4,148.4,1.6,9.95,9.95,0.049,3,0,0,0.0,0.0,2
980,150.0,3688,152.41,149.73,0.27,7.58,7.58,0.02,3,0,0,0.0,0.0,2
990,150.0,3725,148.4,149.73,0.27,9.83,9.83,0.047,3,0,0,0.0,0.0,2
1000,150.0,3763,152.41,151.07,-1.07,7.46,7.46,0.018,3,0,0,0.0,0.0,2
1010,150.0,3800,148.4,149.73,0.27,9.71,9.71,0.046,3,0,0,0.0,0.0,2
1020,150.0,3838,152.41,151.07,-1.07,7.34,7.34,0.017,3,0,0,0.0,0.0,2
1030,150.0,3875,148.4,149.73,0.27,9.59,9.59,0.045,3,0,0,0.0,0.0,2
1040,150.0,3912,148.4,149.73,0.27,9.83,9.83,0.047,3,0,0,0.0,0.0,2
1050,150.0,3950,152.41,149.73,0.27,7.46,7.46,0.018,3,0,0,0.0,0.0,2
1060,150.0,3987,148.4,149.73,0.27,9.71,9.71,0.046,3,0,0,0.0,0.0,2
1070,150.0,4025,152.41,151.07,-1.07,7.34,7.34,0.017,3,0,0,0.0,0.0,2
1080,150.0,4062,148.4,149.73,0.27,9.59,9.59,0.045,3,0,0,0.0,0.0,2
1090,150.0,4099,148.4,149.73,0.27,9.83,9.83,0.047,3,0,0,0.0,0.0,2
1100,150.0,4137,152.41,149.73,0.27,7.46,7.46,0.018,3,0,0,0.0,0.0,2
1110,150.0,4174,148.4,149.73,0.27,9.71,9.71,0.046,3,0,0,0.0,0.0,2
1120,150.0,4212,152.41,151.07,-1.07,7.34,7.34,0.017,3,0,0,0.0,0.0,2
1130,150.0,4249,148.4,149.73,0.27,9.59,9.59,0.045,3,0,0,0.0,0.0,2
1140,150.0,4286,148.4,149.73,0.27,9.83,9.83,0.047,3,0,0,0.0,0.0,2
1150,150.0,4324,152.41,149.73,0.27,7.46,7.46,0.018,3,0,0,0.0,0.0,2
1160,150.0,4361,148.4,149.73,0.27,9.71,9.71,0.046,3,0,0,0.0,0.0,2
1170,150.0,4399,152.41,151.07,-1.07,7.34,7.34,0.017,3,0,0,0.0,0.0,2
1180,150.0,4436,148.4,149.73,0.27,9.59,9.59,0.045,3,0,0,0.0,0.0,2
1190,150.0,4473,148.4,149.73,0.27,9.83,9.83,0.047,3,0,0,0.0,0.0,2
1200,150.0,4511,152.41,149.73,0.27,7.46,7.46,0.018,3,0,0,0.0,0.0,2
1210,150.0,4548,148.4,149.73,0.27,9.71,9.71,0.046,3,0,0,0.0,0.0,2
1220,150.0,4585,148.4,149.73,0.27,9.95,9.95,0.049,3,0,0,0.0,0.0,2
1230,150.0,4623,152.41,149.73,0.27,7.58,7.58,0.02,3,0,0,0.0,0.0,2
1240,150.0,4661,152.41,151.07,-1.07,7.22,7.22,0.016,3,0,0,0.0,0.0,2
1250,150.0,4698,148.4,151.07,-1.07,9.47,9.47,0.044,3,0,0,0.0,0.0,2
1260,150.0,4735,148.4,149.73,0.27,9.71,9.71,0.046,3,0,0,0.0,0.0,2
1270,150.0,4772,148.4,148.4,1.6,9.95,9.95,0.049,3,0,0,0.0,0.0,2
1280,150.0,4810,152.41,149.73,0.27,7.58,7.58,0.02,3,0,0,0.0,0.0,2
1290,150.0,4848,152.41,151.07,-1.07,7.22,7.22,0.016,3,0,0,0.0,0.0,2
1300,150.0,4885,148.4,151.07,-1.07,9.47,9.47,0.044,3,0,0,0.0,0.0,2
1310,150.0,4922,148.4,149.73,0.27,9.71,9.71,0.046,3,0,0,0.0,0.0,2
1320,150.0,4959,148.4,148.4,1.6,9.95,9.95,0.049,3,0,0,0.0,0.0,2
1330,150.0,4997,152.41,149.73,0.27,7.58,7.58,0.02,3,0,0,0.0,0.0,2
1340,150.0,5034,148.4,149.73,0.27,9.83,9.83,0.047,3,0,0,0.0,0.0,2
1350,150.0,5072,152.41,151.07,-1.07,7.46,7.46,0.018,3,0,0,0.0,0.0,2
1360,150.0,5109,148.4,149.73,0.27,9.71,9.71,0.046,3,0,0,0.0,0.0,2
1370,150.0,5147,152.41,151.07,-1.07,7.34,7.34,0.017,3,0,0,0.0,0.0,2
1380,150.0,5184,148.4,149.73,0.27,9.59,9.59,0.045,3,0,0,0.0,0.0,2
1390,150.0,5221,148.4,149.73,0.27,9.83,9.83,0.047,3,0,0,0.0,0.0,2
1400,150.0,5259,152.41,149.73,0.27,7.46,7.46,0.018,3,0,0,0.0,0.0,2
1410,150.0,5296,148.4,149.73,0.27,9.71,9.71,0.046,3,0,0,0.0,0.0,2
1420,150.0,5334,152.41,151.07,-1.07,7.34,7.34,0.017,3,0,0,0.0,0.0,2
1430,150.0,5371,148.4,149.73,0.27,9.59,9.59,0.045,3,0,0,0.0,0.0,2
1440,150.0,5408,148.4,149.73,0.27,9.83,9.83,0.047,3,0,0,0.0,0.0,2
1450,150.0,5446,152.41,149.73,0.27,7.46,7.46,0.018,3,0,0,0.0,0.0,2
1460,150.0,5483,148.4,149.73,0.27,9.71,9.71,0.046,3,0,0,0.0,0.0,2
1470,150.0,5521,152.41,151.07,-1.07,7.34,7.34,0.017,3,0,0,0.0,0.0,2
1480,150.0,5558,148.4,149.73,0.27,9.59,9.59,0.045,3,0,0,0.0,0.0,2
1490,150.0,5595,148.4,149.73,0.27,9.83,9.83,0.047,3,0,0,0.0,0.0,2
1500,150.0,5633,152.41,149.73,0.27,7.46,7.46,0.018,3,0,0,0.0,0.0,2
1510,150.0,5670,148.4,149.73,0.27,9.71,9.71,0.046,3,0,0,0.0,0.0,2
1520,150.0,5708,152.41,151.07,-1.07,7.34,7.34,0.017,3,0,0,0.0,0.0,2
1530,150.0,5745,148.4,149.73,0.27,9.59,9.59,0.045,3,0,0,0.0,0.0,2
1540,150.0,5782,148.4,149.73,0.27,9.83,9.83,0.047,3,0,0,0.0,0.0,2
1550,150.0,5820,152.41,149.73,0.27,7.46,7.46,0.018,3,0,0,0.0,0.0,2
1560,150.0,5857,148.4,149.73,0.27,9.71,9.71,0.046,3,0,0,0.0,0.0,2
1570,150.0,5895,152.41,151.07,-1.07,7.34,7.34,0.017,3,0,0,0.0,0.0,2
1580,150.0,5932,148.4,149.73,0.27,9.59,9.59,0.045,3,0,0,0.0,0.0,2
1590,150.0,5969,148.4,149.73,0.27,9.83,9.83,0.047,3,0,0,0.0,0.0,2
1600,150.0,6007,152.41,149.73,0.27,7.46,7.46,0.018,3,0,0,0.0,0.0,2
1610,150.0,6044,148.4,149.73,0.27,9.71,9.71,0.046,3,0,0,0.0,0.0,2
1620,150.0,6081,148.4,149.73,0.27,9.95,9.95,0.049,3,0,0,0.0,0.0,2
1630,150.0,6119,152.41,149.73,0.27,7.58,7.58,0.02,3,0,0,0.0,0.0,2
1640,150.0,6157,152.41,151.07,-1.07,7.22,7.22,0.016,3,0,0,0.0,0.0,2
1650,150.0,6194,148.4,151.07,-1.07,9.47,9.47,0.044,3,0,0,0.0,0.0,2
1660,150.0,6231,148.4,149.73,0.27,9.71,9.71,0.046,3,0,0,0.0,0.0,2
1670,150.0,6268,148.4,148.4,1.6,9.95,9.95,0.049,3,0,0,0.0,0.0,2
1680,150.0,6306,152.41,149.73,0.27,7.58,7.58,0.02,3,0,0,0.0,0.0,2
1690,150.0,6343,148.4,149.73,0.27,9.83,9.83,0.047,3,0,0,0.0,0.0,2
1700,150.0,6381,152.41,151.07,-1.07,7.46,7.46,0.018,3,0,0,0.0,0.0,2
1710,150.0,6418,148.4,149.73,0.27,9.71,9.71,0.046,3,0,0,0.0,0.0,2
1720,150.0,6456,152.41,151.07,-1.07,7.34,7.34,0.017,3,0,0,0.0,0.0,2
1730,150.0,6493,148.4,149.73,0.27,9.59,9.59,0.045,3,0,0,0.0,0.0,2
1740,150.0,6531,152.41,151.07,-1.07,7.22,7.22,0.016,3,0,0,0.0,0.0,2
1750,150.0,6568,148.4,149.73,0.27,9.47,9.47,0.044,3,0,0,0.0,0.0,2
1760,150.0,6605,148.4,149.73,0.27,9.71,9.71,0.046,3,0,0,0.0,0.0,2
1770,150.0,6642,148.4,148.4,1.6,9.95,9.95,0.049,3,0,0,0.0,0.0,2
1780,150.0,6680,152.41,149.73,0.27,7.58,7.58,0.02,3,0,0,0.0,0.0,2
1790,150.0,6717,148.4,149.73,0.27,9.83,9.83,0.047,3,0,0,0.0,0.0,2
1800,150.0,6755,152.41,151.07,-1.07,7.46,7.46,0.018,3,0,0,0.0,0.0,2
1810,150.0,6792,148.4,149.73,0.27,9.71,9.71,0.046,3,0,0,0.0,0.0,2
1820,150.0,6830,152.41,151.07,-1.07,7.34,7.34,0.017,3,0,0,0.0,0.0,2
1830,150.0,6867,148.4,149.73,0.27,9.59,9.59,0.045,3,0,0,0.0,0.0,2
1840,150.0,6904,148.4,149.73,0.27,9.83,9.83,0.047,3,0,0,0.0,0.0,2
1850,150.0,6942,152.41,149.73,0.27,7.46,7.46,0.018,3,0,0,0.0,0.0,2
1860,150.0,6979,148.4,149.73,0.27,9.71,9.71,0.046,3,0,0,0.0,0.0,2
1870,150.0,7017,152.41,151.07,-1.07,7.34,7.34,0.017,3,0,0,0.0,0.0,2
1880,150.0,7054,148.4,149.73,0.27,9.59,9.59,0.045,3,0,0,0.0,0.0,2
1890,150.0,7091,148.4,149.73,0.27,9.83,9.83,0.047,3,0,0,0.0,0.0,2
1900,150.0,7129,152.41,149.73,0.27,7.46,7.46,0.018,3,0,0,0.0,0.0,2
1910,150.0,7166,148.4,149.73,0.27,9.71,9.71,0.046,3,0,0,0.0,0.0,2
1920,150.0,7204,152.41,151.07,-1.07,7.34,7.34,0.017,3,0,0,0.0,0.0,2
1930,150.0,7241,148.4,149.73,0.27,9.59,9.59,0.045,3,0,0,0.0,0.0,2
1940,150.0,7278,148.4,149.73,0.27,9.83,9.83,0.047,3,0,0,0.0,0.0,2
1950,150.0,7316,152.41,149.73,0.27,7.46,7.46,0.018,3,0,0,0.0,0.0,2
1960,150.0,7353,148.4,149.73,0.27,9.71,9.71,0.046,3,0,0,0.0,0.0,2
1970,150.0,7390,148.4,149.73,0.27,9.95,9.95,0.048,3,0,0,0.0,0.0,2
1980,150.0,7428,152.41,149.73,0.27,7.58,7.58,0.02,3,0,0,0.0,0.0,2
1990,150.0,7466,152.41,151.07,-1.07,7.22,7.22,0.016,3,0,0,0.0,0.0,2
2000,150.0,7503,148.4,151.07,-1.07,9.47,9.47,0.044,3,0,0,0.0,0.0,2
2010,150.0,7540,148.4,149.73,0.27,9.71,9.71,0.046,3,0,0,0.0,0.0,2
2020,150.0,7577,148.4,148.4,1.6,9.95,9.95,0.049,3,0,0,0.0,0.0,2
2030,150.0,7615,152.41,149.73,0.27,7.58,7.58,0.02,3,0,0,0.0,0.0,2
2040,150.0,7653,152.41,151.07,-1.07,7.22,7.22,0.016,3,0,0,0.0,0.0,2
2050,150.0,7690,148.4,151.07,-1.07,9.47,9.47,0.044,3,0,0,0.0,0.0,2
2060,150.0,7727,148.4,149.73,0.27,9.71,9.71,0.046,3,0,0,0.0,0.0,2
2070,150.0,7764,148.4,148.4,1.6,9.95,9.95,0.049,3,0,0,0.0,0.0,2
2080,150.0,7802,152.41,149.73,0.27,7.58,7.58,0.02,3,0,0,0.0,0.0,2
2090,150.0,7839,148.4,149.73,0.27,9.83,9.83,0.047,3,0,0,0.0,0.0,2
2100,150.0,7877,152.41,151.07,-1.07,7.46,7.46,0.018,3,0,0,0.0,0.0,2
2110,150.0,7914,148.4,149.73,0.27,9.71,9.71,0.046,3,0,0,0.0,0.0,2
2120,150.0,7952,152.41,151.07,-1.07,7.34,7.34,0.017,3,0,0,0.0,0.0,2
2130,150.0,7989,148.4,149.73,0.27,9.59,9.59,0.045,3,0,0,0.0,0.0,2
2140,150.0,8026,148.4,149.73,0.27,9.83,9.83,0.047,3,0,0,0.0,0.0,2
2150,150.0,8064,152.41,149.73,0.27,7.46,7.46,0.018,3,0,0,0.0,0.0,2
2160,150.0,8101,148.4,149.73,0.27,9.71,9.71,0.046,3,0,0,0.0,0.0,2
2170,150.0,8139,152.41,151.07,-1.07,7.34,7.34,0.017,3,0,0,0.0,0.0,2
2180,150.0,8176,148.4,149.73,0.27,9.59,9.59,0.045,3,0,0,0.0,0.0,2
2190,150.0,8213,148.4,149.73,0.27,9.83,9.83,0.047,3,0,0,0.0,0.0,2
2200,150.0,8251,152.41,149.73,0.27,7.46,7.46,0.018,3,0,0,0.0,0.0,2
2210,150.0,8288,148.4,149.73,0.27,9.71,9.71,0.046,3,0,0,0.0,0.0,2
2220,150.0,8326,152.41,151.07,-1.07,7.34,7.34,0.017,3,0,0,0.0,0.0,2
2230,150.0,8363,148.4,149.73,0.27,9.59,9.59,0.045,3,0,0,0.0,0.0,2
2240,150.0,8400,148.4,149.73,0.27,9.83,9.83,0.047,3,0,0,0.0,0.0,2
2250,150.0,8438,152.41,149.73,0.27,7.46,7.46,0.018,3,0,0,0.0,0.0,2
2260,150.0,8475,148.4,149.73,0.27,9.71,9.71,0.046,3,0,0,0.0,0.0,2
2270,150.0,8513,152.41,151.07,-1.07,7.34,7.34,0.017,3,0,0,0.0,0.0,2
2280,150.0,8550,148.4,149.73,0.27,9.59,9.59,0.045,3,0,0,0.0,0.0,2
2290,150.0,8587,148.4,149.73,0.27,9.83,9.83,0.047,3,0,0,0.0,0.0,2
2300,150.0,8625,152.41,149.73,0.27,7.46,7.46,0.018,3,0,0,0.0,0.0,2
2310,150.0,8662,148.4,149.73,0.27,9.71,9.71,0.046,3,0,0,0.0,0.0,2
2320,150.0,8700,152.41,151.07,-1.07,7.34,7.34,0.017,3,0,0,0.0,0.0,2
2330,150.0,8737,148.4,149.73,0.27,9.59,9.59,0.045,3,0,0,0.0,0.0,2
2340,150.0,8774,148.4,149.73,0.27,9.83,9.83,0.047,3,0,0,0.0,0.0,2
2350,150.0,8812,152.41,149.73,0.27,7.46,7.46,0.018,3,0,0,0.0,0.0,2
2360,150.0,8849,148.4,149.73,0.27,9.71,9.71,0.046,3,0,0,0.0,0.0,2
2370,150.0,8886,148.4,149.73,0.27,9.95,9.95,0.049,3,0,0,0.0,0.0,2
2380,150.0,8924,152.41,149.73,0.27,7.58,7.58,0.02,3,0,0,0.0,0.0,2
2390,150.0,8962,152.41,151.07,-1.07,7.22,7.22,0.016,3,0,0,0.0,0.0,2
2400,150.0,8999,148.4,151.07,-1.07,9.47,9.47,0.044,3,0,0,0.0,0.0,2
2410,150.0,9036,148.4,149.73,0.27,9.71,9.71,0.046,3,0,0,0.0,0.0,2
2420,150.0,9073,148.4,148.4,1.6,9.95,9.95,0.049,3,0,0,0.0,0.0,2
2430,150.0,9111,152.41,149.73,0.27,7.58,7.58,0.02,3,0,0,0.0,0.0,2
2440,150.0,9148,148.4,149.73,0.27,9.83,9.83,0.047,3,0,0,0.0,0.0,2
2450,150.0,9186,152.41,151.07,-1.07,7.46,7.46,0.018,3,0,0,0.0,0.0,2
2460,150.0,9223,148.4,149.73,0.27,9.71,9.71,0.046,3,0,0,0.0,0.0,2
2470,150.0,9261,152.41,151.07,-1.07,7.34,7.34,0.017,3,0,0,0.0,0.0,2
2480,150.0,9298,148.4,149.73,0.27,9.59,9.59,0.045,3,0,0,0.0,0.0,2
2490,150.0,9336,152.41,151.07,-1.07,7.22,7.22,0.016,3,0,0,0.0,0.0,2
2500,150.0,9373,148.4,149.73,0.27,9.47,9.47,0.044,3,0,0,0.0,0.0,2
2510,150.0,9410,148.4,149.73,0.27,9.71,9.71,0.046,3,0,0,0.0,0.0,2
2520,150.0,9447,148.4,148.4,1.6,9.95,9.95,0.049,3,0,0,0.0,0.0,2
2530,150.0,9485,152.41,149.73,0.27,7.58,7.58,0.02,3,0,0,0.0,0.0,2
2540,150.0,9522,148.4,149.73,0.27,9.83,9.83,0.047,3,0,0,0.0,0.0,2
2550,150.0,9560,152.41,151.07,-1.07,7.46,7.46,0.018,3,0,0,0.0,0.0,2
2560,150.0,9597,148.4,149.73,0.27,9.71,9.71,0.046,3,0,0,0.0,0.0,2
2570,150.0,9635,152.41,151.07,-1.07,7.34,7.34,0.017,3,0,0,0.0,0.0,2
2580,150.0,9672,148.4,149.73,0.27,9.59,9.59,0.045,3,0,0,0.0,0.0,2
2590,150.0,9709,148.4,149.73,0.27,9.83,9.83,0.047,3,0,0,0.0,0.0,2
2600,150.0,9747,152.41,149.73,0.27,7.46,7.46,0.018,3,0,0,0.0,0.0,2
2610,150.0,9784,148.4,149.73,0.27,9.71,9.71,0.046,3,0,0,0.0,0.0,2
2620,150.0,9822,152.41,151.07,-1.07,7.34,7.34,0.017,3,0,0,0.0,0.0,2
2630,150.0,9859,148.4,149.73,0.27,9.59,9.59,0.045,3,0,0,0.0,0.0,2
2640,150.0,9896,148.4,149.73,0.27,9.83,9.83,0.047,3,0,0,0.0,0.0,2
2650,150.0,9934,152.41,149.73,0.27,7.46,7.46,0.018,3,0,0,0.0,0.0,2
2660,150.0,9971,148.4,149.73,0.27,9.71,9.71,0.046,3,0,0,0.0,0.0,2
2670,150.0,10009,152.41,151.07,-1.07,7.34,7.34,0.017,3,0,0,0.0,0.0,2
2680,150.0,10046,148.4,149.73,0.27,9.59,9.59,0.045,3,0,0,0.0,0.0,2
2690,150.0,10083,148.4,149.73,0.27,9.83,9.83,0.047,3,0,0,0.0,0.0,2
2700,150.0,10121,152.41,149.73,0.27,7.46,7.46,0.018,3,0,0,0.0,0.0,2
2710,150.0,10158,148.4,149.73,0.27,9.71,9.71,0.046,3,0,0,0.0,0.0,2
2720,150.0,10195,148.4,149.73,0.27,9.95,9.95,0.048,3,0,0,0.0,0.0,2
2730,150.0,10233,152.41,149.73,0.27,7.58,7.58,0.02,3,0,0,0.0,0.0,2
2740,150.0,10271,152.41,151.07,-1.07,7.22,7.22,0.016,3,0,0,0.0,0.0,2
2750,150.0,10308,148.4,151.07,-1.07,9.47,9.47,0.044,3,0,0,0.0,0.0,2
2760,150.0,10345,148.4,149.73,0.27,9.71,9.71,0.046,3,0,0,0.0,0.0,2
2770,150.0,10382,148.4,148.4,1.6,9.95,9.95,0.049,3,0,0,0.0,0.0,2
2780,150.0,10420,152.41,149.73,0.27,7.58,7.58,0.02,3,0,0,0.0,0.0,2
2790,150.0,10458,152.41,151.07,-1.07,7.22,7.22,0.016,3,0,0,0.0,0.0,2
2800,150.0,10495,148.4,151.07,-1.07,9.47,9.47,0.044,3,0,0,0.0,0.0,2
2810,150.0,10532,148.4,149.73,0.27,9.71,9.71,0.046,3,0,0,0.0,0.0,2
2820,150.0,10569,148.4,148.4,1.6,9.95,9.95,0.049,3,0,0,0.0,0.0,2
2830,150.0,10607,152.41,149.73,0.27,7.58,7.58,0.02,3,0,0,0.0,0.0,2
2840,150.0,10644,148.4,149.73,0.27,9.83,9.83,0.047,3,0,0,0.0,0.0,2
2850,150.0,10682,152.41,151.07,-1.07,7.46,7.46,0.018,3,0,0,0.0,0.0,2
2860,150.0,10719,148.4,149.73,0.27,9.71,9.71,0.046,3,0,0,0.0,0.0,2
2870,150.0,10757,152.41,151.07,-1.07,7.34,7.34,0.017,3,0,0,0.0,0.0,2
2880,150.0,10794,148.4,149.73,0.27,9.59,9.59,0.045,3,0,0,0.0,0.0,2
2890,150.0,10832,152.41,151.07,-1.07,7.22,7.22,0.016,3,0,0,0.0,0.0,2
2900,150.0,10869,148.4,149.73,0.27,9.47,9.47,0.044,3,0,0,0.0,0.0,2
2910,150.0,10906,148.4,149.73,0.27,9.71,9.71,0.046,3,0,0,0.0,0.0,2
2920,150.0,10943,148.4,148.4,1.6,9.95,9.95,0.049,3,0,0,0.0,0.0,2
2930,150.0,10981,152.41,149.73,0.27,7.58,7.58,0.02,3,0,0,0.0,0.0,2
2940,150.0,11018,148.4,149.73,0.27,9.83,9.83,0.047,3,0,0,0.0,0.0,2
2950,150.0,11056,152.41,151.07,-1.07,7.46,7.46,0.018,3,0,0,0.0,0.0,2
2960,150.0,11093,148.4,149.73,0.27,9.71,9.71,0.046,3,0,0,0.0,0.0,2
2970,150.0,11131,152.41,151.07,-1.07,7.34,7.34,0.017,3,0,0,0.0,0.0,2
2980,150.0,11168,148.4,149.73,0.27,9.59,9.59,0.045,3,0,0,0.0,0.0,2
2990,150.0,11205,148.4,149.73,0.27,9.83,9.83,0.047,3,0,0,0.0,0.0,2
3000,150.0,11243,152.41,149.73,0.27,7.46,7.46,0.018,3,0,1,1.0,0.01,2
3010,150.0,11275,128.34,143.05,6.95,22.74,22.74,0.211,3,0,1,1.0,0.01,2
3020,150.0,11307,128.34,136.36,13.64,25.99,25.99,0.252,3,0,1,1.0,0.01,2
3030,150.0,11339,128.34,128.34,21.66,29.24,29.24,0.291,3,0,1,1.0,0.01,2
3040,150.0,11371,128.34,128.34,21.66,32.49,32.49,0.328,3,0,1,1.0,0.01,2
3050,150.0,11405,136.36,131.02,18.98,30.52,30.52,0.302,3,0,1,1.0,0.01,2
3060,150.0,11440,140.37,135.03,14.97,29.96,29.96,0.293,3,0,1,1.0,0.01,2
3070,150.0,11476,144.39,140.37,9.63,28.8,28.8,0.278,3,0,1,1.0,0.01,2
3080,150.0,11513,148.4,144.39,5.61,27.03,27.03,0.256,3,0,1,1.0,0.01,2
3090,150.0,11549,144.39,145.72,4.28,29.88,29.88,0.29,3,0,1,1.0,0.01,2
3100,150.0,11586,148.4,147.06,2.94,28.11,28.11,0.267,3,0,1,1.0,0.01,2
3110,150.0,11624,152.41,148.4,1.6,25.75,25.75,0.238,3,0,1,1.0,0.01,2
3120,150.0,11660,144.39,148.4,1.6,30.6,30.6,0.297,3,0,1,1.0,0.01,2
3130,150.0,11698,152.41,149.73,0.27,26.23,26.23,0.243,3,0,1,1.0,0.01,2
3140,150.0,11736,152.41,149.73,0.27,25.87,25.87,0.24,3,0,1,1.0,0.01,2
3150,150.0,11773,148.4,151.07,-1.07,28.11,28.11,0.267,3,0,1,1.0,0.01,2
3160,150.0,11810,148.4,149.73,0.27,28.36,28.36,0.27,3,0,1,1.0,0.01,2
3170,150.0,11848,152.41,149.73,0.27,25.99,25.99,0.241,3,0,1,1.0,0.01,2
3180,150.0,11885,148.4,149.73,0.27,28.24,28.24,0.268,3,0,1,1.0,0.01,2
3190,150.0,11923,152.41,151.07,-1.07,25.87,25.87,0.24,3,0,1,1.0,0.01,2
3200,150.0,11960,148.4,149.73,0.27,28.11,28.11,0.267,3,0,1,1.0,0.01,2
3210,150.0,11997,148.4,149.73,0.27,28.36,28.36,0.27,3,0,1,1.0,0.01,2
3220,150.0,12035,152.41,149.73,0.27,25.99,25.99,0.241,3,0,1,1.0,0.01,2
3230,150.0,12072,148.4,149.73,0.27,28.24,28.24,0.268,3,0,1,1.0,0.01,2
3240,150.0,12110,152.41,151.07,-1.07,25.87,25.87,0.24,3,0,1,1.0,0.01,2
3250,150.0,12147,148.4,149.73,0.27,28.11,28.11,0.267,3,0,1,1.0,0.01,2
3260,150.0,12184,148.4,149.73,0.27,28.36,28.36,0.27,3,0,1,1.0,0.01,2
3270,150.0,12222,152.41,149.73,0.27,25.99,25.99,0.241,3,0,1,1.0,0.01,2
3280,150.0,12259,148.4,149.73,0.27,28.24,28.24,0.268,3,0,1,1.0,0.01,2
3290,150.0,12296,148.4,149.73,0.27,28.48,28.48,0.271,3,0,1,1.0,0.01,2
3300,150.0,12334,152.41,149.73,0.27,26.11,26.11,0.242,3,0,1,1.0,0.01,2
3310,150.0,12372,152.41,151.07,-1.07,25.75,25.75,0.238,3,0,1,1.0,0.01,2
3320,150.0,12409,148.4,151.07,-1.07,27.99,27.99,0.266,3,0,1,1.0,0.01,2
3330,150.0,12446,148.4,149.73,0.27,28.24,28.24,0.268,3,0,1,1.0,0.01,2
3340,150.0,12484,152.41,149.73,0.27,25.87,25.87,0.24,3,0,1,1.0,0.01,2
3350,150.0,12521,148.4,149.73,0.27,28.11,28.11,0.267,3,0,1,1.0,0.01,2
3360,150.0,12558,148.4,149.73,0.27,28.36,28.36,0.27,3,0,1,1.0,0.01,2
3370,150.0,12596,152.41,149.73,0.27,25.99,25.99,0.241,3,0,1,1.0,0.01,2
3380,150.0,12633,148.4,149.73,0.27,28.24,28.24,0.268,3,0,1,1.0,0.01,2
3390,150.0,12670,148.4,149.73,0.27,28.48,28.48,0.271,3,0,1,1.0,0.01,2
3400,150.0,12708,152.41,149.73,0.27,26.11,26.11,0.242,3,0,1,1.0,0.01,2
3410,150.0,12746,152.41,151.07,-1.07,25.75,25.75,0.238,3,0,1,1.0,0.01,2
3420,150.0,12783,148.4,151.07,-1.07,27.99,27.99,0.266,3,0,1,1.0,0.01,2
3430,150.0,12820,148.4,149.73,0.27,28.24,28.24,0.268,3,0,1,1.0,0.01,2
3440,150.0,12857,148.4,148.4,1.6,28.48,28.48,0.271,3,0,1,1.0,0.01,2
3450,150.0,12895,152.41,149.73,0.27,26.11,26.11,0.242,3,0,1,1.0,0.01,2
3460,150.0,12933,152.41,151.07,-1.07,25.75,25.75,0.238,3,0,1,1.0,0.01,2
3470,150.0,12970,148.4,151.07,-1.07,27.99,27.99,0.266,3,0,1,1.0,0.01,2
3480,150.0,13007,148.4,149.73,0.27,28.24,28.24,0.268,3,0,1,1.0,0.01,2
3490,150.0,13044,148.4,148.4,1.6,28.48,28.48,0.271,3,0,1,1.0,0.01,2
3500,150.0,13082,152.41,149.73,0.27,26.11,26.11,0.242,3,0,1,1.0,0.01,2
3510,150.0,13120,152.41,151.07,-1.07,25.75,25.75,0.238,3,0,1,1.0,0.01,2
3520,150.0,13157,148.4,151.07,-1.07,27.99,27.99,0.266,3,0,1,1.0,0.01,2
3530,150.0,13194,148.4,149.73,0.27,28.24,28.24,0.268,3,0,1,1.0,0.01,2
3540,150.0,13231,148.4,148.4,1.6,28.48,28.48,0.271,3,0,1,1.0,0.01,2
3550,150.0,13269,152.41,149.73,0.27,26.11,26.11,0.242,3,0,1,1.0,0.01,2
3560,150.0,13307,152.41,151.07,-1.07,25.75,25.75,0.238,3,0,1,1.0,0.01,2
3570,150.0,13344,148.4,151.07,-1.07,27.99,27.99,0.266,3,0,1,1.0,0.01,2
3580,150.0,13381,148.4,149.73,0.27,28.24,28.24,0.268,3,0,1,1.0,0.01,2
3590,150.0,13418,148.4,148.4,1.6,28.48,28.48,0.271,3,0,1,1.0,0.01,2
3600,150.0,13456,152.41,149.73,0.27,26.11,26.11,0.242,3,0,1,1.0,0.01,2
3610,150.0,13494,152.41,151.07,-1.07,25.75,25.75,0.238,3,0,1,1.0,0.01,2
3620,150.0,13531,148.4,151.07,-1.07,27.99,27.99,0.266,3,0,1,1.0,0.01,2
3630,150.0,13568,148.4,149.73,0.27,28.24,28.24,0.268,3,0,1,1.0,0.01,2
3640,150.0,13605,148.4,148.4,1.6,28.48,28.48,0.271,3,0,1,1.0,0.01,2
3650,150.0,13643,152.41,149.73,0.27,26.11,26.11,0.242,3,0,1,1.0,0.01,2
3660,150.0,13680,148.4,149.73,0.27,28.36,28.36,0.27,3,0,1,1.0,0.01,2
3670,150.0,13718,152.41,151.07,-1.07,25.99,25.99,0.241,3,0,1,1.0,0.01,2
3680,150.0,13756,152.41,151.07,-1.07,25.63,25.63,0.237,3,0,1,1.0,0.01,2
3690,150.0,13792,144.39,149.73,0.27,30.48,30.48,0.296,3,0,1,1.0,0.01,2
3700,150.0,13830,152.41,149.73,0.27,26.11,26.11,0.242,3,0,1,1.0,0.01,2
3710,150.0,13868,152.41,149.73,0.27,25.75,25.75,0.238,3,0,1,1.0,0.01,2
3720,150.0,13905,148.4,151.07,-1.07,27.99,27.99,0.266,3,0,1,1.0,0.01,2
3730,150.0,13942,148.4,149.73,0.27,28.24,28.24,0.268,3,0,1,1.0,0.01,2
3740,150.0,13979,148.4,148.4,1.6,28.48,28.48,0.271,3,0,1,1.0,0.01,2
3750,150.0,14017,152.41,149.73,0.27,26.11,26.11,0.242,3,0,1,1.0,0.01,2
3760,150.0,14054,148.4,149.73,0.27,28.36,28.36,0.27,3,0,1,1.0,0.01,2
3770,150.0,14092,152.41,151.07,-1.07,25.99,25.99,0.241,3,0,1,1.0,0.01,2
3780,150.0,14129,148.4,149.73,0.27,28.24,28.24,0.268,3,0,1,1.0,0.01,2
3790,150.0,14167,152.41,151.07,-1.07,25.87,25.87,0.239,3,0,1,1.0,0.01,2
3800,150.0,14204,148.4,149.73,0.27,28.11,28.11,0.267,3,0,1,1.0,0.01,2
3810,150.0,14242,152.41,151.07,-1.07,25.75,25.75,0.238,3,0,1,1.0,0.01,2
3820,150.0,14279,148.4,149.73,0.27,27.99,27.99,0.266,3,0,1,1.0,0.01,2
3830,150.0,14316,148.4,149.73,0.27,28.24,28.24,0.269,3,0,1,1.0,0.01,2
3840,150.0,14353,148.4,148.4,1.6,28.48,28.48,0.271,3,0,1,1.0,0.01,2
3850,150.0,14391,152.41,149.73,0.27,26.11,26.11,0.242,3,0,1,1.0,0.01,2
3860,150.0,14428,148.4,149.73,0.27,28.36,28.36,0.27,3,0,1,1.0,0.01,2
3870,150.0,14466,152.41,151.07,-1.07,25.99,25.99,0.241,3,0,1,1.0,0.01,2
3880,150.0,14503,148.4,149.73,0.27,28.24,28.24,0.268,3,0,1,1.0,0.01,2
3890,150.0,14541,152.41,151.07,-1.07,25.87,25.87,0.239,3,0,1,1.0,0.01,2
3900,150.0,14578,148.4,149.73,0.27,28.11,28.11,0.267,3,0,1,1.0,0.01,2
3910,150.0,14616,152.41,151.07,-1.07,25.75,25.75,0.238,3,0,1,1.0,0.01,2
3920,150.0,14653,148.4,149.73,0.27,27.99,27.99,0.266,3,0,1,1.0,0.01,2
3930,150.0,14690,148.4,149.73,0.27,28.24,28.24,0.269,3,0,1,1.0,0.01,2
3940,150.0,14727,148.4,148.4,1.6,28.48,28.48,0.271,3,0,1,1.0,0.01,2
3950,150.0,14765,152.41,149.73,0.27,26.11,26.11,0.242,3,0,1,1.0,0.01,2
3960,150.0,14802,148.4,149.73,0.27,28.36,28.36,0.27,3,0,1,1.0,0.01,2
3970,150.0,14840,152.41,151.07,-1.07,25.99,25.99,0.241,3,0,1,1.0,0.01,2
3980,150.0,14877,148.4,149.73,0.27,28.24,28.24,0.268,3,0,1,1.0,0.01,2
3990,150.0,14915,152.41,151.07,-1.07,25.87,25.87,0.239,3,0,1,1.0,0.01,2
4000,150.0,14952,148.4,149.73,0.27,28.11,28.11,0.267,3,0,1,1.0,0.01,2
4010,150.0,14989,148.4,149.73,0.27,28.36,28.36,0.27,3,0,1,1.0,0.01,2
4020,150.0,15027,152.41,149.73,0.27,25.99,25.99,0.241,3,0,1,1.0,0.01,2
4030,150.0,15064,148.4,149.73,0.27,28.24,28.24,0.268,3,0,1,1.0,0.01,2
4040,150.0,15102,152.41,151.07,-1.07,25.87,25.87,0.239,3,0,1,1.0,0.01,2
4050,150.0,15139,148.4,149.73,0.27,28.11,28.11,0.267,3,0,1,1.0,0.01,2
4060,150.0,15176,148.4,149.73,0.27,28.36,28.36,0.27,3,0,1,1.0,0.01,2
4070,150.0,15214,152.41,149.73,0.27,25.99,25.99,0.241,3,0,1,1.0,0.01,2
4080,150.0,15251,148.4,149.73,0.27,28.24,28.24,0.268,3,0,1,1.0,0.01,2
4090,150.0,15289,152.41,151.07,-1.07,25.87,25.87,0.239,3,0,1,1.0,0.01,2
4100,150.0,15326,148.4,149.73,0.27,28.11,28.11,0.267,3,0,1,1.0,0.01,2
4110,150.0,15363,148.4,149.73,0.27,28.36,28.36,0.27,3,0,1,1.0,0.01,2
4120,150.0,15401,152.41,149.73,0.27,25.99,25.99,0.241,3,0,1,1.0,0.01,2
4130,150.0,15438,148.4,149.73,0.27,28.24,28.24,0.268,3,0,1,1.0,0.01,2
4140,150.0,15476,152.41,151.07,-1.07,25.87,25.87,0.239,3,0,1,1.0,0.01,2
4150,150.0,15513,148.4,149.73,0.27,28.11,28.11,0.267,3,0,1,1.0,0.01,2
4160,150.0,15550,148.4,149.73,0.27,28.36,28.36,0.27,3,0,1,1.0,0.01,2
4170,150.0,15588,152.41,149.73,0.27,25.99,25.99,0.241,3,0,1,1.0,0.01,2
4180,150.0,15625,148.4,149.73,0.27,28.24,28.24,0.268,3,0,1,1.0,0.01,2
4190,150.0,15663,152.41,151.07,-1.07,25.87,25.87,0.24,3,0,1,1.0,0.01,2
4200,150.0,15700,148.4,149.73,0.27,28.11,28.11,0.267,3,0,1,1.0,0.01,2
4210,150.0,15737,148.4,149.73,0.27,28.36,28.36,0.27,3,0,1,1.0,0.01,2
4220,150.0,15775,152.41,149.73,0.27,25.99,25.99,0.241,3,0,1,1.0,0.01,2
4230,150.0,15812,148.4,149.73,0.27,28.24,28.24,0.268,3,0,1,1.0,0.01,2
4240,150.0,15850,152.41,151.07,-1.07,25.87,25.87,0.24,3,0,1,1.0,0.01,2
4250,150.0,15887,148.4,149.73,0.27,28.11,28.11,0.267,3,0,1,1.0,0.01,2
4260,150.0,15924,148.4,149.73,0.27,28.36,28.36,0.27,3,0,1,1.0,0.01,2
4270,150.0,15962,152.41,149.73,0.27,25.99,25.99,0.241,3,0,1,1.0,0.01,2
4280,150.0,15999,148.4,149.73,0.27,28.24,28.24,0.268,3,0,1,1.0,0.01,2
4290,150.0,16037,152.41,151.07,-1.07,25.87,25.87,0.24,3,0,1,1.0,0.01,2
4300,150.0,16074,148.4,149.73,0.27,28.11,28.11,0.267,3,0,1,1.0,0.01,2
4310,150.0,16111,148.4,149.73,0.27,28.36,28.36,0.27,3,0,1,1.0,0.01,2
4320,150.0,16149,152.41,149.73,0.27,25.99,25.99,0.241,3,0,1,1.0,0.01,2
4330,150.0,16186,148.4,149.73,0.27,28.24,28.24,0.268,3,0,1,1.0,0.01,2
4340,150.0,16224,152.41,151.07,-1.07,25.87,25.87,0.24,3,0,1,1.0,0.01,2
4350,150.0,16261,148.4,149.73,0.27,28.11,28.11,0.267,3,0,1,1.0,0.01,2
4360,150.0,16298,148.4,149.73,0.27,28.36,28.36,0.27,3,0,1,1.0,0.01,2
4370,150.0,16336,152.41,149.73,0.27,25.99,25.99,0.241,3,0,1,1.0,0.01,2
4380,150.0,16373,148.4,149.73,0.27,28.24,28.24,0.268,3,0,1,1.0,0.01,2
4390,150.0,16411,152.41,151.07,-1.07,25.87,25.87,0.24,3,0,1,1.0,0.01,2
4400,150.0,16448,148.4,149.73,0.27,28.11,28.11,0.267,3,0,1,1.0,0.01,2
4410,150.0,16485,148.4,149.73,0.27,28.36,28.36,0.27,3,0,1,1.0,0.01,2
4420,150.0,16523,152.41,149.73,0.27,25.99,25.99,0.241,3,0,1,1.0,0.01,2
4430,150.0,16560,148.4,149.73,0.27,28.24,28.24,0.268,3,0,1,1.0,0.01,2
4440,150.0,16597,148.4,149.73,0.27,28.48,28.48,0.271,3,0,1,1.0,0.01,2
4450,150.0,16635,152.41,149.73,0.27,26.11,26.11,0.242,3,0,1,1.0,0.01,2
4460,150.0,16673,152.41,151.07,-1.07,25.75,25.75,0.238,3,0,1,1.0,0.01,2
4470,150.0,16710,148.4,151.07,-1.07,27.99,27.99,0.266,3,0,1,1.0,0.01,2
4480,150.0,16747,148.4,149.73,0.27,28.24,28.24,0.268,3,0,1,1.0,0.01,2
4490,150.0,16785,152.41,149.73,0.27,25.87,25.87,0.24,3,0,1,1.0,0.01,2
4500,150.0,16822,148.4,149.73,0.27,28.11,28.11,0.267,3,0,1,1.0,0.01,2
4510,150.0,16859,148.4,149.73,0.27,28.36,28.36,0.27,3,0,1,1.0,0.01,2
4520,150.0,16897,152.41,149.73,0.27,25.99,25.99,0.241,3,0,1,1.0,0.01,2
4530,150.0,16934,148.4,149.73,0.27,28.24,28.24,0.268,3,0,1,1.0,0.01,2
4540,150.0,16971,148.4,149.73,0.27,28.48,28.48,0.271,3,0,1,1.0,0.01,2
4550,150.0,17009,152.41,149.73,0.27,26.11,26.11,0.242,3,0,1,1.0,0.01,2
4560,150.0,17047,152.41,151.07,-1.07,25.75,25.75,0.238,3,0,1,1.0,0.01,2
4570,150.0,17084,148.4,151.07,-1.07,27.99,27.99,0.266,3,0,1,1.0,0.01,2
4580,150.0,17121,148.4,149.73,0.27,28.24,28.24,0.268,3,0,1,1.0,0.01,2
4590,150.0,17158,148.4,148.4,1.6,28.48,28.48,0.271,3,0,1,1.0,0.01,2
4600,150.0,17196,152.41,149.73,0.27,26.11,26.11,0.242,3,0,1,1.0,0.01,2
4610,150.0,17234,152.41,151.07,-1.07,25.75,25.75,0.238,3,0,1,1.0,0.01,2
4620,150.0,17271,148.4,151.07,-1.07,27.99,27.99,0.266,3,0,1,1.0,0.01,2
4630,150.0,17308,148.4,149.73,0.27,28.24,28.24,0.268,3,0,1,1.0,0.01,2
4640,150.0,17345,148.4,148.4,1.6,28.48,28.48,0.271,3,0,1,1.0,0.01,2
4650,150.0,17383,152.41,149.73,0.27,26.11,26.11,0.242,3,0,1,1.0,0.01,2
4660,150.0,17421,152.41,151.07,-1.07,25.75,25.75,0.238,3,0,1,1.0,0.01,2
4670,150.0,17458,148.4,151.07,-1.07,27.99,27.99,0.266,3,0,1,1.0,0.01,2
4680,150.0,17495,148.4,149.73,0.27,28.24,28.24,0.268,3,0,1,1.0,0.01,2
4690,150.0,17532,148.4,148.4,1.6,28.48,28.48,0.271,3,0,1,1.0,0.01,2
4700,150.0,17570,152.41,149.73,0.27,26.11,26.11,0.242,3,0,1,1.0,0.01,2
4710,150.0,17608,152.41,151.07,-1.07,25.75,25.75,0.238,3,0,1,1.0,0.01,2
4720,150.0,17645,148.4,151.07,-1.07,27.99,27.99,0.266,3,0,1,1.0,0.01,2
4730,150.0,17682,148.4,149.73,0.27,28.24,28.24,0.268,3,0,1,1.0,0.01,2
4740,150.0,17719,148.4,148.4,1.6,28.48,28.48,0.271,3,0,1,1.0,0.01,2
4750,150.0,17757,152.41,149.73,0.27,26.11,26.11,0.242,3,0,1,1.0,0.01,2
4760,150.0,17795,152.41,151.07,-1.07,25.75,25.75,0.238,3,0,1,1.0,0.01,2
4770,150.0,17832,148.4,151.07,-1.07,27.99,27.99,0.266,3,0,1,1.0,0.01,2
4780,150.0,17869,148.4,149.73,0.27,28.24,28.24,0.268,3,0,1,1.0,0.01,2
4790,150.0,17906,148.4,148.4,1.6,28.48,28.48,0.271,3,0,1,1.0,0.01,2
4800,150.0,17944,152.41,149.73,0.27,26.11,26.11,0.242,3,0,1,1.0,0.01,2
4810,150.0,17982,152.41,151.07,-1.07,25.75,25.75,0.238,3,0,1,1.0,0.01,2
4820,150.0,18019,148.4,151.07,-1.07,27.99,27.99,0.266,3,0,1,1.0,0.01,2
4830,150.0,18056,148.4,149.73,0.27,28.24,28.24,0.268,3,0,1,1.0,0.01,2
4840,150.0,18093,148.4,148.4,1.6,28.48,28.48,0.271,3,0,1,1.0,0.01,2
4850,150.0,18131,152.41,149.73,0.27,26.11,26.11,0.242,3,0,1,1.0,0.01,2
4860,150.0,18168,148.4,149.73,0.27,28.36,28.36,0.27,3,0,1,1.0,0.01,2
4870,150.0,18206,152.41,151.07,-1.07,25.99,25.99,0.241,3,0,1,1.0,0.01,2
4880,150.0,18244,152.41,151.07,-1.07,25.63,25.63,0.237,3,0,1,1.0,0.01,2
4890,150.0,18280,144.39,149.73,0.27,30.48,30.48,0.296,3,0,1,1.0,0.01,2
4900,150.0,18318,152.41,149.73,0.27,26.11,26.11,0.242,3,0,1,1.0,0.01,2
4910,150.0,18356,152.41,149.73,0.27,25.75,25.75,0.238,3,0,1,1.0,0.01,2
4920,150.0,18393,148.4,151.07,-1.07,27.99,27.99,0.266,3,0,1,1.0,0.01,2
4930,150.0,18430,148.4,149.73,0.27,28.24,28.24,0.268,3,0,1,1.0,0.01,2
4940,150.0,18467,148.4,148.4,1.6,28.48,28.48,0.271,3,0,1,1.0,0.01,2
4950,150.0,18505,152.41,149.73,0.27,26.11,26.11,0.242,3,0,1,1.0,0.01,2
4960,150.0,18542,148.4,149.73,0.27,28.36,28.36,0.27,3,0,1,1.0,0.01,2
4970,150.0,18580,152.41,151.07,-1.07,25.99,25.99,0.241,3,0,1,1.0,0.01,2
4980,150.0,18617,148.4,149.73,0.27,28.24,28.24,0.268,3,0,1,1.0,0.01,2
4990,150.0,18655,152.41,151.07,-1.07,25.87,25.87,0.239,3,0,1,1.0,0.01,2
5000,150.0,18692,148.4,149.73,0.27,28.11,28.11,0.267,3,0,1,1.0,0.01,2
5010,150.0,18730,152.41,151.07,-1.07,25.75,25.75,0.238,3,0,1,1.0,0.01,2
5020,150.0,18767,148.4,149.73,0.27,27.99,27.99,0.266,3,0,1,1.0,0.01,2
5030,150.0,18804,148.4,149.73,0.27,28.24,28.24,0.269,3,0,1,1.0,0.01,2
5040,150.0,18841,148.4,148.4,1.6,28.48,28.48,0.271,3,0,1,1.0,0.01,2
5050,150.0,18879,152.41,149.73,0.27,26.11,26.11,0.242,3,0,1,1.0,0.01,2
5060,150.0,18916,148.4,149.73,0.27,28.36,28.36,0.27,3,0,1,1.0,0.01,2
5070,150.0,18954,152.41,151.07,-1.07,25.99,25.99,0.241,3,0,1,1.0,0.01,2
5080,150.0,18991,148.4,149.73,0.27,28.24,28.24,0.268,3,0,1,1.0,0.01,2
5090,150.0,19029,152.41,151.07,-1.07,25.87,25.87,0.239,3,0,1,1.0,0.01,2
5100,150.0,19066,148.4,149.73,0.27,28.11,28.11,0.267,3,0,1,1.0,0.01,2
5110,150.0,19104,152.41,151.07,-1.07,25.75,25.75,0.238,3,0,1,1.0,0.01,2
5120,150.0,19141,148.4,149.73,0.27,27.99,27.99,0.266,3,0,1,1.0,0.01,2
5130,150.0,19178,148.4,149.73,0.27,28.24,28.24,0.269,3,0,1,1.0,0.01,2
5140,150.0,19215,148.4,148.4,1.6,28.48,28.48,0.271,3,0,1,1.0,0.01,2
5150,150.0,19253,152.41,149.73,0.27,26.11,26.11,0.242,3,0,1,1.0,0.01,2
5160,150.0,19290,148.4,149.73,0.27,28.36,28.36,0.27,3,0,1,1.0,0.01,2
5170,150.0,19328,152.41,151.07,-1.07,25.99,25.99,0.241,3,0,1,1.0,0.01,2
5180,150.0,19365,148.4,149.73,0.27,28.24,28.24,0.268,3,0,1,1.0,0.01,2
5190,150.0,19403,152.41,151.07,-1.07,25.87,25.87,0.239,3,0,1,1.0,0.01,2
5200,150.0,19440,148.4,149.73,0.27,28.11,28.11,0.267,3,0,1,1.0,0.01,2
5210,150.0,19477,148.4,149.73,0.27,28.36,28.36,0.27,3,0,1,1.0,0.01,2
5220,150.0,19515,152.41,149.73,0.27,25.99,25.99,0.241,3,0,1,1.0,0.01,2
5230,150.0,19552,148.4,149.73,0.27,28.24,28.24,0.268,3,0,1,1.0,0.01,2
5240,150.0,19590,152.41,151.07,-1.07,25.87,25.87,0.239,3,0,1,1.0,0.01,2
5250,150.0,19627,148.4,149.73,0.27,28.11,28.11,0.267,3,0,1,1.0,0.01,2
5260,150.0,19664,148.4,149.73,0.27,28.36,28.36,0.27,3,0,1,1.0,0.01,2
5270,150.0,19702,152.41,149.73,0.27,25.99,25.99,0.241,3,0,1,1.0,0.01,2
5280,150.0,19739,148.4,149.73,0.27,28.24,28.24,0.268,3,0,1,1.0,0.01,2
5290,150.0,19777,152.41,151.07,-1.07,25.87,25.87,0.239,3,0,1,1.0,0.01,2
5300,150.0,19814,148.4,149.73,0.27,28.11,28.11,0.267,3,0,1,1.0,0.01,2
5310,150.0,19851,148.4,149.73,0.27,28.36,28.36,0.27,3,0,1,1.0,0.01,2
5320,150.0,19889,152.41,149.73,0.27,25.99,25.99,0.241,3,0,1,1.0,0.01,2
5330,150.0,19926,148.4,149.73,0.27,28.24,28.24,0.268,3,0,1,1.0,0.01,2
5340,150.0,19964,152.41,151.07,-1.07,25.87,25.87,0.239,3,0,1,1.0,0.01,2
5350,150.0,20001,148.4,149.73,0.27,28.11,28.11,0.267,3,0,1,1.0,0.01,2
5360,150.0,20038,148.4,149.73,0.27,28.36,28.36,0.27,3,0,1,1.0,0.01,2
5370,150.0,20076,152.41,149.73,0.27,25.99,25.99,0.241,3,0,1,1.0,0.01,2
5380,150.0,20113,148.4,149.73,0.27,28.24,28.24,0.268,3,0,1,1.0,0.01,2
5390,150.0,20151,152.41,151.07,-1.07,25.87,25.87,0.24,3,0,1,1.0,0.01,2
5400,150.0,20188,148.4,149.73,0.27,28.11,28.11,0.267,3,0,1,1.0,0.01,2
5410,150.0,20225,148.4,149.73,0.27,28.36,28.36,0.27,3,0,1,1.0,0.01,2
5420,150.0,20263,152.41,149.73,0.27,25.99,25.99,0.241,3,0,1,1.0,0.01,2
5430,150.0,20300,148.4,149.73,0.27,28.24,28.24,0.268,3,0,1,1.0,0.01,2
5440,150.0,20338,152.41,151.07,-1.07,25.87,25.87,0.24,3,0,1,1.0,0.01,2
5450,150.0,20375,148.4,149.73,0.27,28.11,28.11,0.267,3,0,1,1.0,0.01,2
5460,150.0,20412,148.4,149.73,0.27,28.36,28.36,0.27,3,0,1,1.0,0.01,2
5470,150.0,20450,152.41,149.73,0.27,25.99,25.99,0.241,3,0,1,1.0,0.01,2
5480,150.0,20487,148.4,149.73,0.27,28.24,28.24,0.268,3,0,1,1.0,0.01,2
5490,150.0,20525,152.41,151.07,-1.07,25.87,25.87,0.24,3,0,1,1.0,0.01,2
5500,150.0,20562,148.4,149.73,0.27,28.11,28.11,0.267,3,0,1,1.0,0.01,2
5510,150.0,20599,148.4,149.73,0.27,28.36,28.36,0.27,3,0,1,1.0,0.01,2
5520,150.0,20637,152.41,149.73,0.27,25.99,25.99,0.241,3,0,1,1.0,0.01,2
5530,150.0,20674,148.4,149.73,0.27,28.24,28.24,0.268,3,0,1,1.0,0.01,2
5540,150.0,20712,152.41,151.07,-1.07,25.87,25.87,0.24,3,0,1,1.0,0.01,2
5550,150.0,20749,148.4,149.73,0.27,28.11,28.11,0.267,3,0,1,1.0,0.01,2
5560,150.0,20786,148.4,149.73,0.27,28.36,28.36,0.27,3,0,1,1.0,0.01,2
5570,150.0,20824,152.41,149.73,0.27,25.99,25.99,0.241,3,0,1,1.0,0.01,2
5580,150.0,20861,148.4,149.73,0.27,28.24,28.24,0.268,3,0,1,1.0,0.01,2
5590,150.0,20899,152.41,151.07,-1.07,25.87,25.87,0.24,3,0,1,1.0,0.01,2
5600,150.0,20936,148.4,149.73,0.27,28.11,28.11,0.267,3,0,1,1.0,0.01,2
5610,150.0,20973,148.4,149.73,0.27,28.36,28.36,0.27,3,0,1,1.0,0.01,2
5620,150.0,21011,152.41,149.73,0.27,25.99,25.99,0.241,3,0,1,1.0,0.01,2
5630,150.0,21048,148.4,149.73,0.27,28.24,28.24,0.268,3,0,1,1.0,0.01,2
5640,150.0,21085,148.4,149.73,0.27,28.48,28.48,0.271,3,0,1,1.0,0.01,2
5650,150.0,21123,152.41,149.73,0.27,26.11,26.11,0.242,3,0,1,1.0,0.01,2
5660,150.0,21161,152.41,151.07,-1.07,25.75,25.75,0.238,3,0,1,1.0,0.01,2
5670,150.0,21198,148.4,151.07,-1.07,27.99,27.99,0.266,3,0,1,1.0,0.01,2
5680,150.0,21235,148.4,149.73,0.27,28.24,28.24,0.268,3,0,1,1.0,0.01,2
5690,150.0,21273,152.41,149.73,0.27,25.87,25.87,0.24,3,0,1,1.0,0.01,2
5700,150.0,21310,148.4,149.73,0.27,28.11,28.11,0.267,3,0,1,1.0,0.01,2
5710,150.0,21347,148.4,149.73,0.27,28.36,28.36,0.27,3,0,1,1.0,0.01,2
5720,150.0,21385,152.41,149.73,0.27,25.99,25.99,0.241,3,0,1,1.0,0.01,2
5730,150.0,21422,148.4,149.73,0.27,28.24,28.24,0.268,3,0,1,1.0,0.01,2
5740,150.0,21459,148.4,149.73,0.27,28.48,28.48,0.271,3,0,1,1.0,0.01,2
5750,150.0,21497,152.41,149.73,0.27,26.11,26.11,0.242,3,0,1,1.0,0.01,2
5760,150.0,21535,152.41,151.07,-1.07,25.75,25.75,0.238,3,0,1,1.0,0.01,2
5770,150.0,21572,148.4,151.07,-1.07,27.99,27.99,0.266,3,0,1,1.0,0.01,2
5780,150.0,21609,148.4,149.73,0.27,28.24,28.24,0.268,3,0,1,1.0,0.01,2
5790,150.0,21646,148.4,148.4,1.6,28.48,28.48,0.271,3,0,1,1.0,0.01,2
5800,150.0,21684,152.41,149.73,0.27,26.11,26.11,0.242,3,0,1,1.0,0.01,2
5810,150.0,21722,152.41,151.07,-1.07,25.75,25.75,0.238,3,0,1,1.0,0.01,2
5820,150.0,21759,148.4,151.07,-1.07,27.99,27.99,0.266,3,0,1,1.0,0.01,2
5830,150.0,21796,148.4,149.73,0.27,28.24,28.24,0.268,3,0,1,1.0,0.01,2
5840,150.0,21833,148.4,148.4,1.6,28.48,28.48,0.271,3,0,1,1.0,0.01,2
5850,150.0,21871,152.41,149.73,0.27,26.11,26.11,0.242,3,0,1,1.0,0.01,2
5860,150.0,21909,152.41,151.07,-1.07,25.75,25.75,0.238,3,0,1,1.0,0.01,2
5870,150.0,21946,148.4,151.07,-1.07,27.99,27.99,0.266,3,0,1,1.0,0.01,2
5880,150.0,21983,148.4,149.73,0.27,28.24,28.24,0.268,3,0,1,1.0,0.01,2
5890,150.0,22020,148.4,148.4,1.6,28.48,28.48,0.271,3,0,1,1.0,0.01,2
5900,150.0,22058,152.41,149.73,0.27,26.11,26.11,0.242,3,0,1,1.0,0.01,2
5910,150.0,22096,152.41,151.07,-1.07,25.75,25.75,0.238,3,0,1,1.0,0.01,2
5920,150.0,22133,148.4,151.07,-1.07,27.99,27.99,0.266,3,0,1,1.0,0.01,2
5930,150.0,22170,148.4,149.73,0.27,28.24,28.24,0.268,3,0,1,1.0,0.01,2
5940,150.0,22207,148.4,148.4,1.6,28.48,28.48,0.271,3,0,1,1.0,0.01,2
5950,150.0,22245,152.41,149.73,0.27,26.11,26.11,0.242,3,0,1,1.0,0.01,2
5960,150.0,22283,152.41,151.07,-1.07,25.75,25.75,0.238,3,0,1,1.0,0.01,2
5970,150.0,22320,148.4,151.07,-1.07,27.99,27.99,0.266,3,0,1,1.0,0.01,2
5980,150.0,22357,148.4,149.73,0.27,28.24,28.24,0.268,3,0,1,1.0,0.01,2
5990,150.0,22394,148.4,148.4,1.6,28.48,28.48,0.271,3,0,1,1.0,0.01,2
6000,150.0,22432,152.41,149.73,0.27,26.11,26.11,0.242,3,0,1,1.0,0.01,2
6010,150.0,22470,152.41,151.07,-1.07,25.75,25.75,0.238,3,0,1,1.0,0.01,2
6020,150.0,22507,148.4,151.07,-1.07,27.99,27.99,0.266,3,0,1,1.0,0.01,2
6030,150.0,22544,148.4,149.73,0.27,28.24,28.24,0.268,3,0,1,1.0,0.01,2
6040,150.0,22581,148.4,148.4,1.6,28.48,28.48,0.271,3,0,1,1.0,0.01,2
6050,150.0,22619,152.41,149.73,0.27,26.11,26.11,0.242,3,0,1,1.0,0.01,2
6060,150.0,22656,148.4,149.73,0.27,28.36,28.36,0.27,3,0,1,1.0,0.01,2
6070,150.0,22694,152.41,151.07,-1.07,25.99,25.99,0.241,3,0,1,1.0,0.01,2
6080,150.0,22731,148.4,149.73,0.27,28.24,28.24,0.268,3,0,1,1.0,0.01,2
6090,150.0,22769,152.41,151.07,-1.07,25.87,25.87,0.239,3,0,1,1.0,0.01,2
6100,150.0,22806,148.4,149.73,0.27,28.11,28.11,0.267,3,0,1,1.0,0.01,2
6110,150.0,22844,152.41,151.07,-1.07,25.75,25.75,0.238,3,0,1,1.0,0.01,2
6120,150.0,22881,148.4,149.73,0.27,27.99,27.99,0.266,3,0,1,1.0,0.01,2
6130,150.0,22918,148.4,149.73,0.27,28.24,28.24,0.269,3,0,1,1.0,0.01,2
6140,150.0,22955,148.4,148.4,1.6,28.48,28.48,0.271,3,0,1,1.0,0.01,2
6150,150.0,22993,152.41,149.73,0.27,26.11,26.11,0.242,3,0,1,1.0,0.01,2
6160,150.0,23031,152.41,151.07,-1.07,25.75,25.75,0.238,3,0,1,1.0,0.01,2
6170,150.0,23068,148.4,151.07,-1.07,27.99,27.99,0.266,3,0,1,1.0,0.01,2
6180,150.0,23105,148.4,149.73,0.27,28.24,28.24,0.268,3,0,1,1.0,0.01,2
6190,150.0,23142,148.4,148.4,1.6,28.48,28.48,0.271,3,0,1,1.0,0.01,2
6200,150.0,23180,152.41,149.73,0.27,26.11,26.11,0.242,3,0,1,1.0,0.01,2
6210,150.0,23217,148.4,149.73,0.27,28.36,28.36,0.27,3,0,1,1.0,0.01,2
6220,150.0,23255,152.41,151.07,-1.07,25.99,25.99,0.241,3,0,1,1.0,0.01,2
6230,150.0,23292,148.4,149.73,0.27,28.24,28.24,0.268,3,0,1,1.0,0.01,2
6240,150.0,23330,152.41,151.07,-1.07,25.87,25.87,0.239,3,0,1,1.0,0.01,2
6250,150.0,23367,148.4,149.73,0.27,28.11,28.11,0.267,3,0,1,1.0,0.01,2
6260,150.0,23405,152.41,151.07,-1.07,25.75,25.75,0.238,3,0,1,1.0,0.01,2
6270,150.0,23442,148.4,149.73,0.27,27.99,27.99,0.266,3,0,1,1.0,0.01,2
6280,150.0,23479,148.4,149.73,0.27,28.24,28.24,0.269,3,0,1,1.0,0.01,2
6290,150.0,23516,148.4,148.4,1.6,28.48,28.48,0.271,3,0,1,1.0,0.01,2
6300,150.0,23554,152.41,149.73,0.27,26.11,26.11,0.242,3,0,1,1.0,0.01,2
6310,150.0,23591,148.4,149.73,0.27,28.36,28.36,0.27,3,0,1,1.0,0.01,2
6320,150.0,23629,152.41,151.07,-1.07,25.99,25.99,0.241,3,0,1,1.0,0.01,2
6330,150.0,23666,148.4,149.73,0.27,28.24,28.24,0.268,3,0,1,1.0,0.01,2
6340,150.0,23704,152.41,151.07,-1.07,25.87,25.87,0.239,3,0,1,1.0,0.01,2
6350,150.0,23741,148.4,149.73,0.27,28.11,28.11,0.267,3,0,1,1.0,0.01,2
6360,150.0,23778,148.4,149.73,0.27,28.36,28.36,0.27,3,0,1,1.0,0.01,2
6370,150.0,23816,152.41,149.73,0.27,25.99,25.99,0.241,3,0,1,1.0,0.01,2
6380,150.0,23853,148.4,149.73,0.27,28.24,28.24,0.268,3,0,1,1.0,0.01,2
6390,150.0,23891,152.41,151.07,-1.07,25.87,25.87,0.239,3,0,1,1.0,0.01,2
6400,150.0,23928,148.4,149.73,0.27,28.11,28.11,0.267,3,0,1,1.0,0.01,2
6410,150.0,23965,148.4,149.73,0.27,28.36,28.36,0.27,3,0,1,1.0,0.01,2
6420,150.0,24003,152.41,149.73,0.27,25.99,25.99,0.241,3,0,1,1.0,0.01,2
6430,150.0,24040,148.4,149.73,0.27,28.24,28.24,0.268,3,0,1,1.0,0.01,2
6440,150.0,24078,152.41,151.07,-1.07,25.87,25.87,0.239,3,0,1,1.0,0.01,2
6450,150.0,24115,148.4,149.73,0.27,28.11,28.11,0.267,3,0,1,1.0,0.01,2
6460,150.0,24152,148.4,149.73,0.27,28.36,28.36,0.27,3,0,1,1.0,0.01,2
6470,150.0,24190,152.41,149.73,0.27,25.99,25.99,0.241,3,0,1,1.0,0.01,2
6480,150.0,24227,148.4,149.73,0.27,28.24,28.24,0.268,3,0,1,1.0,0.01,2
6490,150.0,24265,152.41,151.07,-1.07,25.87,25.87,0.239,3,0,1,1.0,0.01,2
6500,150.0,24302,148.4,149.73,0.27,28.11,28.11,0.267,3,0,1,1.0,0.01,2
6510,150.0,24339,148.4,149.73,0.27,28.36,28.36,0.27,3,0,1,1.0,0.01,2
6520,150.0,24377,152.41,149.73,0.27,25.99,25.99,0.241,3,0,1,1.0,0.01,2
6530,150.0,24414,148.4,149.73,0.27,28.24,28.24,0.268,3,0,1,1.0,0.01,2
6540,150.0,24452,152.41,151.07,-1.07,25.87,25.87,0.24,3,0,1,1.0,0.01,2
6550,150.0,24489,148.4,149.73,0.27,28.11,28.11,0.267,3,0,1,1.0,0.01,2
6560,150.0,24526,148.4,149.73,0.27,28.36,28.36,0.27,3,0,1,1.0,0.01,2
6570,150.0,24564,152.41,149.73,0.27,25.99,25.99,0.241,3,0,1,1.0,0.01,2
6580,150.0,24601,148.4,149.73,0.27,28.24,28.24,0.268,3,0,1,1.0,0.01,2
6590,150.0,24639,152.41,151.07,-1.07,25.87,25.87,0.24,3,0,1,1.0,0.01,2
6600,150.0,24676,148.4,149.73,0.27,28.11,28.11,0.267,3,0,1,1.0,0.01,2
6610,150.0,24713,148.4,149.73,0.27,28.36,28.36,0.27,3,0,1,1.0,0.01,2
6620,150.0,24751,152.41,149.73,0.27,25.99,25.99,0.241,3,0,1,1.0,0.01,2
6630,150.0,24788,148.4,149.73,0.27,28.24,28.24,0.268,3,0,1,1.0,0.01,2
6640,150.0,24826,152.41,151.07,-1.07,25.87,25.87,0.24,3,0,1,1.0,0.01,2
6650,150.0,24863,148.4,149.73,0.27,28.11,28.11,0.267,3,0,1,1.0,0.01,2
6660,150.0,24900,148.4,149.73,0.27,28.36,28.36,0.27,3,0,1,1.0,0.01,2
6670,150.0,24938,152.41,149.73,0.27,25.99,25.99,0.241,3,0,1,1.0,0.01,2
6680,150.0,24975,148.4,149.73,0.27,28.24,28.24,0.268,3,0,1,1.0,0.01,2
6690,150.0,25013,152.41,151.07,-1.07,25.87,25.87,0.24,3,0,1,1.0,0.01,2
6700,150.0,25050,148.4,149.73,0.27,28.11,28.11,0.267,3,0,1,1.0,0.01,2
6710,150.0,25087,148.4,149.73,0.27,28.36,28.36,0.27,3,0,1,1.0,0.01,2
6720,150.0,25125,152.41,149.73,0.27,25.99,25.99,0.241,3,0,1,1.0,0.01,2
6730,150.0,25162,148.4,149.73,0.27,28.24,28.24,0.268,3,0,1,1.0,0.01,2
6740,150.0,25200,152.41,151.07,-1.07,25.87,25.87,0.24,3,0,1,1.0,0.01,2
6750,150.0,25237,148.4,149.73,0.27,28.11,28.11,0.267,3,0,1,1.0,0.01,2
6760,150.0,25274,148.4,149.73,0.27,28.36,28.36,0.27,3,0,1,1.0,0.01,2
6770,150.0,25312,152.41,149.73,0.27,25.99,25.99,0.241,3,0,1,1.0,0.01,2
6780,150.0,25349,148.4,149.73,0.27,28.24,28.24,0.268,3,0,1,1.0,0.01,2
6790,150.0,25387,152.41,151.07,-1.07,25.87,25.87,0.24,3,0,1,1.0,0.01,2
6800,150.0,25424,148.4,149.73,0.27,28.11,28.11,0.267,3,0,1,1.0,0.01,2
6810,150.0,25461,148.4,149.73,0.27,28.36,28.36,0.27,3,0,1,1.0,0.01,2
6820,150.0,25499,152.41,149.73,0.27,25.99,25.99,0.241,3,0,1,1.0,0.01,2
6830,150.0,25536,148.4,149.73,0.27,28.24,28.24,0.268,3,0,1,1.0,0.01,2
6840,150.0,25573,148.4,149.73,0.27,28.48,28.48,0.271,3,0,1,1.0,0.01,2
6850,150.0,25611,152.41,149.73,0.27,26.11,26.11,0.242,3,0,1,1.0,0.01,2
6860,150.0,25649,152.41,151.07,-1.07,25.75,25.75,0.238,3,0,1,1.0,0.01,2
6870,150.0,25686,148.4,151.07,-1.07,27.99,27.99,0.266,3,0,1,1.0,0.01,2
6880,150.0,25723,148.4,149.73,0.27,28.24,28.24,0.268,3,0,1,1.0,0.01,2
6890,150.0,25761,152.41,149.73,0.27,25.87,25.87,0.24,3,0,1,1.0,0.01,2
6900,150.0,25798,148.4,149.73,0.27,28.11,28.11,0.267,3,0,1,1.0,0.01,2
6910,150.0,25835,148.4,149.73,0.27,28.36,28.36,0.27,3,0,1,1.0,0.01,2
6920,150.0,25873,152.41,149.73,0.27,25.99,25.99,0.241,3,0,1,1.0,0.01,2
6930,150.0,25910,148.4,149.73,0.27,28.24,28.24,0.268,3,0,1,1.0,0.01,2
6940,150.0,25947,148.4,149.73,0.27,28.48,28.48,0.271,3,0,1,1.0,0.01,2
6950,150.0,25985,152.41,149.73,0.27,26.11,26.11,0.242,3,0,1,1.0,0.01,2
6960,150.0,26023,152.41,151.07,-1.07,25.75,25.75,0.238,3,0,1,1.0,0.01,2
6970,150.0,26060,148.4,151.07,-1.07,27.99,27.99,0.266,3,0,1,1.0,0.01,2
6980,150.0,26097,148.4,149.73,0.27,28.24,28.24,0.268,3,0,1,1.0,0.01,2
6990,150.0,26134,148.4,148.4,1.6,28.48,28.48,0.271,3,0,1,1.0,0.01,2
7000,150.0,26172,152.41,149.73,0.27,26.11,26.11,0.242,3,0,2,0.0,0.0,2
7010,150.0,26214,168.45,156.42,-6.42,15.32,15.32,0.104,3,0,2,0.0,0.0,2
7020,150.0,26258,176.47,165.78,-15.78,7.34,7.34,0.006,3,0,2,0.0,0.0,2
7030,150.0,26301,172.46,172.46,-22.46,5.98,5.98,-0.009,3,0,2,0.0,0.0,2
7040,150.0,26343,168.45,172.46,-22.46,5.21,5.21,-0.016,3,0,2,0.0,0.0,2
7050,150.0,26383,160.43,167.11,-17.11,7.66,7.66,0.015,3,0,2,0.0,0.0,2
7060,150.0,26423,160.43,163.1,-13.1,6.1,6.1,-0.003,3,0,2,0.0,0.0,2
7070,150.0,26463,160.43,160.43,-10.43,4.53,4.53,-0.02,3,0,2,0.0,0.0,2
7080,150.0,26501,152.41,157.75,-7.75,8.18,8.18,0.026,3,0,2,0.0,0.0,2
7090,150.0,26539,152.41,155.08,-5.08,7.82,7.82,0.022,3,0,2,0.0,0.0,2
7100,150.0,26576,148.4,151.07,-1.07,10.07,10.07,0.05,3,0,2,0.0,0.0,2
7110,150.0,26614,152.41,151.07,-1.07,7.7,7.7,0.021,3,0,2,0.0,0.0,2
7120,150.0,26652,152.41,151.07,-1.07,7.34,7.34,0.017,3,0,2,0.0,0.0,2
7130,150.0,26689,148.4,151.07,-1.07,9.59,9.59,0.045,3,0,2,0.0,0.0,2
7140,150.0,26726,148.4,149.73,0.27,9.83,9.83,0.047,3,0,2,0.0,0.0,2
7150,150.0,26764,152.41,149.73,0.27,7.46,7.46,0.018,3,0,2,0.0,0.0,2
7160,150.0,26801,148.4,149.73,0.27,9.71,9.71,0.046,3,0,2,0.0,0.0,2
7170,150.0,26839,152.41,151.07,-1.07,7.34,7.34,0.017,3,0,2,0.0,0.0,2
7180,150.0,26876,148.4,149.73,0.27,9.59,9.59,0.045,3,0,2,0.0,0.0,2
7190,150.0,26913,148.4,149.73,0.27,9.83,9.83,0.047,3,0,2,0.0,0.0,2
7200,150.0,26951,152.41,149.73,0.27,7.46,7.46,0.018,3,0,2,0.0,0.0,2
7210,150.0,26988,148.4,149.73,0.27,9.71,9.71,0.046,3,0,2,0.0,0.0,2
7220,150.0,27026,152.41,151.07,-1.07,7.34,7.34,0.017,3,0,2,0.0,0.0,2
7230,150.0,27063,148.4,149.73,0.27,9.59,9.59,0.045,3,0,2,0.0,0.0,2
7240,150.0,27100,148.4,149.73,0.27,9.83,9.83,0.047,3,0,2,0.0,0.0,2
7250,150.0,27138,152.41,149.73,0.27,7.46,7.46,0.018,3,0,2,0.0,0.0,2
7260,150.0,27175,148.4,149.73,0.27,9.71,9.71,0.046,3,0,2,0.0,0.0,2
7270,150.0,27213,152.41,151.07,-1.07,7.34,7.34,0.017,3,0,2,0.0,0.0,2
7280,150.0,27250,148.4,149.73,0.27,9.59,9.59,0.045,3,0,2,0.0,0.0,2
7290,150.0,27287,148.4,149.73,0.27,9.83,9.83,0.047,3,0,2,0.0,0.0,2
7300,150.0,27325,152.41,149.73,0.27,7.46,7.46,0.018,3,0,2,0.0,0.0,2
7310,150.0,27362,148.4,149.73,0.27,9.71,9.71,0.046,3,0,2,0.0,0.0,2
7320,150.0,27399,148.4,149.73,0.27,9.95,9.95,0.048,3,0,2,0.0,0.0,2
7330,150.0,27437,152.41,149.73,0.27,7.58,7.58,0.02,3,0,2,0.0,0.0,2
7340,150.0,27475,152.41,151.07,-1.07,7.22,7.22,0.016,3,0,2,0.0,0.0,2
7350,150.0,27512,148.4,151.07,-1.07,9.47,9.47,0.044,3,0,2,0.0,0.0,2
7360,150.0,27549,148.4,149.73,0.27,9.71,9.71,0.046,3,0,2,0.0,0.0,2
7370,150.0,27586,148.4,148.4,1.6,9.95,9.95,0.049,3,0,2,0.0,0.0,2
7380,150.0,27624,152.41,149.73,0.27,7.58,7.58,0.02,3,0,2,0.0,0.0,2
7390,150.0,27662,152.41,151.07,-1.07,7.22,7.22,0.016,3,0,2,0.0,0.0,2
7400,150.0,27699,148.4,151.07,-1.07,9.47,9.47,0.044,3,0,2,0.0,0.0,2
7410,150.0,27736,148.4,149.73,0.27,9.71,9.71,0.046,3,0,2,0.0,0.0,2
7420,150.0,27773,148.4,148.4,1.6,9.95,9.95,0.049,3,0,2,0.0,0.0,2
7430,150.0,27811,152.41,149.73,0.27,7.58,7.58,0.02,3,0,2,0.0,0.0,2
7440,150.0,27849,152.41,151.07,-1.07,7.22,7.22,0.016,3,0,2,0.0,0.0,2
7450,150.0,27886,148.4,151.07,-1.07,9.47,9.47,0.044,3,0,2,0.0,0.0,2
7460,150.0,27923,148.4,149.73,0.27,9.71,9.71,0.046,3,0,2,0.0,0.0,2
7470,150.0,27960,148.4,148.4,1.6,9.95,9.95,0.049,3,0,2,0.0,0.0,2
7480,150.0,27998,152.41,149.73,0.27,7.58,7.58,0.02,3,0,2,0.0,0.0,2
7490,150.0,28035,148.4,149.73,0.27,9.83,9.83,0.047,3,0,2,0.0,0.0,2
7500,150.0,28073,152.41,151.07,-1.07,7.46,7.46,0.018,3,0,2,0.0,0.0,2
7510,150.0,28110,148.4,149.73,0.27,9.71,9.71,0.046,3,0,2,0.0,0.0,2
7520,150.0,28148,152.41,151.07,-1.07,7.34,7.34,0.017,3,0,2,0.0,0.0,2
7530,150.0,28185,148.4,149.73,0.27,9.59,9.59,0.045,3,0,2,0.0,0.0,2
7540,150.0,28222,148.4,149.73,0.27,9.83,9.83,0.047,3,0,2,0.0,0.0,2
7550,150.0,28260,152.41,149.73,0.27,7.46,7.46,0.018,3,0,2,0.0,0.0,2
7560,150.0,28297,148.4,149.73,0.27,9.71,9.71,0.046,3,0,2,0.0,0.0,2
7570,150.0,28335,152.41,151.07,-1.07,7.34,7.34,0.017,3,0,2,0.0,0.0,2
7580,150.0,28372,148.4,149.73,0.27,9.59,9.59,0.045,3,0,2,0.0,0.0,2
7590,150.0,28409,148.4,149.73,0.27,9.83,9.83,0.047,3,0,2,0.0,0.0,2
7600,150.0,28447,152.41,149.73,0.27,7.46,7.46,0.018,3,0,2,0.0,0.0,2
7610,150.0,28484,148.4,149.73,0.27,9.71,9.71,0.046,3,0,2,0.0,0.0,2
7620,150.0,28522,152.41,151.07,-1.07,7.34,7.34,0.017,3,0,2,0.0,0.0,2
7630,150.0,28559,148.4,149.73,0.27,9.59,9.59,0.045,3,0,2,0.0,0.0,2
7640,150.0,28596,148.4,149.73,0.27,9.83,9.83,0.047,3,0,2,0.0,0.0,2
7650,150.0,28634,152.41,149.73,0.27,7.46,7.46,0.018,3,0,2,0.0,0.0,2
7660,150.0,28671,148.4,149.73,0.27,9.71,9.71,0.046,3,0,2,0.0,0.0,2
7670,150.0,28709,152.41,151.07,-1.07,7.34,7.34,0.017,3,0,2,0.0,0.0,2
7680,150.0,28746,148.4,149.73,0.27,9.59,9.59,0.045,3,0,2,0.0,0.0,2
7690,150.0,28783,148.4,149.73,0.27,9.83,9.83,0.047,3,0,2,0.0,0.0,2
7700,150.0,28821,152.41,149.73,0.27,7.46,7.46,0.018,3,0,2,0.0,0.0,2
7710,150.0,28858,148.4,149.73,0.27,9.71,9.71,0.046,3,0,2,0.0,0.0,2
7720,150.0,28895,148.4,149.73,0.27,9.95,9.95,0.049,3,0,2,0.0,0.0,2
7730,150.0,28933,152.41,149.73,0.27,7.58,7.58,0.02,3,0,2,0.0,0.0,2
7740,150.0,28971,152.41,151.07,-1.07,7.22,7.22,0.016,3,0,2,0.0,0.0,2
7750,150.0,29008,148.4,151.07,-1.07,9.47,9.47,0.044,3,0,2,0.0,0.0,2
7760,150.0,29045,148.4,149.73,0.27,9.71,9.71,0.046,3,0,2,0.0,0.0,2
7770,150.0,29082,148.4,148.4,1.6,9.95,9.95,0.049,3,0,2,0.0,0.0,2
7780,150.0,29120,152.41,149.73,0.27,7.58,7.58,0.02,3,0,2,0.0,0.0,2
7790,150.0,29158,152.41,151.07,-1.07,7.22,7.22,0.016,3,0,2,0.0,0.0,2
7800,150.0,29195,148.4,151.07,-1.07,9.47,9.47,0.044,3,0,2,0.0,0.0,2
7810,150.0,29232,148.4,149.73,0.27,9.71,9.71,0.046,3,0,2,0.0,0.0,2
7820,150.0,29269,148.4,148.4,1.6,9.95,9.95,0.049,3,0,2,0.0,0.0,2
7830,150.0,29307,152.41,149.73,0.27,7.58,7.58,0.02,3,0,2,0.0,0.0,2
7840,150.0,29344,148.4,149.73,0.27,9.83,9.83,0.047,3,0,2,0.0,0.0,2
7850,150.0,29382,152.41,151.07,-1.07,7.46,7.46,0.018,3,0,2,0.0,0.0,2
7860,150.0,29419,148.4,149.73,0.27,9.71,9.71,0.046,3,0,2,0.0,0.0,2
7870,150.0,29457,152.41,151.07,-1.07,7.34,7.34,0.017,3,0,2,0.0,0.0,2
7880,150.0,29494,148.4,149.73,0.27,9.59,9.59,0.045,3,0,2,0.0,0.0,2
7890,150.0,29532,152.41,151.07,-1.07,7.22,7.22,0.016,3,0,2,0.0,0.0,2
7900,150.0,29568,144.39,148.4,1.6,12.07,12.07,0.075,3,0,2,0.0,0.0,2
7910,150.0,29606,152.41,149.73,0.27,7.7,7.7,0.021,3,0,2,0.0,0.0,2
7920,150.0,29644,152.41,149.73,0.27,7.34,7.34,0.017,3,0,2,0.0,0.0,2
7930,150.0,29681,148.4,151.07,-1.07,9.59,9.59,0.045,3,0,2,0.0,0.0,2
7940,150.0,29718,148.4,149.73,0.27,9.83,9.83,0.047,3,0,2,0.0,0.0,2
7950,150.0,29756,152.41,149.73,0.27,7.46,7.46,0.018,3,0,2,0.0,0.0,2
7960,150.0,29793,148.4,149.73,0.27,9.71,9.71,0.046,3,0,2,0.0,0.0,2
7970,150.0,29831,152.41,151.07,-1.07,7.34,7.34,0.017,3,0,2,0.0,0.0,2
7980,150.0,29868,148.4,149.73,0.27,9.59,9.59,0.045,3,0,2,0.0,0.0,2
7990,150.0,29905,148.4,149.73,0.27,9.83,9.83,0.047,3,0,2,0.0,0.0,2
8000,150.0,29943,152.41,149.73,0.27,7.46,7.46,0.018,3,0,2,0.0,0.0,2
8010,150.0,29980,148.4,149.73,0.27,9.71,9.71,0.046,3,0,2,0.0,0.0,2
8020,150.0,30018,152.41,151.07,-1.07,7.34,7.34,0.017,3,0,2,0.0,0.0,2
8030,150.0,30055,148.4,149.73,0.27,9.59,9.59,0.045,3,0,2,0.0,0.0,2
8040,150.0,30092,148.4,149.73,0.27,9.83,9.83,0.047,3,0,2,0.0,0.0,2
8050,150.0,30130,152.41,149.73,0.27,7.46,7.46,0.018,3,0,2,0.0,0.0,2
8060,150.0,30167,148.4,149.73,0.27,9.71,9.71,0.046,3,0,2,0.0,0.0,2
8070,150.0,30205,152.41,151.07,-1.07,7.34,7.34,0.017,3,0,2,0.0,0.0,2
8080,150.0,30242,148.4,149.73,0.27,9.59,9.59,0.045,3,0,2,0.0,0.0,2
8090,150.0,30279,148.4,149.73,0.27,9.83,9.83,0.047,3,0,2,0.0,0.0,2
8100,150.0,30317,152.41,149.73,0.27,7.46,7.46,0.018,3,0,2,0.0,0.0,2
8110,150.0,30354,148.4,149.73,0.27,9.71,9.71,0.046,3,0,2,0.0,0.0,2
8120,150.0,30391,148.4,149.73,0.27,9.95,9.95,0.049,3,0,2,0.0,0.0,2
8130,150.0,30429,152.41,149.73,0.27,7.58,7.58,0.02,3,0,2,0.0,0.0,2
8140,150.0,30467,152.41,151.07,-1.07,7.22,7.22,0.016,3,0,2,0.0,0.0,2
8150,150.0,30504,148.4,151.07,-1.07,9.47,9.47,0.044,3,0,2,0.0,0.0,2
8160,150.0,30541,148.4,149.73,0.27,9.71,9.71,0.046,3,0,2,0.0,0.0,2
8170,150.0,30578,148.4,148.4,1.6,9.95,9.95,0.049,3,0,2,0.0,0.0,2
8180,150.0,30616,152.41,149.73,0.27,7.58,7.58,0.02,3,0,2,0.0,0.0,2
8190,150.0,30653,148.4,149.73,0.27,9.83,9.83,0.047,3,0,2,0.0,0.0,2
8200,150.0,30691,152.41,151.07,-1.07,7.46,7.46,0.018,3,0,2,0.0,0.0,2
8210,150.0,30728,148.4,149.73,0.27,9.71,9.71,0.046,3,0,2,0.0,0.0,2
8220,150.0,30766,152.41,151.07,-1.07,7.34,7.34,0.017,3,0,2,0.0,0.0,2
8230,150.0,30803,148.4,149.73,0.27,9.59,9.59,0.045,3,0,2,0.0,0.0,2
8240,150.0,30841,152.41,151.07,-1.07,7.22,7.22,0.016,3,0,2,0.0,0.0,2
8250,150.0,30878,148.4,149.73,0.27,9.47,9.47,0.044,3,0,2,0.0,0.0,2
8260,150.0,30915,148.4,149.73,0.27,9.71,9.71,0.046,3,0,2,0.0,0.0,2
8270,150.0,30952,148.4,148.4,1.6,9.95,9.95,0.049,3,0,2,0.0,0.0,2
8280,150.0,30990,152.41,149.73,0.27,7.58,7.58,0.02,3,0,2,0.0,0.0,2
8290,150.0,31027,148.4,149.73,0.27,9.83,9.83,0.047,3,0,2,0.0,0.0,2
8300,150.0,31065,152.41,151.07,-1.07,7.46,7.46,0.018,3,0,2,0.0,0.0,2
8310,150.0,31102,148.4,149.73,0.27,9.71,9.71,0.046,3,0,2,0.0,0.0,2
8320,150.0,31140,152.41,151.07,-1.07,7.34,7.34,0.017,3,0,2,0.0,0.0,2
8330,150.0,31177,148.4,149.73,0.27,9.59,9.59,0.045,3,0,2,0.0,0.0,2
8340,150.0,31214,148.4,149.73,0.27,9.83,9.83,0.047,3,0,2,0.0,0.0,2
8350,150.0,31252,152.41,149.73,0.27,7.46,7.46,0.018,3,0,2,0.0,0.0,2
8360,150.0,31289,148.4,149.73,0.27,9.71,9.71,0.046,3,0,2,0.0,0.0,2
8370,150.0,31327,152.41,151.07,-1.07,7.34,7.34,0.017,3,0,2,0.0,0.0,2
8380,150.0,31364,148.4,149.73,0.27,9.59,9.59,0.045,3,0,2,0.0,0.0,2
8390,150.0,31401,148.4,149.73,0.27,9.83,9.83,0.047,3,0,2,0.0,0.0,2
8400,150.0,31439,152.41,149.73,0.27,7.46,7.46,0.018,3,0,2,0.0,0.0,2
8410,150.0,31476,148.4,149.73,0.27,9.71,9.71,0.046,3,0,2,0.0,0.0,2
8420,150.0,31514,152.41,151.07,-1.07,7.34,7.34,0.017,3,0,2,0.0,0.0,2
8430,150.0,31551,148.4,149.73,0.27,9.59,9.59,0.045,3,0,2,0.0,0.0,2
8440,150.0,31588,148.4,149.73,0.27,9.83,9.83,0.047,3,0,2,0.0,0.0,2
8450,150.0,31626,152.41,149.73,0.27,7.46,7.46,0.018,3,0,2,0.0,0.0,2
8460,150.0,31663,148.4,149.73,0.27,9.71,9.71,0.046,3,0,2,0.0,0.0,2
8470,150.0,31700,148.4,149.73,0.27,9.95,9.95,0.048,3,0,2,0.0,0.0,2
8480,150.0,31738,152.41,149.73,0.27,7.58,7.58,0.02,3,0,2,0.0,0.0,2
8490,150.0,31776,152.41,151.07,-1.07,7.22,7.22,0.016,3,0,2,0.0,0.0,2
8500,150.0,31813,148.4,151.07,-1.07,9.47,9.47,0.044,3,0,2,0.0,0.0,2
8510,150.0,31850,148.4,149.73,0.27,9.71,9.71,0.046,3,0,2,0.0,0.0,2
8520,150.0,31887,148.4,148.4,1.6,9.95,9.95,0.049,3,0,2,0.0,0.0,2
8530,150.0,31925,152.41,149.73,0.27,7.58,7.58,0.02,3,0,2,0.0,0.0,2
8540,150.0,31963,152.41,151.07,-1.07,7.22,7.22,0.016,3,0,2,0.0,0.0,2
8550,150.0,32000,148.4,151.07,-1.07,9.47,9.47,0.044,3,0,2,0.0,0.0,2
8560,150.0,32037,148.4,149.73,0.27,9.71,9.71,0.046,3,0,2,0.0,0.0,2
8570,150.0,32074,148.4,148.4,1.6,9.95,9.95,0.049,3,0,2,0.0,0.0,2
8580,150.0,32112,152.41,149.73,0.27,7.58,7.58,0.02,3,0,2,0.0,0.0,2
8590,150.0,32149,148.4,149.73,0.27,9.83,9.83,0.047,3,0,2,0.0,0.0,2
8600,150.0,32187,152.41,151.07,-1.07,7.46,7.46,0.018,3,0,2,0.0,0.0,2
8610,150.0,32224,148.4,149.73,0.27,9.71,9.71,0.046,3,0,2,0.0,0.0,2
8620,150.0,32262,152.41,151.07,-1.07,7.34,7.34,0.017,3,0,2,0.0,0.0,2
8630,150.0,32299,148.4,149.73,0.27,9.59,9.59,0.045,3,0,2,0.0,0.0,2
8640,150.0,32337,152.41,151.07,-1.07,7.22,7.22,0.016,3,0,2,0.0,0.0,2
8650,150.0,32374,148.4,149.73,0.27,9.47,9.47,0.044,3,0,2,0.0,0.0,2
8660,150.0,32411,148.4,149.73,0.27,9.71,9.71,0.046,3,0,2,0.0,0.0,2
8670,150.0,32448,148.4,148.4,1.6,9.95,9.95,0.049,3,0,2,0.0,0.0,2
8680,150.0,32486,152.41,149.73,0.27,7.58,7.58,0.02,3,0,2,0.0,0.0,2
8690,150.0,32523,148.4,149.73,0.27,9.83,9.83,0.047,3,0,2,0.0,0.0,2
8700,150.0,32561,152.41,151.07,-1.07,7.46,7.46,0.018,3,0,2,0.0,0.0,2
8710,150.0,32598,148.4,149.73,0.27,9.71,9.71,0.046,3,0,2,0.0,0.0,2
8720,150.0,32636,152.41,151.07,-1.07,7.34,7.34,0.017,3,0,2,0.0,0.0,2
8730,150.0,32673,148.4,149.73,0.27,9.59,9.59,0.045,3,0,2,0.0,0.0,2
8740,150.0,32710,148.4,149.73,0.27,9.83,9.83,0.047,3,0,2,0.0,0.0,2
8750,150.0,32748,152.41,149.73,0.27,7.46,7.46,0.018,3,0,2,0.0,0.0,2
8760,150.0,32785,148.4,149.73,0.27,9.71,9.71,0.046,3,0,2,0.0,0.0,2
8770,150.0,32823,152.41,151.07,-1.07,7.34,7.34,0.017,3,0,2,0.0,0.0,2
8780,150.0,32860,148.4,149.73,0.27,9.59,9.59,0.045,3,0,2,0.0,0.0,2
8790,150.0,32897,148.4,149.73,0.27,9.83,9.83,0.047,3,0,2,0.0,0.0,2
8800,150.0,32935,152.41,149.73,0.27,7.46,7.46,0.018,3,0,2,0.0,0.0,2
8810,150.0,32972,148.4,149.73,0.27,9.71,9.71,0.046,3,0,2,0.0,0.0,2
8820,150.0,33009,148.4,149.73,0.27,9.95,9.95,0.048,3,0,2,0.0,0.0,2
8830,150.0,33047,152.41,149.73,0.27,7.58,7.58,0.02,3,0,2,0.0,0.0,2
8840,150.0,33085,152.41,151.07,-1.07,7.22,7.22,0.016,3,0,2,0.0,0.0,2
8850,150.0,33122,148.4,151.07,-1.07,9.47,9.47,0.044,3,0,2,0.0,0.0,2
8860,150.0,33159,148.4,149.73,0.27,9.71,9.71,0.046,3,0,2,0.0,0.0,2
8870,150.0,33196,148.4,148.4,1.6,9.95,9.95,0.049,3,0,2,0.0,0.0,2
8880,150.0,33234,152.41,149.73,0.27,7.58,7.58,0.02,3,0,2,0.0,0.0,2
8890,150.0,33272,152.41,151.07,-1.07,7.22,7.22,0.016,3,0,2,0.0,0.0,2
8900,150.0,33309,148.4,151.07,-1.07,9.47,9.47,0.044,3,0,2,0.0,0.0,2
8910,150.0,33346,148.4,149.73,0.27,9.71,9.71,0.046,3,0,2,0.0,0.0,2
8920,150.0,33383,148.4,148.4,1.6,9.95,9.95,0.049,3,0,2,0.0,0.0,2
8930,150.0,33421,152.41,149.73,0.27,7.58,7.58,0.02,3,0,2,0.0,0.0,2
8940,150.0,33459,152.41,151.07,-1.07,7.22,7.22,0.016,3,0,2,0.0,0.0,2
8950,150.0,33496,148.4,151.07,-1.07,9.47,9.47,0.044,3,0,2,0.0,0.0,2
8960,150.0,33533,148.4,149.73,0.27,9.71,9.71,0.046,3,0,2,0.0,0.0,2
8970,150.0,33570,148.4,148.4,1.6,9.95,9.95,0.049,3,0,2,0.0,0.0,2
8980,150.0,33608,152.41,149.73,0.27,7.58,7.58,0.02,3,0,2,0.0,0.0,2
8990,150.0,33645,148.4,149.73,0.27,9.83,9.83,0.047,3,0,2,0.0,0.0,2
9000,150.0,33683,152.41,151.07,-1.07,7.46,7.46,0.018,3,0,2,0.0,0.0,2
9010,150.0,33720,148.4,149.73,0.27,9.71,9.71,0.046,3,0,2,0.0,0.0,2
9020,150.0,33758,152.41,151.07,-1.07,7.34,7.34,0.017,3,0,2,0.0,0.0,2
9030,150.0,33795,148.4,149.73,0.27,9.59,9.59,0.045,3,0,2,0.0,0.0,2
9040,150.0,33832,148.4,149.73,0.27,9.83,9.83,0.047,3,0,2,0.0,0.0,2
9050,150.0,33870,152.41,149.73,0.27,7.46,7.46,0.018,3,0,2,0.0,0.0,2
9060,150.0,33907,148.4,149.73,0.27,9.71,9.71,0.046,3,0,2,0.0,0.0,2
9070,150.0,33945,152.41,151.07,-1.07,7.34,7.34,0.017,3,0,2,0.0,0.0,2
9080,150.0,33982,148.4,149.73,0.27,9.59,9.59,0.045,3,0,2,0.0,0.0,2
9090,150.0,34019,148.4,149.73,0.27,9.83,9.83,0.047,3,0,2,0.0,0.0,2
9100,150.0,34057,152.41,149.73,0.27,7.46,7.46,0.018,3,0,2,0.0,0.0,2
9110,150.0,34094,148.4,149.73,0.27,9.71,9.71,0.046,3,0,2,0.0,0.0,2
9120,150.0,34132,152.41,151.07,-1.07,7.34,7.34,0.017,3,0,2,0.0,0.0,2
9130,150.0,34169,148.4,149.73,0.27,9.59,9.59,0.045,3,0,2,0.0,0.0,2
9140,150.0,34206,148.4,149.73,0.27,9.83,9.83,0.047,3,0,2,0.0,0.0,2
9150,150.0,34244,152.41,149.73,0.27,7.46,7.46,0.018,3,0,2,0.0,0.0,2
9160,150.0,34281,148.4,149.73,0.27,9.71,9.71,0.046,3,0,2,0.0,0.0,2
9170,150.0,34319,152.41,151.07,-1.07,7.34,7.34,0.017,3,0,2,0.0,0.0,2
9180,150.0,34356,148.4,149.73,0.27,9.59,9.59,0.045,3,0,2,0.0,0.0,2
9190,150.0,34393,148.4,149.73,0.27,9.83,9.83,0.047,3,0,2,0.0,0.0,2
9200,150.0,34431,152.41,149.73,0.27,7.46,7.46,0.018,3,0,2,0.0,0.0,2
9210,150.0,34468,148.4,149.73,0.27,9.71,9.71,0.046,3,0,2,0.0,0.0,2
9220,150.0,34505,148.4,149.73,0.27,9.95,9.95,0.049,3,0,2,0.0,0.0,2
9230,150.0,34543,152.41,149.73,0.27,7.58,7.58,0.02,3,0,2,0.0,0.0,2
9240,150.0,34581,152.41,151.07,-1.07,7.22,7.22,0.016,3,0,2,0.0,0.0,2
9250,150.0,34618,148.4,151.07,-1.07,9.47,9.47,0.044,3,0,2,0.0,0.0,2
9260,150.0,34655,148.4,149.73,0.27,9.71,9.71,0.046,3,0,2,0.0,0.0,2
9270,150.0,34692,148.4,148.4,1.6,9.95,9.95,0.049,3,0,2,0.0,0.0,2
9280,150.0,34730,152.41,149.73,0.27,7.58,7.58,0.02,3,0,2,0.0,0.0,2
9290,150.0,34768,152.41,151.07,-1.07,7.22,7.22,0.016,3,0,2,0.0,0.0,2
9300,150.0,34805,148.4,151.07,-1.07,9.47,9.47,0.044,3,0,2,0.0,0.0,2
9310,150.0,34842,148.4,149.73,0.27,9.71,9.71,0.046,3,0,2,0.0,0.0,2
9320,150.0,34879,148.4,148.4,1.6,9.95,9.95,0.049,3,0,2,0.0,0.0,2
9330,150.0,34917,152.41,149.73,0.27,7.58,7.58,0.02,3,0,2,0.0,0.0,2
9340,150.0,34954,148.4,149.73,0.27,9.83,9.83,0.047,3,0,2,0.0,0.0,2
9350,150.0,34992,152.41,151.07,-1.07,7.46,7.46,0.018,3,0,2,0.0,0.0,2
9360,150.0,35029,148.4,149.73,0.27,9.71,9.71,0.046,3,0,2,0.0,0.0,2
9370,150.0,35067,152.41,151.07,-1.07,7.34,7.34,0.017,3,0,2,0.0,0.0,2
9380,150.0,35104,148.4,149.73,0.27,9.59,9.59,0.045,3,0,2,0.0,0.0,2
9390,150.0,35142,152.41,151.07,-1.07,7.22,7.22,0.016,3,0,2,0.0,0.0,2
9400,150.0,35179,148.4,149.73,0.27,9.47,9.47,0.044,3,0,2,0.0,0.0,2
9410,150.0,35216,148.4,149.73,0.27,9.71,9.71,0.046,3,0,2,0.0,0.0,2
9420,150.0,35253,148.4,148.4,1.6,9.95,9.95,0.049,3,0,2,0.0,0.0,2
9430,150.0,35291,152.41,149.73,0.27,7.58,7.58,0.02,3,0,2,0.0,0.0,2
9440,150.0,35328,148.4,149.73,0.27,9.83,9.83,0.047,3,0,2,0.0,0.0,2
9450,150.0,35366,152.41,151.07,-1.07,7.46,7.46,0.018,3,0,2,0.0,0.0,2
9460,150.0,35403,148.4,149.73,0.27,9.71,9.71,0.046,3,0,2,0.0,0.0,2
9470,150.0,35441,152.41,151.07,-1.07,7.34,7.34,0.017,3,0,2,0.0,0.0,2
9480,150.0,35478,148.4,149.73,0.27,9.59,9.59,0.045,3,0,2,0.0,0.0,2
9490,150.0,35515,148.4,149.73,0.27,9.83,9.83,0.047,3,0,2,0.0,0.0,2
9500,150.0,35553,152.41,149.73,0.27,7.46,7.46,0.018,3,0,2,0.0,0.0,2
9510,150.0,35590,148.4,149.73,0.27,9.71,9.71,0.046,3,0,2,0.0,0.0,2
9520,150.0,35628,152.41,151.07,-1.07,7.34,7.34,0.017,3,0,2,0.0,0.0,2
9530,150.0,35665,148.4,149.73,0.27,9.59,9.59,0.045,3,0,2,0.0,0.0,2
9540,150.0,35702,148.4,149.73,0.27,9.83,9.83,0.047,3,0,2,0.0,0.0,2
9550,150.0,35740,152.41,149.73,0.27,7.46,7.46,0.018,3,0,2,0.0,0.0,2
9560,150.0,35777,148.4,149.73,0.27,9.71,9.71,0.046,3,0,2,0.0,0.0,2
9570,150.0,35815,152.41,151.07,-1.07,7.34,7.34,0.017,3,0,2,0.0,0.0,2
9580,150.0,35852,148.4,149.73,0.27,9.59,9.59,0.045,3,0,2,0.0,0.0,2
9590,150.0,35889,148.4,149.73,0.27,9.83,9.83,0.047,3,0,2,0.0,0.0,2
9600,150.0,35927,152.41,149.73,0.27,7.46,7.46,0.018,3,0,2,0.0,0.0,2
9610,150.0,35964,148.4,149.73,0.27,9.71,9.71,0.046,3,0,2,0.0,0.0,2
9620,150.0,36001,148.4,149.73,0.27,9.95,9.95,0.049,3,0,2,0.0,0.0,2
9630,150.0,36039,152.41,149.73,0.27,7.58,7.58,0.02,3,0,2,0.0,0.0,2
9640,150.0,36077,152.41,151.07,-1.07,7.22,7.22,0.016,3,0,2,0.0,0.0,2
9650,150.0,36114,148.4,151.07,-1.07,9.47,9.47,0.044,3,0,2,0.0,0.0,2
9660,150.0,36151,148.4,149.73,0.27,9.71,9.71,0.046,3,0,2,0.0,0.0,2
9670,150.0,36188,148.4,148.4,1.6,9.95,9.95,0.049,3,0,2,0.0,0.0,2
9680,150.0,36226,152.41,149.73,0.27,7.58,7.58,0.02,3,0,2,0.0,0.0,2
9690,150.0,36263,148.4,149.73,0.27,9.83,9.83,0.047,3,0,2,0.0,0.0,2
9700,150.0,36301,152.41,151.07,-1.07,7.46,7.46,0.018,3,0,2,0.0,0.0,2
9710,150.0,36338,148.4,149.73,0.27,9.71,9.71,0.046,3,0,2,0.0,0.0,2
9720,150.0,36376,152.41,151.07,-1.07,7.34,7.34,0.017,3,0,2,0.0,0.0,2
9730,150.0,36413,148.4,149.73,0.27,9.59,9.59,0.045,3,0,2,0.0,0.0,2
9740,150.0,36451,152.41,151.07,-1.07,7.22,7.22,0.016,3,0,2,0.0,0.0,2
9750,150.0,36488,148.4,149.73,0.27,9.47,9.47,0.044,3,0,2,0.0,0.0,2
9760,150.0,36525,148.4,149.73,0.27,9.71,9.71,0.046,3,0,2,0.0,0.0,2
9770,150.0,36562,148.4,148.4,1.6,9.95,9.95,0.049,3,0,2,0.0,0.0,2
9780,150.0,36600,152.41,149.73,0.27,7.58,7.58,0.02,3,0,2,0.0,0.0,2
9790,150.0,36637,148.4,149.73,0.27,9.83,9.83,0.047,3,0,2,0.0,0.0,2
9800,150.0,36675,152.41,151.07,-1.07,7.46,7.46,0.018,3,0,2,0.0,0.0,2
9810,150.0,36712,148.4,149.73,0.27,9.71,9.71,0.046,3,0,2,0.0,0.0,2
9820,150.0,36750,152.41,151.07,-1.07,7.34,7.34,0.017,3,0,2,0.0,0.0,2
9830,150.0,36787,148.4,149.73,0.27,9.59,9.59,0.045,3,0,2,0.0,0.0,2
9840,150.0,36824,148.4,149.73,0.27,9.83,9.83,0.047,3,0,2,0.0,0.0,2
9850,150.0,36862,152.41,149.73,0.27,7.46,7.46,0.018,3,0,2,0.0,0.0,2
9860,150.0,36899,148.4,149.73,0.27,9.71,9.71,0.046,3,0,2,0.0,0.0,2
9870,150.0,36937,152.41,151.07,-1.07,7.34,7.34,0.017,3,0,2,0.0,0.0,2
9880,150.0,36974,148.4,149.73,0.27,9.59,9.59,0.045,3,0,2,0.0,0.0,2
9890,150.0,37011,148.4,149.73,0.27,9.83,9.83,0.047,3,0,2,0.0,0.0,2
9900,150.0,37049,152.41,149.73,0.27,7.46,7.46,0.018,3,0,2,0.0,0.0,2
9910,150.0,37086,148.4,149.73,0.27,9.71,9.71,0.046,3,0,2,0.0,0.0,2
9920,150.0,37124,152.41,151.07,-1.07,7.34,7.34,0.017,3,0,2,0.0,0.0,2
9930,150.0,37161,148.4,149.73,0.27,9.59,9.59,0.045,3,0,2,0.0,0.0,2
9940,150.0,37198,148.4,149.73,0.27,9.83,9.83,0.047,3,0,2,0.0,0.0,2
9950,150.0,37236,152.41,149.73,0.27,7.46,7.46,0.018,3,0,2,0.0,0.0,2
9960,150.0,37273,148.4,149.73,0.27,9.71,9.71,0.046,3,0,2,0.0,0.0,2
9970,150.0,37310,148.4,149.73,0.27,9.95,9.95,0.048,3,0,2,0.0,0.0,2
9980,150.0,37348,152.41,149.73,0.27,7.58,7.58,0.02,3,0,2,0.0,0.0,2
9990,150.0,37386,152.41,151.07,-1.07,7.22,7.22,0.016,3,0,2,0.0,0.0,2
0,150.0,0,0.0,0.0,150.0,97.5,97.5,1.17,3,0,0,0.0,0.0,3
10,150.0,22,88.24,44.12,105.88,62.65,62.65,0.709,3,0,0,0.0,0.0,3
20,150.0,60,152.41,80.21,69.79,30.2,30.2,0.292,3,0,0,0.0,0.0,3
30,150.0,103,172.46,137.7,12.3,16.8,16.8,0.121,3,0,0,0.0,0.0,3
40,150.0,147,176.47,167.11,-17.11,10.83,10.83,0.046,3,0,0,0.0,0.0,3
50,150.0,192,180.48,176.47,-26.47,4.25,4.25,-0.034,3,0,0,0.0,0.0,3
60,150.0,235,172.46,176.47,-26.47,4.89,4.89,-0.023,3,0,0,0.0,0.0,3
70,150.0,277,168.45,173.8,-23.8,4.13,4.13,-0.029,3,0,0,0.0,0.0,3
80,150.0,317,160.43,167.11,-17.11,6.58,6.58,0.003,3,0,0,0.0,0.0,3
90,150.0,357,160.43,163.1,-13.1,5.01,5.01,-0.015,3,0,0,0.0,0.0,3
100,150.0,395,152.41,157.75,-7.75,8.66,8.66,0.031,3,0,0,0.0,0.0,3
110,150.0,434,156.42,156.42,-6.42,5.7,5.7,-0.004,3,0,0,0.0,0.0,3
120,150.0,471,148.4,152.41,-2.41,9.95,9.95,0.048,3,0,0,0.0,0.0,3
130,150.0,509,152.41,152.41,-2.41,7.58,7.58,0.02,3,0,0,0.0,0.0,3
140,150.0,546,148.4,149.73,0.27,9.83,9.83,0.047,3,0,0,0.0,0.0,3
150,150.0,584,152.41,151.07,-1.07,7.46,7.46,0.018,3,0,0,0.0,0.0,3
160,150.0,621,148.4,149.73,0.27,9.71,9.71,0.046,3,0,0,0.0,0.0,3
170,150.0,659,152.41,151.07,-1.07,7.34,7.34,0.017,3,0,0,0.0,0.0,3
180,150.0,696,148.4,149.73,0.27,9.59,9.59,0.045,3,0,0,0.0,0.0,3
190,150.0,734,152.41,151.07,-1.07,7.22,7.22,0.016,3,0,0,0.0,0.0,3
200,150.0,771,148.4,149.73,0.27,9.47,9.47,0.044,3,0,0,0.0,0.0,3
210,150.0,808,148.4,149.73,0.27,9.71,9.71,0.046,3,0,0,0.0,0.0,3
220,150.0,845,148.4,148.4,1.6,9.95,9.95,0.049,3,0,0,0.0,0.0,3
230,150.0,883,152.41,149.73,0.27,7.58,7.58,0.02,3,0,0,0.0,0.0,3
240,150.0,920,148.4,149.73,0.27,9.83,9.83,0.047,3,0,0,0.0,0.0,3
250,150.0,958,152.41,151.07,-1.07,7.46,7.46,0.018,3,0,0,0.0,0.0,3
260,150.0,995,148.4,149.73,0.27,9.71,9.71,0.046,3,0,0,0.0,0.0,3
270,150.0,1033,152.41,151.07,-1.07,7.34,7.34,0.017,3,0,0,0.0,0.0,3
280,150.0,1070,148.4,149.73,0.27,9.59,9.59,0.045,3,0,0,0.0,0.0,3
290,150.0,1107,148.4,149.73,0.27,9.83,9.83,0.047,3,0,0,0.0,0.0,3
300,150.0,1145,152.41,149.73,0.27,7.46,7.46,0.018,3,0,0,0.0,0.0,3
310,150.0,1182,148.4,149.73,0.27,9.71,9.71,0.046,3,0,0,0.0,0.0,3
320,150.0,1220,152.41,151.07,-1.07,7.34,7.34,0.017,3,0,0,0.0,0.0,3
330,150.0,1257,148.4,149.73,0.27,9.59,9.59,0.045,3,0,0,0.0,0.0,3
340,150.0,1294,148.4,149.73,0.27,9.83,9.83,0.047,3,0,0,0.0,0.0,3
350,150.0,1332,152.41,149.73,0.27,7.46,7.46,0.018,3,0,0,0.0,0.0,3
360,150.0,1369,148.4,149.73,0.27,9.71,9.71,0.046,3,0,0,0.0,0.0,3
370,150.0,1407,152.41,151.07,-1.07,7.34,7.34,0.017,3,0,0,0.0,0.0,3
380,150.0,1444,148.4,149.73,0.27,9.59,9.59,0.045,3,0,0,0.0,0.0,3
390,150.0,1481,148.4,149.73,0.27,9.83,9.83,0.047,3,0,0,0.0,0.0,3
400,150.0,1519,152.41,149.73,0.27,7.46,7.46,0.018,3,0,0,0.0,0.0,3
410,150.0,1556,148.4,149.73,0.27,9.71,9.71,0.046,3,0,0,0.0,0.0,3
420,150.0,1594,152.41,151.07,-1.07,7.34,7.34,0.017,3,0,0,0.0,0.0,3
430,150.0,1631,148.4,149.73,0.27,9.59,9.59,0.045,3,0,0,0.0,0.0,3
440,150.0,1668,148.4,149.73,0.27,9.83,9.83,0.047,3,0,0,0.0,0.0,3
450,150.0,1706,152.41,149.73,0.27,7.46,7.46,0.018,3,0,0,0.0,0.0,3
460,150.0,1743,148.4,149.73,0.27,9.71,9.71,0.046,3,0,0,0.0,0.0,3
470,150.0,1780,148.4,149.73,0.27,9.95,9.95,0.049,3,0,0,0.0,0.0,3
480,150.0,1818,152.41,149.73,0.27,7.58,7.58,0.02,3,0,0,0.0,0.0,3
490,150.0,1856,152.41,151.07,-1.07,7.22,7.22,0.016,3,0,0,0.0,0.0,3
500,150.0,1893,148.4,151.07,-1.07,9.47,9.47,0.044,3,0,0,0.0,0.0,3
510,150.0,1930,148.4,149.73,0.27,9.71,9.71,0.046,3,0,0,0.0,0.0,3
520,150.0,1967,148.4,148.4,1.6,9.95,9.95,0.049,3,0,0,0.0,0.0,3
530,150.0,2005,152.41,149.73,0.27,7.58,7.58,0.02,3,0,0,0.0,0.0,3
540,150.0,2043,152.41,151.07,-1.07,7.22,7.22,0.016,3,0,0,0.0,0.0,3
550,150.0,2080,148.4,151.07,-1.07,9.47,9.47,0.044,3,0,0,0.0,0.0,3
560,150.0,2117,148.4,149.73,0.27,9.71,9.71,0.046,3,0,0,0.0,0.0,3
570,150.0,2154,148.4,148.4,1.6,9.95,9.95,0.049,3,0,0,0.0,0.0,3
580,150.0,2192,152.41,149.73,0.27,7.58,7.58,0.02,3,0,0,0.0,0.0,3
590,150.0,2229,148.4,149.73,0.27,9.83,9.83,0.047,3,0,0,0.0,0.0,3
600,150.0,2267,152.41,151.07,-1.07,7.46,7.46,0.018,3,0,0,0.0,0.0,3
610,150.0,2304,148.4,149.73,0.27,9.71,9.71,0.046,3,0,0,0.0,0.0,3
620,150.0,2342,152.41,151.07,-1.07,7.34,7.34,0.017,3,0,0,0.0,0.0,3
630,150.0,2379,148.4,149.73,0.27,9.59,9.59,0.045,3,0,0,0.0,0.0,3
640,150.0,2416,148.4,149.73,0.27,9.83,9.83,0.047,3,0,0,0.0,0.0,3
650,150.0,2454,152.41,149.73,0.27,7.46,7.46,0.018,3,0,0,0.0,0.0,3
660,150.0,2491,148.4,149.73,0.27,9.71,9.71,0.046,3,0,0,0.0,0.0,3
670,150.0,2529,152.41,151.07,-1.07,7.34,7.34,0.017,3,0,0,0.0,0.0,3
680,150.0,2566,148.4,149.73,0.27,9.59,9.59,0.045,3,0,0,0.0,0.0,3
690,150.0,2603,148.4,149.73,0.27,9.83,9.83,0.047,3,0,0,0.0,0.0,3
700,150.0,2641,152.41,149.73,0.27,7.46,7.46,0.018,3,0,0,0.0,0.0,3
710,150.0,2678,148.4,149.73,0.27,9.71,9.71,0.046,3,0,0,0.0,0.0,3
720,150.0,2716,152.41,151.07,-1.07,7.34,7.34,0.017,3,0,0,0.0,0.0,3
730,150.0,2753,148.4,149.73,0.27,9.59,9.59,0.045,3,0,0,0.0,0.0,3
740,150.0,2790,148.4,149.73,0.27,9.83,9.83,0.047,3,0,0,0.0,0.0,3
750,150.0,2828,152.41,149.73,0.27,7.46,7.46,0.018,3,0,0,0.0,0.0,3
760,150.0,2865,148.4,149.73,0.27,9.71,9.71,0.046,3,0,0,0.0,0.0,3
770,150.0,2903,152.41,151.07,-1.07,7.34,7.34,0.017,3,0,0,0.0,0.0,3
780,150.0,2940,148.4,149.73,0.27,9.59,9.59,0.045,3,0,0,0.0,0.0,3
790,150.0,2977,148.4,149.73,0.27,9.83,9.83,0.047,3,0,0,0.0,0.0,3
800,150.0,3015,152.41,149.73,0.27,7.46,7.46,0.018,3,0,0,0.0,0.0,3
810,150.0,3052,148.4,149.73,0.27,9.71,9.71,0.046,3,0,0,0.0,0.0,3
820,150.0,3090,152.41,151.07,-1.07,7.34,7.34,0.017,3,0,0,0.0,0.0,3
830,150.0,3127,148.4,149.73,0.27,9.59,9.59,0.045,3,0,0,0.0,0.0,3
840,150.0,3164,148.4,149.73,0.27,9.83,9.83,0.047,3,0,0,0.0,0.0,3
850,150.0,3202,152.41,149.73,0.27,7.46,7.46,0.018,3,0,0,0.0,0.0,3
860,150.0,3239,148.4,149.73,0.27,9.71,9.71,0.046,3,0,0,0.0,0.0,3
870,150.0,3276,148.4,149.73,0.27,9.95,9.95,0.049,3,0,0,0.0,0.0,3
880,150.0,3314,152.41,149.73,0.27,7.58,7.58,0.02,3,0,0,0.0,0.0,3
890,150.0,3351,148.4,149.73,0.27,9.83,9.83,0.047,3,0,0,0.0,0.0,3
900,150.0,3389,152.41,151.07,-1.07,7.46,7.46,0.018,3,0,0,0.0,0.0,3
910,150.0,3427,152.41,151.07,-1.07,7.1,7.1,0.015,3,0,0,0.0,0.0,3
920,150.0,3463,144.39,149.73,0.27,11.95,11.95,0.074,3,0,0,0.0,0.0,3
930,150.0,3501,152.41,149.73,0.27,7.58,7.58,0.02,3,0,0,0.0,0.0,3
940,150.0,3539,152.41,149.73,0.27,7.22,7.22,0.016,3,0,0,0.0,0.0,3
950,150.0,3576,148.4,151.07,-1.07,9.47,9.47,0.044,3,0,0,0.0,0.0,3
960,150.0,3613,148.4,149.73,0.27,9.71,9.71,0.046,3,0,0,0.0,0.0,3
970,150.0,3650,148.4,148.4,1.6,9.95,9.95,0.049,3,0,0,0.0,0.0,3
980,150.0,3688,152.41,149.73,0.27,7.58,7.58,0.02,3,0,0,0.0,0.0,3
990,150.0,3725,148.4,149.73,0.27,9.83,9.83,0.047,3,0,0,0.0,0.0,3
1000,150.0,3763,152.41,151.07,-1.07,7.46,7.46,0.018,3,0,0,0.0,0.0,3
1010,150.0,3800,148.4,149.73,0.27,9.71,9.71,0.046,3,0,0,0.0,0.0,3
1020,150.0,3838,152.41,151.07,-1.07,7.34,7.34,0.017,3,0,0,0.0,0.0,3
1030,150.0,3875,148.4,149.73,0.27,9.59,9.59,0.045,3,0,0,0.0,0.0,3
1040,150.0,3912,148.4,149.73,0.27,9.83,9.83,0.047,3,0,0,0.0,0.0,3
1050,150.0,3950,152.41,149.73,0.27,7.46,7.46,0.018,3,0,0,0.0,0.0,3
1060,150.0,3987,148.4,149.73,0.27,9.71,9.71,0.046,3,0,0,0.0,0.0,3
1070,150.0,4025,152.41,151.07,-1.07,7.34,7.34,0.017,3,0,0,0.0,0.0,3
1080,150.0,4062,148.4,149.73,0.27,9.59,9.59,0.045,3,0,0,0.0,0.0,3
1090,150.0,4099,148.4,149.73,0.27,9.83,9.83,0.047,3,0,0,0.0,0.0,3
1100,150.0,4137,152.41,149.73,0.27,7.46,7.46,0.018,3,0,0,0.0,0.0,3
1110,150.0,4174,148.4,149.73,0.27,9.71,9.71,0.046,3,0,0,0.0,0.0,3
1120,150.0,4212,152.41,151.07,-1.07,7.34,7.34,0.017,3,0,0,0.0,0.0,3
1130,150.0,4249,148.4,149.73,0.27,9.59,9.59,0.045,3,0,0,0.0,0.0,3
1140,150.0,4286,148.4,149.73,0.27,9.83,9.83,0.047,3,0,0,0.0,0.0,3
1150,150.0,4324,152.41,149.73,0.27,7.46,7.46,0.018,3,0,0,0.0,0.0,3
1160,150.0,4361,148.4,149.73,0.27,9.71,9.71,0.046,3,0,0,0.0,0.0,3
1170,150.0,4399,152.41,151.07,-1.07,7.34,7.34,0.017,3,0,0,0.0,0.0,3
1180,150.0,4436,148.4,149.73,0.27,9.59,9.59,0.045,3,0,0,0.0,0.0,3
1190,150.0,4473,148.4,149.73,0.27,9.83,9.83,0.047,3,0,0,0.0,0.0,3
1200,150.0,4511,152.41,149.73,0.27,7.46,7.46,0.018,3,0,0,0.0,0.0,3
1210,150.0,4548,148.4,149.73,0.27,9.71,9.71,0.046,3,0,0,0.0,0.0,3
1220,150.0,4585,148.4,149.73,0.27,9.95,9.95,0.049,3,0,0,0.0,0.0,3
1230,150.0,4623,152.41,149.73,0.27,7.58,7.58,0.02,3,0,0,0.0,0.0,3
1240,150.0,4661,152.41,151.07,-1.07,7.22,7.22,0.016,3,0,0,0.0,0.0,3
1250,150.0,4698,148.4,151.07,-1.07,9.47,9.47,0.044,3,0,0,0.0,0.0,3
1260,150.0,4735,148.4,149.73,0.27,9.71,9.71,0.046,3,0,0,0.0,0.0,3
1270,150.0,4772,148.4,148.4,1.6,9.95,9.95,0.049,3,0,0,0.0,0.0,3
1280,150.0,4810,152.41,149.73,0.27,7.58,7.58,0.02,3,0,0,0.0,0.0,3
1290,150.0,4848,152.41,151.07,-1.07,7.22,7.22,0.016,3,0,0,0.0,0.0,3
1300,150.0,4885,148.4,151.07,-1.07,9.47,9.47,0.044,3,0,0,0.0,0.0,3
1310,150.0,4922,148.4,149.73,0.27,9.71,9.71,0.046,3,0,0,0.0,0.0,3
1320,150.0,4959,148.4,148.4,1.6,9.95,9.95,0.049,3,0,0,0.0,0.0,3
1330,150.0,4997,152.41,149.73,0.27,7.58,7.58,0.02,3,0,0,0.0,0.0,3
1340,150.0,5034,148.4,149.73,0.27,9.83,9.83,0.047,3,0,0,0.0,0.0,3
1350,150.0,5072,152.41,151.07,-1.07,7.46,7.46,0.018,3,0,0,0.0,0.0,3
1360,150.0,5109,148.4,149.73,0.27,9.71,9.71,0.046,3,0,0,0.0,0.0,3
1370,150.0,5147,152.41,151.07,-1.07,7.34,7.34,0.017,3,0,0,0.0,0.0,3
1380,150.0,5184,148.4,149.73,0.27,9.59,9.59,0.045,3,0,0,0.0,0.0,3
1390,150.0,5221,148.4,149.73,0.27,9.83,9.83,0.047,3,0,0,0.0,0.0,3
1400,150.0,5259,152.41,149.73,0.27,7.46,7.46,0.018,3,0,0,0.0,0.0,3
1410,150.0,5296,148.4,149.73,0.27,9.71,9.71,0.046,3,0,0,0.0,0.0,3
1420,150.0,5334,152.41,151.07,-1.07,7.34,7.34,0.017,3,0,0,0.0,0.0,3
1430,150.0,5371,148.4,149.73,0.27,9.59,9.59,0.045,3,0,0,0.0,0.0,3
1440,150.0,5408,148.4,149.73,0.27,9.83,9.83,0.047,3,0,0,0.0,0.0,3
1450,150.0,5446,152.41,149.73,0.27,7.46,7.46,0.018,3,0,0,0.0,0.0,3
1460,150.0,5483,148.4,149.73,0.27,9.71,9.71,0.046,3,0,0,0.0,0.0,3
1470,150.0,5521,152.41,151.07,-1.07,7.34,7.34,0.017,3,0,0,0.0,0.0,3
1480,150.0,5558,148.4,149.73,0.27,9.59,9.59,0.045,3,0,0,0.0,0.0,3
1490,150.0,5595,148.4,149.73,0.27,9.83,9.83,0.047,3,0,0,0.0,0.0,3
1500,150.0,5633,152.41,149.73,0.27,7.46,7.46,0.018,3,0,0,0.0,0.0,3
1510,150.0,5670,148.4,149.73,0.27,9.71,9.71,0.046,3,0,0,0.0,0.0,3
1520,150.0,5708,152.41,151.07,-1.07,7.34,7.34,0.017,3,0,0,0.0,0.0,3
1530,150.0,5745,148.4,149.73,0.27,9.59,9.59,0.045,3,0,0,0.0,0.0,3
1540,150.0,5782,148.4,149.73,0.27,9.83,9.83,0.047,3,0,0,0.0,0.0,3
1550,150.0,5820,152.41,149.73,0.27,7.46,7.46,0.018,3,0,0,0.0,0.0,3
1560,150.0,5857,148.4,149.73,0.27,9.71,9.71,0.046,3,0,0,0.0,0.0,3
1570,150.0,5895,152.41,151.07,-1.07,7.34,7.34,0.017,3,0,0,0.0,0.0,3
1580,150.0,5932,148.4,149.73,0.27,9.59,9.59,0.045,3,0,0,0.0,0.0,3
1590,150.0,5969,148.4,149.73,0.27,9.83,9.83,0.047,3,0,0,0.0,0.0,3
1600,150.0,6007,152.41,149.73,0.27,7.46,7.46,0.018,3,0,0,0.0,0.0,3
1610,150.0,6044,148.4,149.73,0.27,9.71,9.71,0.046,3,0,0,0.0,0.0,3
1620,150.0,6081,148.4,149.73,0.27,9.95,9.95,0.049,3,0,0,0.0,0.0,3
1630,150.0,6119,152.41,149.73,0.27,7.58,7.58,0.02,3,0,0,0.0,0.0,3
1640,150.0,6157,152.41,151.07,-1.07,7.22,7.22,0.016,3,0,0,0.0,0.0,3
1650,150.0,6194,148.4,151.07,-1.07,9.47,9.47,0.044,3,0,0,0.0,0.0,3
1660,150.0,6231,148.4,149.73,0.27,9.71,9.71,0.046,3,0,0,0.0,0.0,3
1670,150.0,6268,148.4,148.4,1.6,9.95,9.95,0.049,3,0,0,0.0,0.0,3
1680,150.0,6306,152.41,149.73,0.27,7.58,7.58,0.02,3,0,0,0.0,0.0,3
1690,150.0,6343,148.4,149.73,0.27,9.83,9.83,0.047,3,0,0,0.0,0.0,3
1700,150.0,6381,152.41,151.07,-1.07,7.46,7.46,0.018,3,0,0,0.0,0.0,3
1710,150.0,6418,148.4,149.73,0.27,9.71,9.71,0.046,3,0,0,0.0,0.0,3
1720,150.0,6456,152.41,151.07,-1.07,7.34,7.34,0.017,3,0,0,0.0,0.0,3
1730,150.0,6493,148.4,149.73,0.27,9.59,9.59,0.045,3,0,0,0.0,0.0,3
1740,150.0,6531,152.41,151.07,-1.07,7.22,7.22,0.016,3,0,0,0.0,0.0,3
1750,150.0,6568,148.4,149.73,0.27,9.47,9.47,0.044,3,0,0,0.0,0.0,3
1760,150.0,6605,148.4,149.73,0.27,9.71,9.71,0.046,3,0,0,0.0,0.0,3
1770,150.0,6642,148.4,148.4,1.6,9.95,9.95,0.049,3,0,0,0.0,0.0,3
1780,150.0,6680,152.41,149.73,0.27,7.58,7.58,0.02,3,0,0,0.0,0.0,3
1790,150.0,6717,148.4,149.73,0.27,9.83,9.83,0.047,3,0,0,0.0,0.0,3
1800,150.0,6755,152.41,151.07,-1.07,7.46,7.46,0.018,3,0,0,0.0,0.0,3
1810,150.0,6792,148.4,149.73,0.27,9.71,9.71,0.046,3,0,0,0.0,0.0,3
1820,150.0,6830,152.41,151.07,-1.07,7.34,7.34,0.017,3,0,0,0.0,0.0,3
1830,150.0,6867,148.4,149.73,0.27,9.59,9.59,0.045,3,0,0,0.0,0.0,3
1840,150.0,6904,148.4,149.73,0.27,9.83,9.83,0.047,3,0,0,0.0,0.0,3
1850,150.0,6942,152.41,149.73,0.27,7.46,7.46,0.018,3,0,0,0.0,0.0,3
1860,150.0,6979,148.4,149.73,0.27,9.71,9.71,0.046,3,0,0,0.0,0.0,3
1870,150.0,7017,152.41,151.07,-1.07,7.34,7.34,0.017,3,0,0,0.0,0.0,3
1880,150.0,7054,148.4,149.73,0.27,9.59,9.59,0.045,3,0,0,0.0,0.0,3
1890,150.0,7091,148.4,149.73,0.27,9.83,9.83,0.047,3,0,0,0.0,0.0,3
1900,150.0,7129,152.41,149.73,0.27,7.46,7.46,0.018,3,0,0,0.0,0.0,3
1910,150.0,7166,148.4,149.73,0.27,9.71,9.71,0.046,3,0,0,0.0,0.0,3
1920,150.0,7204,152.41,151.07,-1.07,7.34,7.34,0.017,3,0,0,0.0,0.0,3
1930,150.0,7241,148.4,149.73,0.27,9.59,9.59,0.045,3,0,0,0.0,0.0,3
1940,150.0,7278,148.4,149.73,0.27,9.83,9.83,0.047,3,0,0,0.0,0.0,3
1950,150.0,7316,152.41,149.73,0.27,7.46,7.46,0.018,3,0,0,0.0,0.0,3
1960,150.0,7353,148.4,149.73,0.27,9.71,9.71,0.046,3,0,0,0.0,0.0,3
1970,150.0,7390,148.4,149.73,0.27,9.95,9.95,0.048,3,0,0,0.0,0.0,3
1980,150.0,7428,152.41,149.73,0.27,7.58,7.58,0.02,3,0,0,0.0,0.0,3
1990,150.0,7466,152.41,151.07,-1.07,7.22,7.22,0.016,3,0,0,0.0,0.0,3
2000,150.0,7503,148.4,151.07,-1.07,9.47,9.47,0.044,3,0,0,0.0,0.0,3
2010,150.0,7540,148.4,149.73,0.27,9.71,9.71,0.046,3,0,0,0.0,0.0,3
2020,150.0,7577,148.4,148.4,1.6,9.95,9.95,0.049,3,0,0,0.0,0.0,3
2030,150.0,7615,152.41,149.73,0.27,7.58,7.58,0.02,3,0,0,0.0,0.0,3
2040,150.0,7653,152.41,151.07,-1.07,7.22,7.22,0.016,3,0,0,0.0,0.0,3
2050,150.0,7690,148.4,151.07,-1.07,9.47,9.47,0.044,3,0,0,0.0,0.0,3
2060,150.0,7727,148.4,149.73,0.27,9.71,9.71,0.046,3,0,0,0.0,0.0,3
2070,150.0,7764,148.4,148.4,1.6,9.95,9.95,0.049,3,0,0,0.0,0.0,3
2080,150.0,7802,152.41,149.73,0.27,7.58,7.58,0.02,3,0,0,0.0,0.0,3
2090,150.0,7839,148.4,149.73,0.27,9.83,9.83,0.047,3,0,0,0.0,0.0,3
2100,150.0,7877,152.41,151.07,-1.07,7.46,7.46,0.018,3,0,0,0.0,0.0,3
2110,150.0,7914,148.4,149.73,0.27,9.71,9.71,0.046,3,0,0,0.0,0.0,3
2120,150.0,7952,152.41,151.07,-1.07,7.34,7.34,0.017,3,0,0,0.0,0.0,3
2130,150.0,7989,148.4,149.73,0.27,9.59,9.59,0.045,3,0,0,0.0,0.0,3
2140,150.0,8026,148.4,149.73,0.27,9.83,9.83,0.047,3,0,0,0.0,0.0,3
2150,150.0,8064,152.41,149.73,0.27,7.46,7.46,0.018,3,0,0,0.0,0.0,3
2160,150.0,8101,148.4,149.73,0.27,9.71,9.71,0.046,3,0,0,0.0,0.0,3
2170,150.0,8139,152.41,151.07,-1.07,7.34,7.34,0.017,3,0,0,0.0,0.0,3
2180,150.0,8176,148.4,149.73,0.27,9.59,9.59,0.045,3,0,0,0.0,0.0,3
2190,150.0,8213,148.4,149.73,0.27,9.83,9.83,0.047,3,0,0,0.0,0.0,3
2200,150.0,8251,152.41,149.73,0.27,7.46,7.46,0.018,3,0,0,0.0,0.0,3
2210,150.0,8288,148.4,149.73,0.27,9.71,9.71,0.046,3,0,0,0.0,0.0,3
2220,150.0,8326,152.41,151.07,-1.07,7.34,7.34,0.017,3,0,0,0.0,0.0,3
2230,150.0,8363,148.4,149.73,0.27,9.59,9.59,0.045,3,0,0,0.0,0.0,3
2240,150.0,8400,148.4,149.73,0.27,9.83,9.83,0.047,3,0,0,0.0,0.0,3
2250,150.0,8438,152.41,149.73,0.27,7.46,7.46,0.018,3,0,0,0.0,0.0,3
2260,150.0,8475,148.4,149.73,0.27,9.71,9.71,0.046,3,0,0,0.0,0.0,3
2270,150.0,8513,152.41,151.07,-1.07,7.34,7.34,0.017,3,0,0,0.0,0.0,3
2280,150.0,8550,148.4,149.73,0.27,9.59,9.59,0.045,3,0,0,0.0,0.0,3
2290,150.0,8587,148.4,149.73,0.27,9.83,9.83,0.047,3,0,0,0.0,0.0,3
2300,150.0,8625,152.41,149.73,0.27,7.46,7.46,0.018,3,0,0,0.0,0.0,3
2310,150.0,8662,148.4,149.73,0.27,9.71,9.71,0.046,3,0,0,0.0,0.0,3
2320,150.0,8700,152.41,151.07,-1.07,7.34,7.34,0.017,3,0,0,0.0,0.0,3
2330,150.0,8737,148.4,149.73,0.27,9.59,9.59,0.045,3,0,0,0.0,0.0,3
2340,150.0,8774,148.4,149.73,0.27,9.83,9.83,0.047,3,0,0,0.0,0.0,3
2350,150.0,8812,152.41,149.73,0.27,7.46,7.46,0.018,3,0,0,0.0,0.0,3
2360,150.0,8849,148.4,149.73,0.27,9.71,9.71,0.046,3,0,0,0.0,0.0,3
2370,150.0,8886,148.4,149.73,0.27,9.95,9.95,0.049,3,0,0,0.0,0.0,3
2380,150.0,8924,152.41,149.73,0.27,7.58,7.58,0.02,3,0,0,0.0,0.0,3
2390,150.0,8962,152.41,151.07,-1.07,7.22,7.22,0.016,3,0,0,0.0,0.0,3
2400,150.0,8999,148.4,151.07,-1.07,9.47,9.47,0.044,3,0,0,0.0,0.0,3
2410,150.0,9036,148.4,149.73,0.27,9.71,9.71,0.046,3,0,0,0.0,0.0,3
2420,150.0,9073,148.4,148.4,1.6,9.95,9.95,0.049,3,0,0,0.0,0.0,3
2430,150.0,9111,152.41,149.73,0.27,7.58,7.58,0.02,3,0,0,0.0,0.0,3
2440,150.0,9148,148.4,149.73,0.27,9.83,9.83,0.047,3,0,0,0.0,0.0,3
2450,150.0,9186,152.41,151.07,-1.07,7.46,7.46,0.018,3,0,0,0.0,0.0,3
2460,150.0,9223,148.4,149.73,0.27,9.71,9.71,0.046,3,0,0,0.0,0.0,3
2470,150.0,9261,152.41,151.07,-1.07,7.34,7.34,0.017,3,0,0,0.0,0.0,3
2480,150.0,9298,148.4,149.73,0.27,9.59,9.59,0.045,3,0,0,0.0,0.0,3
2490,150.0,9336,152.41,151.07,-1.07,7.22,7.22,0.016,3,0,0,0.0,0.0,3
2500,150.0,9373,148.4,149.73,0.27,9.47,9.47,0.044,3,0,0,0.0,0.0,3
2510,150.0,9410,148.4,149.73,0.27,9.71,9.71,0.046,3,0,0,0.0,0.0,3
2520,150.0,9447,148.4,148.4,1.6,9.95,9.95,0.049,3,0,0,0.0,0.0,3
2530,150.0,9485,152.41,149.73,0.27,7.58,7.58,0.02,3,0,0,0.0,0.0,3
2540,150.0,9522,148.4,149.73,0.27,9.83,9.83,0.047,3,0,0,0.0,0.0,3
2550,150.0,9560,152.41,151.07,-1.07,7.46,7.46,0.018,3,0,0,0.0,0.0,3
2560,150.0,9597,148.4,149.73,0.27,9.71,9.71,0.046,3,0,0,0.0,0.0,3
2570,150.0,9635,152.41,151.07,-1.07,7.34,7.34,0.017,3,0,0,0.0,0.0,3
2580,150.0,9672,148.4,149.73,0.27,9.59,9.59,0.045,3,0,0,0.0,0.0,3
2590,150.0,9709,148.4,149.73,0.27,9.83,9.83,0.047,3,0,0,0.0,0.0,3
2600,150.0,9747,152.41,149.73,0.27,7.46,7.46,0.018,3,0,0,0.0,0.0,3
2610,150.0,9784,148.4,149.73,0.27,9.71,9.71,0.046,3,0,0,0.0,0.0,3
2620,150.0,9822,152.41,151.07,-1.07,7.34,7.34,0.017,3,0,0,0.0,0.0,3
2630,150.0,9859,148.4,149.73,0.27,9.59,9.59,0.045,3,0,0,0.0,0.0,3
2640,150.0,9896,148.4,149.73,0.27,9.83,9.83,0.047,3,0,0,0.0,0.0,3
2650,150.0,9934,152.41,149.73,0.27,7.46,7.46,0.018,3,0,0,0.0,0.0,3
2660,150.0,9971,148.4,149.73,0.27,9.71,9.71,0.046,3,0,0,0.0,0.0,3
2670,150.0,10009,152.41,151.07,-1.07,7.34,7.34,0.017,3,0,0,0.0,0.0,3
2680,150.0,10046,148.4,149.73,0.27,9.59,9.59,0.045,3,0,0,0.0,0.0,3
2690,150.0,10083,148.4,149.73,0.27,9.83,9.83,0.047,3,0,0,0.0,0.0,3
2700,150.0,10121,152.41,149.73,0.27,7.46,7.46,0.018,3,0,0,0.0,0.0,3
2710,150.0,10158,148.4,149.73,0.27,9.71,9.71,0.046,3,0,0,0.0,0.0,3
2720,150.0,10195,148.4,149.73,0.27,9.95,9.95,0.048,3,0,0,0.0,0.0,3
2730,150.0,10233,152.41,149.73,0.27,7.58,7.58,0.02,3,0,0,0.0,0.0,3
2740,150.0,10271,152.41,151.07,-1.07,7.22,7.22,0.016,3,0,0,0.0,0.0,3
2750,150.0,10308,148.4,151.07,-1.07,9.47,9.47,0.044,3,0,0,0.0,0.0,3
2760,150.0,10345,148.4,149.73,0.27,9.71,9.71,0.046,3,0,0,0.0,0.0,3
2770,150.0,10382,148.4,148.4,1.6,9.95,9.95,0.049,3,0,0,0.0,0.0,3
2780,150.0,10420,152.41,149.73,0.27,7.58,7.58,0.02,3,0,0,0.0,0.0,3
2790,150.0,10458,152.41,151.07,-1.07,7.22,7.22,0.016,3,0,0,0.0,0.0,3
2800,150.0,10495,148.4,151.07,-1.07,9.47,9.47,0.044,3,0,0,0.0,0.0,3
2810,150.0,10532,148.4,149.73,0.27,9.71,9.71,0.046,3,0,0,0.0,0.0,3
2820,150.0,10569,148.4,148.4,1.6,9.95,9.95,0.049,3,0,0,0.0,0.0,3
2830,150.0,10607,152.41,149.73,0.27,7.58,7.58,0.02,3,0,0,0.0,0.0,3
2840,150.0,10644,148.4,149.73,0.27,9.83,9.83,0.047,3,0,0,0.0,0.0,3
2850,150.0,10682,152.41,151.07,-1.07,7.46,7.46,0.018,3,0,0,0.0,0.0,3
2860,150.0,10719,148.4,149.73,0.27,9.71,9.71,0.046,3,0,0,0.0,0.0,3
2870,150.0,10757,152.41,151.07,-1.07,7.34,7.34,0.017,3,0,0,0.0,0.0,3
2880,150.0,10794,148.4,149.73,0.27,9.59,9.59,0.045,3,0,0,0.0,0.0,3
2890,150.0,10832,152.41,151.07,-1.07,7.22,7.22,0.016,3,0,0,0.0,0.0,3
2900,150.0,10869,148.4,149.73,0.27,9.47,9.47,0.044,3,0,0,0.0,0.0,3
2910,150.0,10906,148.4,149.73,0.27,9.71,9.71,0.046,3,0,0,0.0,0.0,3
2920,150.0,10943,148.4,148.4,1.6,9.95,9.95,0.049,3,0,0,0.0,0.0,3
2930,150.0,10981,152.41,149.73,0.27,7.58,7.58,0.02,3,0,0,0.0,0.0,3
2940,150.0,11018,148.4,149.73,0.27,9.83,9.83,0.047,3,0,0,0.0,0.0,3
2950,150.0,11056,152.41,151.07,-1.07,7.46,7.46,0.018,3,0,0,0.0,0.0,3
2960,150.0,11093,148.4,149.73,0.27,9.71,9.71,0.046,3,0,0,0.0,0.0,3
2970,150.0,11131,152.41,151.07,-1.07,7.34,7.34,0.017,3,0,0,0.0,0.0,3
2980,150.0,11168,148.4,149.73,0.27,9.59,9.59,0.045,3,0,0,0.0,0.0,3
2990,150.0,11205,148.4,149.73,0.27,9.83,9.83,0.047,3,0,0,0.0,0.0,3
3000,150.0,11243,152.41,149.73,0.27,7.46,7.46,0.018,3,0,1,1.0,0.01,3
3010,150.0,11275,128.34,143.05,6.95,22.74,22.74,0.211,3,0,1,1.0,0.01,3
3020,150.0,11307,128.34,136.36,13.64,25.99,25.99,0.252,3,0,1,1.0,0.01,3
3030,150.0,11339,128.34,128.34,21.66,29.24,29.24,0.291,3,0,1,1.0,0.01,3
3040,150.0,11371,128.34,128.34,21.66,32.49,32.49,0.328,3,0,1,1.0,0.01,3
3050,150.0,11405,136.36,131.02,18.98,30.52,30.52,0.302,3,0,1,1.0,0.01,3
3060,150.0,11440,140.37,135.03,14.97,29.96,29.96,0.293,3,0,1,1.0,0.01,3
3070,150.0,11476,144.39,140.37,9.63,28.8,28.8,0.278,3,0,1,1.0,0.01,3
3080,150.0,11513,148.4,144.39,5.61,27.03,27.03,0.256,3,0,1,1.0,0.01,3
3090,150.0,11549,144.39,145.72,4.28,29.88,29.88,0.29,3,0,1,1.0,0.01,3
3100,150.0,11586,148.4,147.06,2.94,28.11,28.11,0.267,3,0,1,1.0,0.01,3
3110,150.0,11624,152.41,148.4,1.6,25.75,25.75,0.238,3,0,1,1.0,0.01,3
3120,150.0,11660,144.39,148.4,1.6,30.6,30.6,0.297,3,0,1,1.0,0.01,3
3130,150.0,11698,152.41,149.73,0.27,26.23,26.23,0.243,3,0,1,1.0,0.01,3
3140,150.0,11736,152.41,149.73,0.27,25.87,25.87,0.24,3,0,1,1.0,0.01,3
3150,150.0,11773,148.4,151.07,-1.07,28.11,28.11,0.267,3,0,1,1.0,0.01,3
3160,150.0,11810,148.4,149.73,0.27,28.36,28.36,0.27,3,0,1,1.0,0.01,3
3170,150.0,11848,152.41,149.73,0.27,25.99,25.99,0.241,3,0,1,1.0,0.01,3
3180,150.0,11885,148.4,149.73,0.27,28.24,28.24,0.268,3,0,1,1.0,0.01,3
3190,150.0,11923,152.41,151.07,-1.07,25.87,25.87,0.24,3,0,1,1.0,0.01,3
3200,150.0,11960,148.4,149.73,0.27,28.11,28.11,0.267,3,0,1,1.0,0.01,3
3210,150.0,11997,148.4,149.73,0.27,28.36,28.36,0.27,3,0,1,1.0,0.01,3
3220,150.0,12035,152.41,149.73,0.27,25.99,25.99,0.241,3,0,1,1.0,0.01,3
3230,150.0,12072,148.4,149.73,0.27,28.24,28.24,0.268,3,0,1,1.0,0.01,3
3240,150.0,12110,152.41,151.07,-1.07,25.87,25.87,0.24,3,0,1,1.0,0.01,3
3250,150.0,12147,148.4,149.73,0.27,28.11,28.11,0.267,3,0,1,1.0,0.01,3
3260,150.0,12184,148.4,149.73,0.27,28.36,28.36,0.27,3,0,1,1.0,0.01,3
3270,150.0,12222,152.41,149.73,0.27,25.99,25.99,0.241,3,0,1,1.0,0.01,3
3280,150.0,12259,148.4,149.73,0.27,28.24,28.24,0.268,3,0,1,1.0,0.01,3
3290,150.0,12296,148.4,149.73,0.27,28.48,28.48,0.271,3,0,1,1.0,0.01,3
3300,150.0,12334,152.41,149.73,0.27,26.11,26.11,0.242,3,0,1,1.0,0.01,3
3310,150.0,12372,152.41,151.07,-1.07,25.75,25.75,0.238,3,0,1,1.0,0.01,3
3320,150.0,12409,148.4,151.07,-1.07,27.99,27.99,0.266,3,0,1,1.0,0.01,3
3330,150.0,12446,148.4,149.73,0.27,28.24,28.24,0.268,3,0,1,1.0,0.01,3
3340,150.0,12484,152.41,149.73,0.27,25.87,25.87,0.24,3,0,1,1.0,0.01,3
3350,150.0,12521,148.4,149.73,0.27,28.11,28.11,0.267,3,0,1,1.0,0.01,3
3360,150.0,12558,148.4,149.73,0.27,28.36,28.36,0.27,3,0,1,1.0,0.01,3
3370,150.0,12596,152.41,149.73,0.27,25.99,25.99,0.241,3,0,1,1.0,0.01,3
3380,150.0,12633,148.4,149.73,0.27,28.24,28.24,0.268,3,0,1,1.0,0.01,3
3390,150.0,12670,148.4,149.73,0.27,28.48,28.48,0.271,3,0,1,1.0,0.01,3
3400,150.0,12708,152.41,149.73,0.27,26.11,26.11,0.242,3,0,1,1.0,0.01,3
3410,150.0,12746,152.41,151.07,-1.07,25.75,25.75,0.238,3,0,1,1.0,0.01,3
3420,150.0,12783,148.4,151.07,-1.07,27.99,27.99,0.266,3,0,1,1.0,0.01,3
3430,150.0,12820,148.4,149.73,0.27,28.24,28.24,0.268,3,0,1,1.0,0.01,3
3440,150.0,12857,148.4,148.4,1.6,28.48,28.48,0.271,3,0,1,1.0,0.01,3
3450,150.0,12895,152.41,149.73,0.27,26.11,26.11,0.242,3,0,1,1.0,0.01,3
3460,150.0,12933,152.41,151.07,-1.07,25.75,25.75,0.238,3,0,1,1.0,0.01,3
3470,150.0,12970,148.4,151.07,-1.07,27.99,27.99,0.266,3,0,1,1.0,0.01,3
3480,150.0,13007,148.4,149.73,0.27,28.24,28.24,0.268,3,0,1,1.0,0.01,3
3490,150.0,13044,148.4,148.4,1.6,28.48,28.48,0.271,3,0,1,1.0,0.01,3
3500,150.0,13082,152.41,149.73,0.27,26.11,26.11,0.242,3,0,1,1.0,0.01,3
3510,150.0,13120,152.41,151.07,-1.07,25.75,25.75,0.238,3,0,1,1.0,0.01,3
3520,150.0,13157,148.4,151.07,-1.07,27.99,27.99,0.266,3,0,1,1.0,0.01,3
3530,150.0,13194,148.4,149.73,0.27,28.24,28.24,0.268,3,0,1,1.0,0.01,3
3540,150.0,13231,148.4,148.4,1.6,28.48,28.48,0.271,3,0,1,1.0,0.01,3
3550,150.0,13269,152.41,149.73,0.27,26.11,26.11,0.242,3,0,1,1.0,0.01,3
3560,150.0,13307,152.41,151.07,-1.07,25.75,25.75,0.238,3,0,1,1.0,0.01,3
3570,150.0,13344,148.4,151.07,-1.07,27.99,27.99,0.266,3,0,1,1.0,0.01,3
3580,150.0,13381,148.4,149.73,0.27,28.24,28.24,0.268,3,0,1,1.0,0.01,3
3590,150.0,13418,148.4,148.4,1.6,28.48,28.48,0.271,3,0,1,1.0,0.01,3
3600,150.0,13456,152.41,149.73,0.27,26.11,26.11,0.242,3,0,1,1.0,0.01,3
3610,150.0,13494,152.41,151.07,-1.07,25.75,25.75,0.238,3,0,1,1.0,0.01,3
3620,150.0,13531,148.4,151.07,-1.07,27.99,27.99,0.266,3,0,1,1.0,0.01,3
3630,150.0,13568,148.4,149.73,0.27,28.24,28.24,0.268,3,0,1,1.0,0.01,3
3640,150.0,13605,148.4,148.4,1.6,28.48,28.48,0.271,3,0,1,1.0,0.01,3
3650,150.0,13643,152.41,149.73,0.27,26.11,26.11,0.242,3,0,1,1.0,0.01,3
3660,150.0,13680,148.4,149.73,0.27,28.36,28.36,0.27,3,0,1,1.0,0.01,3
3670,150.0,13718,152.41,151.07,-1.07,25.99,25.99,0.241,3,0,1,1.0,0.01,3
3680,150.0,13756,152.41,151.07,-1.07,25.63,25.63,0.237,3,0,1,1.0,0.01,3
3690,150.0,13792,144.39,149.73,0.27,30.48,30.48,0.296,3,0,1,1.0,0.01,3
3700,150.0,13830,152.41,149.73,0.27,26.11,26.11,0.242,3,0,1,1.0,0.01,3
3710,150.0,13868,152.41,149.73,0.27,25.75,25.75,0.238,3,0,1,1.0,0.01,3
3720,150.0,13905,148.4,151.07,-1.07,27.99,27.99,0.266,3,0,1,1.0,0.01,3
3730,150.0,13942,148.4,149.73,0.27,28.24,28.24,0.268,3,0,1,1.0,0.01,3
3740,150.0,13979,148.4,148.4,1.6,28.48,28.48,0.271,3,0,1,1.0,0.01,3
3750,150.0,14017,152.41,149.73,0.27,26.11,26.11,0.242,3,0,1,1.0,0.01,3
3760,150.0,14054,148.4,149.73,0.27,28.36,28.36,0.27,3,0,1,1.0,0.01,3
3770,150.0,14092,152.41,151.07,-1.07,25.99,25.99,0.241,3,0,1,1.0,0.01,3
3780,150.0,14129,148.4,149.73,0.27,28.24,28.24,0.268,3,0,1,1.0,0.01,3
3790,150.0,14167,152.41,151.07,-1.07,25.87,25.87,0.239,3,0,1,1.0,0.01,3
3800,150.0,14204,148.4,149.73,0.27,28.11,28.11,0.267,3,0,1,1.0,0.01,3
3810,150.0,14242,152.41,151.07,-1.07,25.75,25.75,0.238,3,0,1,1.0,0.01,3
3820,150.0,14279,148.4,149.73,0.27,27.99,27.99,0.266,3,0,1,1.0,0.01,3
3830,150.0,14316,148.4,149.73,0.27,28.24,28.24,0.269,3,0,1,1.0,0.01,3
3840,150.0,14353,148.4,148.4,1.6,28.48,28.48,0.271,3,0,1,1.0,0.01,3
3850,150.0,14391,152.41,149.73,0.27,26.11,26.11,0.242,3,0,1,1.0,0.01,3
3860,150.0,14428,148.4,149.73,0.27,28.36,28.36,0.27,3,0,1,1.0,0.01,3
3870,150.0,14466,152.41,151.07,-1.07,25.99,25.99,0.241,3,0,1,1.0,0.01,3
3880,150.0,14503,148.4,149.73,0.27,28.24,28.24,0.268,3,0,1,1.0,0.01,3
3890,150.0,14541,152.41,151.07,-1.07,25.87,25.87,0.239,3,0,1,1.0,0.01,3
3900,150.0,14578,148.4,149.73,0.27,28.11,28.11,0.267,3,0,1,1.0,0.01,3
3910,150.0,14616,152.41,151.07,-1.07,25.75,25.75,0.238,3,0,1,1.0,0.01,3
3920,150.0,14653,148.4,149.73,0.27,27.99,27.99,0.266,3,0,1,1.0,0.01,3
3930,150.0,14690,148.4,149.73,0.27,28.24,28.24,0.269,3,0,1,1.0,0.01,3
3940,150.0,14727,148.4,148.4,1.6,28.48,28.48,0.271,3,0,1,1.0,0.01,3
3950,150.0,14765,152.41,149.73,0.27,26.11,26.11,0.242,3,0,1,1.0,0.01,3
3960,150.0,14802,148.4,149.73,0.27,28.36,28.36,0.27,3,0,1,1.0,0.01,3
3970,150.0,14840,152.41,151.07,-1.07,25.99,25.99,0.241,3,0,1,1.0,0.01,3
3980,150.0,14877,148.4,149.73,0.27,28.24,28.24,0.268,3,0,1,1.0,0.01,3
3990,150.0,14915,152.41,151.07,-1.07,25.87,25.87,0.239,3,0,1,1.0,0.01,3
4000,150.0,14952,148.4,149.73,0.27,28.11,28.11,0.267,3,0,1,1.0,0.01,3
4010,150.0,14989,148.4,149.73,0.27,28.36,28.36,0.27,3,0,1,1.0,0.01,3
4020,150.0,15027,152.41,149.73,0.27,25.99,25.99,0.241,3,0,1,1.0,0.01,3
4030,150.0,15064,148.4,149.73,0.27,28.24,28.24,0.268,3,0,1,1.0,0.01,3
4040,150.0,15102,152.41,151.07,-1.07,25.87,25.87,0.239,3,0,1,1.0,0.01,3
4050,150.0,15139,148.4,149.73,0.27,28.11,28.11,0.267,3,0,1,1.0,0.01,3
4060,150.0,15176,148.4,149.73,0.27,28.36,28.36,0.27,3,0,1,1.0,0.01,3
4070,150.0,15214,152.41,149.73,0.27,25.99,25.99,0.241,3,0,1,1.0,0.01,3
4080,150.0,15251,148.4,149.73,0.27,28.24,28.24,0.268,3,0,1,1.0,0.01,3
4090,150.0,15289,152.41,151.07,-1.07,25.87,25.87,0.239,3,0,1,1.0,0.01,3
4100,150.0,15326,148.4,149.73,0.27,28.11,28.11,0.267,3,0,1,1.0,0.01,3
4110,150.0,15363,148.4,149.73,0.27,28.36,28.36,0.27,3,0,1,1.0,0.01,3
4120,150.0,15401,152.41,149.73,0.27,25.99,25.99,0.241,3,0,1,1.0,0.01,3
4130,150.0,15438,148.4,149.73,0.27,28.24,28.24,0.268,3,0,1,1.0,0.01,3
4140,150.0,15476,152.41,151.07,-1.07,25.87,25.87,0.239,3,0,1,1.0,0.01,3
4150,150.0,15513,148.4,149.73,0.27,28.11,28.11,0.267,3,0,1,1.0,0.01,3
4160,150.0,15550,148.4,149.73,0.27,28.36,28.36,0.27,3,0,1,1.0,0.01,3
4170,150.0,15588,152.41,149.73,0.27,25.99,25.99,0.241,3,0,1,1.0,0.01,3
4180,150.0,15625,148.4,149.73,0.27,28.24,28.24,0.268,3,0,1,1.0,0.01,3
4190,150.0,15663,152.41,151.07,-1.07,25.87,25.87,0.24,3,0,1,1.0,0.01,3
4200,150.0,15700,148.4,149.73,0.27,28.11,28.11,0.267,3,0,1,1.0,0.01,3
4210,150.0,15737,148.4,149.73,0.27,28.36,28.36,0.27,3,0,1,1.0,0.01,3
4220,150.0,15775,152.41,149.73,0.27,25.99,25.99,0.241,3,0,1,1.0,0.01,3
4230,150.0,15812,148.4,149.73,0.27,28.24,28.24,0.268,3,0,1,1.0,0.01,3
4240,150.0,15850,152.41,151.07,-1.07,25.87,25.87,0.24,3,0,1,1.0,0.01,3
4250,150.0,15887,148.4,149.73,0.27,28.11,28.11,0.267,3,0,1,1.0,0.01,3
4260,150.0,15924,148.4,149.73,0.27,28.36,28.36,0.27,3,0,1,1.0,0.01,3
4270,150.0,15962,152.41,149.73,0.27,25.99,25.99,0.241,3,0,1,1.0,0.01,3
4280,150.0,15999,148.4,149.73,0.27,28.24,28.24,0.268,3,0,1,1.0,0.01,3
4290,150.0,16037,152.41,151.07,-1.07,25.87,25.87,0.24,3,0,1,1.0,0.01,3
4300,150.0,16074,148.4,149.73,0.27,28.11,28.11,0.267,3,0,1,1.0,0.01,3
4310,150.0,16111,148.4,149.73,0.27,28.36,28.36,0.27,3,0,1,1.0,0.01,3
4320,150.0,16149,152.41,149.73,0.27,25.99,25.99,0.241,3,0,1,1.0,0.01,3
4330,150.0,16186,148.4,149.73,0.27,28.24,28.24,0.268,3,0,1,1.0,0.01,3
4340,150.0,16224,152.41,151.07,-1.07,25.87,25.87,0.24,3,0,1,1.0,0.01,3
4350,150.0,16261,148.4,149.73,0.27,28.11,28.11,0.267,3,0,1,1.0,0.01,3
4360,150.0,16298,148.4,149.73,0.27,28.36,28.36,0.27,3,0,1,1.0,0.01,3
4370,150.0,16336,152.41,149.73,0.27,25.99,25.99,0.241,3,0,1,1.0,0.01,3
4380,150.0,16373,148.4,149.73,0.27,28.24,28.24,0.268,3,0,1,1.0,0.01,3
4390,150.0,16411,152.41,151.07,-1.07,25.87,25.87,0.24,3,0,1,1.0,0.01,3
4400,150.0,16448,148.4,149.73,0.27,28.11,28.11,0.267,3,0,1,1.0,0.01,3
4410,150.0,16485,148.4,149.73,0.27,28.36,28.36,0.27,3,0,1,1.0,0.01,3
4420,150.0,16523,152.41,149.73,0.27,25.99,25.99,0.241,3,0,1,1.0,0.01,3
4430,150.0,16560,148.4,149.73,0.27,28.24,28.24,0.268,3,0,1,1.0,0.01,3
4440,150.0,16597,148.4,149.73,0.27,28.48,28.48,0.271,3,0,1,1.0,0.01,3
4450,150.0,16635,152.41,149.73,0.27,26.11,26.11,0.242,3,0,1,1.0,0.01,3
4460,150.0,16673,152.41,151.07,-1.07,25.75,25.75,0.238,3,0,1,1.0,0.01,3
4470,150.0,16710,148.4,151.07,-1.07,27.99,27.99,0.266,3,0,1,1.0,0.01,3
4480,150.0,16747,148.4,149.73,0.27,28.24,28.24,0.268,3,0,1,1.0,0.01,3
4490,150.0,16785,152.41,149.73,0.27,25.87,25.87,0.24,3,0,1,1.0,0.01,3
4500,150.0,16822,148.4,149.73,0.27,28.11,28.11,0.267,3,0,1,1.0,0.01,3
4510,150.0,16859,148.4,149.73,0.27,28.36,28.36,0.27,3,0,1,1.0,0.01,3
4520,150.0,16897,152.41,149.73,0.27,25.99,25.99,0.241,3,0,1,1.0,0.01,3
4530,150.0,16934,148.4,149.73,0.27,28.24,28.24,0.268,3,0,1,1.0,0.01,3
4540,150.0,16971,148.4,149.73,0.27,28.48,28.48,0.271,3,0,1,1.0,0.01,3
4550,150.0,17009,152.41,149.73,0.27,26.11,26.11,0.242,3,0,1,1.0,0.01,3
4560,150.0,17047,152.41,151.07,-1.07,25.75,25.75,0.238,3,0,1,1.0,0.01,3
4570,150.0,17084,148.4,151.07,-1.07,27.99,27.99,0.266,3,0,1,1.0,0.01,3
4580,150.0,17121,148.4,149.73,0.27,28.24,28.24,0.268,3,0,1,1.0,0.01,3
4590,150.0,17158,148.4,148.4,1.6,28.48,28.48,0.271,3,0,1,1.0,0.01,3
4600,150.0,17196,152.41,149.73,0.27,26.11,26.11,0.242,3,0,1,1.0,0.01,3
4610,150.0,17234,152.41,151.07,-1.07,25.75,25.75,0.238,3,0,1,1.0,0.01,3
4620,150.0,17271,148.4,151.07,-1.07,27.99,27.99,0.266,3,0,1,1.0,0.01,3
4630,150.0,17308,148.4,149.73,0.27,28.24,28.24,0.268,3,0,1,1.0,0.01,3
4640,150.0,17345,148.4,148.4,1.6,28.48,28.48,0.271,3,0,1,1.0,0.01,3
4650,150.0,17383,152.41,149.73,0.27,26.11,26.11,0.242,3,0,1,1.0,0.01,3
4660,150.0,17421,152.41,151.07,-1.07,25.75,25.75,0.238,3,0,1,1.0,0.01,3
4670,150.0,17458,148.4,151.07,-1.07,27.99,27.99,0.266,3,0,1,1.0,0.01,3
4680,150.0,17495,148.4,149.73,0.27,28.24,28.24,0.268,3,0,1,1.0,0.01,3
4690,150.0,17532,148.4,148.4,1.6,28.48,28.48,0.271,3,0,1,1.0,0.01,3
4700,150.0,17570,152.41,149.73,0.27,26.11,26.11,0.242,3,0,1,1.0,0.01,3
4710,150.0,17608,152.41,151.07,-1.07,25.75,25.75,0.238,3,0,1,1.0,0.01,3
4720,150.0,17645,148.4,151.07,-1.07,27.99,27.99,0.266,3,0,1,1.0,0.01,3
4730,150.0,17682,148.4,149.73,0.27,28.24,28.24,0.268,3,0,1,1.0,0.01,3
4740,150.0,17719,148.4,148.4,1.6,28.48,28.48,0.271,3,0,1,1.0,0.01,3
4750,150.0,17757,152.41,149.73,0.27,26.11,26.11,0.242,3,0,1,1.0,0.01,3
4760,150.0,17795,152.41,151.07,-1.07,25.75,25.75,0.238,3,0,1,1.0,0.01,3
4770,150.0,17832,148.4,151.07,-1.07,27.99,27.99,0.266,3,0,1,1.0,0.01,3
4780,150.0,17869,148.4,149.73,0.27,28.24,28.24,0.268,3,0,1,1.0,0.01,3
4790,150.0,17906,148.4,148.4,1.6,28.48,28.48,0.271,3,0,1,1.0,0.01,3
4800,150.0,17944,152.41,149.73,0.27,26.11,26.11,0.242,3,0,1,1.0,0.01,3
4810,150.0,17982,152.41,151.07,-1.07,25.75,25.75,0.238,3,0,1,1.0,0.01,3
4820,150.0,18019,148.4,151.07,-1.07,27.99,27.99,0.266,3,0,1,1.0,0.01,3
4830,150.0,18056,148.4,149.73,0.27,28.24,28.24,0.268,3,0,1,1.0,0.01,3
4840,150.0,18093,148.4,148.4,1.6,28.48,28.48,0.271,3,0,1,1.0,0.01,3
4850,150.0,18131,152.41,149.73,0.27,26.11,26.11,0.242,3,0,1,1.0,0.01,3
4860,150.0,18168,148.4,149.73,0.27,28.36,28.36,0.27,3,0,1,1.0,0.01,3
4870,150.0,18206,152.41,151.07,-1.07,25.99,25.99,0.241,3,0,1,1.0,0.01,3
4880,150.0,18244,152.41,151.07,-1.07,25.63,25.63,0.237,3,0,1,1.0,0.01,3
4890,150.0,18280,144.39,149.73,0.27,30.48,30.48,0.296,3,0,1,1.0,0.01,3
4900,150.0,18318,152.41,149.73,0.27,26.11,26.11,0.242,3,0,1,1.0,0.01,3
4910,150.0,18356,152.41,149.73,0.27,25.75,25.75,0.238,3,0,1,1.0,0.01,3
4920,150.0,18393,148.4,151.07,-1.07,27.99,27.99,0.266,3,0,1,1.0,0.01,3
4930,150.0,18430,148.4,149.73,0.27,28.24,28.24,0.268,3,0,1,1.0,0.01,3
4940,150.0,18467,148.4,148.4,1.6,28.48,28.48,0.271,3,0,1,1.0,0.01,3
4950,150.0,18505,152.41,149.73,0.27,26.11,26.11,0.242,3,0,1,1.0,0.01,3
4960,150.0,18542,148.4,149.73,0.27,28.36,28.36,0.27,3,0,1,1.0,0.01,3
4970,150.0,18580,152.41,151.07,-1.07,25.99,25.99,0.241,3,0,1,1.0,0.01,3
4980,150.0,18617,148.4,149.73,0.27,28.24,28.24,0.268,3,0,1,1.0,0.01,3
4990,150.0,18655,152.41,151.07,-1.07,25.87,25.87,0.239,3,0,1,1.0,0.01,3
5000,150.0,18692,148.4,149.73,0.27,28.11,28.11,0.267,3,0,1,1.0,0.01,3
5010,150.0,18730,152.41,151.07,-1.07,25.75,25.75,0.238,3,0,1,1.0,0.01,3
5020,150.0,18767,148.4,149.73,0.27,27.99,27.99,0.266,3,0,1,1.0,0.01,3
5030,150.0,18804,148.4,149.73,0.27,28.24,28.24,0.269,3,0,1,1.0,0.01,3
5040,150.0,18841,148.4,148.4,1.6,28.48,28.48,0.271,3,0,1,1.0,0.01,3
5050,150.0,18879,152.41,149.73,0.27,26.11,26.11,0.242,3,0,1,1.0,0.01,3
5060,150.0,18916,148.4,149.73,0.27,28.36,28.36,0.27,3,0,1,1.0,0.01,3
5070,150.0,18954,152.41,151.07,-1.07,25.99,25.99,0.241,3,0,1,1.0,0.01,3
5080,150.0,18991,148.4,149.73,0.27,28.24,28.24,0.268,3,0,1,1.0,0.01,3
5090,150.0,19029,152.41,151.07,-1.07,25.87,25.87,0.239,3,0,1,1.0,0.01,3
5100,150.0,19066,148.4,149.73,0.27,28.11,28.11,0.267,3,0,1,1.0,0.01,3
5110,150.0,19104,152.41,151.07,-1.07,25.75,25.75,0.238,3,0,1,1.0,0.01,3
5120,150.0,19141,148.4,149.73,0.27,27.99,27.99,0.266,3,0,1,1.0,0.01,3
5130,150.0,19178,148.4,149.73,0.27,28.24,28.24,0.269,3,0,1,1.0,0.01,3
5140,150.0,19215,148.4,148.4,1.6,28.48,28.48,0.271,3,0,1,1.0,0.01,3
5150,150.0,19253,152.41,149.73,0.27,26.11,26.11,0.242,3,0,1,1.0,0.01,3
5160,150.0,19290,148.4,149.73,0.27,28.36,28.36,0.27,3,0,1,1.0,0.01,3
5170,150.0,19328,152.41,151.07,-1.07,25.99,25.99,0.241,3,0,1,1.0,0.01,3
5180,150.0,19365,148.4,149.73,0.27,28.24,28.24,0.268,3,0,1,1.0,0.01,3
5190,150.0,19403,152.41,151.07,-1.07,25.87,25.87,0.239,3,0,1,1.0,0.01,3
5200,150.0,19440,148.4,149.73,0.27,28.11,28.11,0.267,3,0,1,1.0,0.01,3
5210,150.0,19477,148.4,149.73,0.27,28.36,28.36,0.27,3,0,1,1.0,0.01,3
5220,150.0,19515,152.41,149.73,0.27,25.99,25.99,0.241,3,0,1,1.0,0.01,3
5230,150.0,19552,148.4,149.73,0.27,28.24,28.24,0.268,3,0,1,1.0,0.01,3
5240,150.0,19590,152.41,151.07,-1.07,25.87,25.87,0.239,3,0,1,1.0,0.01,3
5250,150.0,19627,148.4,149.73,0.27,28.11,28.11,0.267,3,0,1,1.0,0.01,3
5260,150.0,19664,148.4,149.73,0.27,28.36,28.36,0.27,3,0,1,1.0,0.01,3
5270,150.0,19702,152.41,149.73,0.27,25.99,25.99,0.241,3,0,1,1.0,0.01,3
5280,150.0,19739,148.4,149.73,0.27,28.24,28.24,0.268,3,0,1,1.0,0.01,3
5290,150.0,19777,152.41,151.07,-1.07,25.87,25.87,0.239,3,0,1,1.0,0.01,3
5300,150.0,19814,148.4,149.73,0.27,28.11,28.11,0.267,3,0,1,1.0,0.01,3
5310,150.0,19851,148.4,149.73,0.27,28.36,28.36,0.27,3,0,1,1.0,0.01,3
5320,150.0,19889,152.41,149.73,0.27,25.99,25.99,0.241,3,0,1,1.0,0.01,3
5330,150.0,19926,148.4,149.73,0.27,28.24,28.24,0.268,3,0,1,1.0,0.01,3
5340,150.0,19964,152.41,151.07,-1.07,25.87,25.87,0.239,3,0,1,1.0,0.01,3
5350,150.0,20001,148.4,149.73,0.27,28.11,28.11,0.267,3,0,1,1.0,0.01,3
5360,150.0,20038,148.4,149.73,0.27,28.36,28.36,0.27,3,0,1,1.0,0.01,3
5370,150.0,20076,152.41,149.73,0.27,25.99,25.99,0.241,3,0,1,1.0,0.01,3
5380,150.0,20113,148.4,149.73,0.27,28.24,28.24,0.268,3,0,1,1.0,0.01,3
5390,150.0,20151,152.41,151.07,-1.07,25.87,25.87,0.24,3,0,1,1.0,0.01,3
5400,150.0,20188,148.4,149.73,0.27,28.11,28.11,0.267,3,0,1,1.0,0.01,3
5410,150.0,20225,148.4,149.73,0.27,28.36,28.36,0.27,3,0,1,1.0,0.01,3
5420,150.0,20263,152.41,149.73,0.27,25.99,25.99,0.241,3,0,1,1.0,0.01,3
5430,150.0,20300,148.4,149.73,0.27,28.24,28.24,0.268,3,0,1,1.0,0.01,3
5440,150.0,20338,152.41,151.07,-1.07,25.87,25.87,0.24,3,0,1,1.0,0.01,3
5450,150.0,20375,148.4,149.73,0.27,28.11,28.11,0.267,3,0,1,1.0,0.01,3
5460,150.0,20412,148.4,149.73,0.27,28.36,28.36,0.27,3,0,1,1.0,0.01,3
5470,150.0,20450,152.41,149.73,0.27,25.99,25.99,0.241,3,0,1,1.0,0.01,3
5480,150.0,20487,148.4,149.73,0.27,28.24,28.24,0.268,3,0,1,1.0,0.01,3
5490,150.0,20525,152.41,151.07,-1.07,25.87,25.87,0.24,3,0,1,1.0,0.01,3
5500,150.0,20562,148.4,149.73,0.27,28.11,28.11,0.267,3,0,1,1.0,0.01,3
5510,150.0,20599,148.4,149.73,0.27,28.36,28.36,0.27,3,0,1,1.0,0.01,3
5520,150.0,20637,152.41,149.73,0.27,25.99,25.99,0.241,3,0,1,1.0,0.01,3
5530,150.0,20674,148.4,149.73,0.27,28.24,28.24,0.268,3,0,1,1.0,0.01,3
5540,150.0,20712,152.41,151.07,-1.07,25.87,25.87,0.24,3,0,1,1.0,0.01,3
5550,150.0,20749,148.4,149.73,0.27,28.11,28.11,0.267,3,0,1,1.0,0.01,3
5560,150.0,20786,148.4,149.73,0.27,28.36,28.36,0.27,3,0,1,1.0,0.01,3
5570,150.0,20824,152.41,149.73,0.27,25.99,25.99,0.241,3,0,1,1.0,0.01,3
5580,150.0,20861,148.4,149.73,0.27,28.24,28.24,0.268,3,0,1,1.0,0.01,3
5590,150.0,20899,152.41,151.07,-1.07,25.87,25.87,0.24,3,0,1,1.0,0.01,3
5600,150.0,20936,148.4,149.73,0.27,28.11,28.11,0.267,3,0,1,1.0,0.01,3
5610,150.0,20973,148.4,149.73,0.27,28.36,28.36,0.27,3,0,1,1.0,0.01,3
5620,150.0,21011,152.41,149.73,0.27,25.99,25.99,0.241,3,0,1,1.0,0.01,3
5630,150.0,21048,148.4,149.73,0.27,28.24,28.24,0.268,3,0,1,1.0,0.01,3
5640,150.0,21085,148.4,149.73,0.27,28.48,28.48,0.271,3,0,1,1.0,0.01,3
5650,150.0,21123,152.41,149.73,0.27,26.11,26.11,0.242,3,0,1,1.0,0.01,3
5660,150.0,21161,152.41,151.07,-1.07,25.75,25.75,0.238,3,0,1,1.0,0.01,3
5670,150.0,21198,148.4,151.07,-1.07,27.99,27.99,0.266,3,0,1,1.0,0.01,3
5680,150.0,21235,148.4,149.73,0.27,28.24,28.24,0.268,3,0,1,1.0,0.01,3
5690,150.0,21273,152.41,149.73,0.27,25.87,25.87,0.24,3,0,1,1.0,0.01,3
5700,150.0,21310,148.4,149.73,0.27,28.11,28.11,0.267,3,0,1,1.0,0.01,3
5710,150.0,21347,148.4,149.73,0.27,28.36,28.36,0.27,3,0,1,1.0,0.01,3
5720,150.0,21385,152.41,149.73,0.27,25.99,25.99,0.241,3,0,1,1.0,0.01,3
5730,150.0,21422,148.4,149.73,0.27,28.24,28.24,0.268,3,0,1,1.0,0.01,3
5740,150.0,21459,148.4,149.73,0.27,28.48,28.48,0.271,3,0,1,1.0,0.01,3
5750,150.0,21497,152.41,149.73,0.27,26.11,26.11,0.242,3,0,1,1.0,0.01,3
5760,150.0,21535,152.41,151.07,-1.07,25.75,25.75,0.238,3,0,1,1.0,0.01,3
5770,150.0,21572,148.4,151.07,-1.07,27.99,27.99,0.266,3,0,1,1.0,0.01,3
5780,150.0,21609,148.4,149.73,0.27,28.24,28.24,0.268,3,0,1,1.0,0.01,3
5790,150.0,21646,148.4,148.4,1.6,28.48,28.48,0.271,3,0,1,1.0,0.01,3
5800,150.0,21684,152.41,149.73,0.27,26.11,26.11,0.242,3,0,1,1.0,0.01,3
5810,150.0,21722,152.41,151.07,-1.07,25.75,25.75,0.238,3,0,1,1.0,0.01,3
5820,150.0,21759,148.4,151.07,-1.07,27.99,27.99,0.266,3,0,1,1.0,0.01,3
5830,150.0,21796,148.4,149.73,0.27,28.24,28.24,0.268,3,0,1,1.0,0.01,3
5840,150.0,21833,148.4,148.4,1.6,28.48,28.48,0.271,3,0,1,1.0,0.01,3
5850,150.0,21871,152.41,149.73,0.27,26.11,26.11,0.242,3,0,1,1.0,0.01,3
5860,150.0,21909,152.41,151.07,-1.07,25.75,25.75,0.238,3,0,1,1.0,0.01,3
5870,150.0,21946,148.4,151.07,-1.07,27.99,27.99,0.266,3,0,1,1.0,0.01,3
5880,150.0,21983,148.4,149.73,0.27,28.24,28.24,0.268,3,0,1,1.0,0.01,3
5890,150.0,22020,148.4,148.4,1.6,28.48,28.48,0.271,3,0,1,1.0,0.01,3
5900,150.0,22058,152.41,149.73,0.27,26.11,26.11,0.242,3,0,1,1.0,0.01,3
5910,150.0,22096,152.41,151.07,-1.07,25.75,25.75,0.238,3,0,1,1.0,0.01,3
5920,150.0,22133,148.4,151.07,-1.07,27.99,27.99,0.266,3,0,1,1.0,0.01,3
5930,150.0,22170,148.4,149.73,0.27,28.24,28.24,0.268,3,0,1,1.0,0.01,3
5940,150.0,22207,148.4,148.4,1.6,28.48,28.48,0.271,3,0,1,1.0,0.01,3
5950,150.0,22245,152.41,149.73,0.27,26.11,26.11,0.242,3,0,1,1.0,0.01,3
5960,150.0,22283,152.41,151.07,-1.07,25.75,25.75,0.238,3,0,1,1.0,0.01,3
5970,150.0,22320,148.4,151.07,-1.07,27.99,27.99,0.266,3,0,1,1.0,0.01,3
5980,150.0,22357,148.4,149.73,0.27,28.24,28.24,0.268,3,0,1,1.0,0.01,3
5990,150.0,22394,148.4,148.4,1.6,28.48,28.48,0.271,3,0,1,1.0,0.01,3
6000,150.0,22432,152.41,149.73,0.27,26.11,26.11,0.242,3,0,1,1.0,0.01,3
6010,150.0,22470,152.41,151.07,-1.07,25.75,25.75,0.238,3,0,1,1.0,0.01,3
6020,150.0,22507,148.4,151.07,-1.07,27.99,27.99,0.266,3,0,1,1.0,0.01,3
6030,150.0,22544,148.4,149.73,0.27,28.24,28.24,0.268,3,0,1,1.0,0.01,3
6040,150.0,22581,148.4,148.4,1.6,28.48,28.48,0.271,3,0,1,1.0,0.01,3
6050,150.0,22619,152.41,149.73,0.27,26.11,26.11,0.242,3,0,1,1.0,0.01,3
6060,150.0,22656,148.4,149.73,0.27,28.36,28.36,0.27,3,0,1,1.0,0.01,3
6070,150.0,22694,152.41,151.07,-1.07,25.99,25.99,0.241,3,0,1,1.0,0.01,3
6080,150.0,22731,148.4,149.73,0.27,28.24,28.24,0.268,3,0,1,1.0,0.01,3
6090,150.0,22769,152.41,151.07,-1.07,25.87,25.87,0.239,3,0,1,1.0,0.01,3
6100,150.0,22806,148.4,149.73,0.27,28.11,28.11,0.267,3,0,1,1.0,0.01,3
6110,150.0,22844,152.41,151.07,-1.07,25.75,25.75,0.238,3,0,1,1.0,0.01,3
6120,150.0,22881,148.4,149.73,0.27,27.99,27.99,0.266,3,0,1,1.0,0.01,3
6130,150.0,22918,148.4,149.73,0.27,28.24,28.24,0.269,3,0,1,1.0,0.01,3
6140,150.0,22955,148.4,148.4,1.6,28.48,28.48,0.271,3,0,1,1.0,0.01,3
6150,150.0,22993,152.41,149.73,0.27,26.11,26.11,0.242,3,0,1,1.0,0.01,3
6160,150.0,23031,152.41,151.07,-1.07,25.75,25.75,0.238,3,0,1,1.0,0.01,3
6170,150.0,23068,148.4,151.07,-1.07,27.99,27.99,0.266,3,0,1,1.0,0.01,3
6180,150.0,23105,148.4,149.73,0.27,28.24,28.24,0.268,3,0,1,1.0,0.01,3
6190,150.0,23142,148.4,148.4,1.6,28.48,28.48,0.271,3,0,1,1.0,0.01,3
6200,150.0,23180,152.41,149.73,0.27,26.11,26.11,0.242,3,0,1,1.0,0.01,3
6210,150.0,23217,148.4,149.73,0.27,28.36,28.36,0.27,3,0,1,1.0,0.01,3
6220,150.0,23255,152.41,151.07,-1.07,25.99,25.99,0.241,3,0,1,1.0,0.01,3
6230,150.0,23292,148.4,149.73,0.27,28.24,28.24,0.268,3,0,1,1.0,0.01,3
6240,150.0,23330,152.41,151.07,-1.07,25.87,25.87,0.239,3,0,1,1.0,0.01,3
6250,150.0,23367,148.4,149.73,0.27,28.11,28.11,0.267,3,0,1,1.0,0.01,3
6260,150.0,23405,152.41,151.07,-1.07,25.75,25.75,0.238,3,0,1,1.0,0.01,3
6270,150.0,23442,148.4,149.73,0.27,27.99,27.99,0.266,3,0,1,1.0,0.01,3
6280,150.0,23479,148.4,149.73,0.27,28.24,28.24,0.269,3,0,1,1.0,0.01,3
6290,150.0,23516,148.4,148.4,1.6,28.48,28.48,0.271,3,0,1,1.0,0.01,3
6300,150.0,23554,152.41,149.73,0.27,26.11,26.11,0.242,3,0,1,1.0,0.01,3
6310,150.0,23591,148.4,149.73,0.27,28.36,28.36,0.27,3,0,1,1.0,0.01,3
6320,150.0,23629,152.41,151.07,-1.07,25.99,25.99,0.241,3,0,1,1.0,0.01,3
6330,150.0,23666,148.4,149.73,0.27,28.24,28.24,0.268,3,0,1,1.0,0.01,3
6340,150.0,23704,152.41,151.07,-1.07,25.87,25.87,0.239,3,0,1,1.0,0.01,3
6350,150.0,23741,148.4,149.73,0.27,28.11,28.11,0.267,3,0,1,1.0,0.01,3
6360,150.0,23778,148.4,149.73,0.27,28.36,28.36,0.27,3,0,1,1.0,0.01,3
6370,150.0,23816,152.41,149.73,0.27,25.99,25.99,0.241,3,0,1,1.0,0.01,3
6380,150.0,23853,148.4,149.73,0.27,28.24,28.24,0.268,3,0,1,1.0,0.01,3
6390,150.0,23891,152.41,151.07,-1.07,25.87,25.87,0.239,3,0,1,1.0,0.01,3
6400,150.0,23928,148.4,149.73,0.27,28.11,28.11,0.267,3,0,1,1.0,0.01,3
6410,150.0,23965,148.4,149.73,0.27,28.36,28.36,0.27,3,0,1,1.0,0.01,3
6420,150.0,24003,152.41,149.73,0.27,25.99,25.99,0.241,3,0,1,1.0,0.01,3
6430,150.0,24040,148.4,149.73,0.27,28.24,28.24,0.268,3,0,1,1.0,0.01,3
6440,150.0,24078,152.41,151.07,-1.07,25.87,25.87,0.239,3,0,1,1.0,0.01,3
6450,150.0,24115,148.4,149.73,0.27,28.11,28.11,0.267,3,0,1,1.0,0.01,3
6460,150.0,24152,148.4,149.73,0.27,28.36,28.36,0.27,3,0,1,1.0,0.01,3
6470,150.0,24190,152.41,149.73,0.27,25.99,25.99,0.241,3,0,1,1.0,0.01,3
6480,150.0,24227,148.4,149.73,0.27,28.24,28.24,0.268,3,0,1,1.0,0.01,3
6490,150.0,24265,152.41,151.07,-1.07,25.87,25.87,0.239,3,0,1,1.0,0.01,3
6500,150.0,24302,148.4,149.73,0.27,28.11,28.11,0.267,3,0,1,1.0,0.01,3
6510,150.0,24339,148.4,149.73,0.27,28.36,28.36,0.27,3,0,1,1.0,0.01,3
6520,150.0,24377,152.41,149.73,0.27,25.99,25.99,0.241,3,0,1,1.0,0.01,3
6530,150.0,24414,148.4,149.73,0.27,28.24,28.24,0.268,3,0,1,1.0,0.01,3
6540,150.0,24452,152.41,151.07,-1.07,25.87,25.87,0.24,3,0,1,1.0,0.01,3
6550,150.0,24489,148.4,149.73,0.27,28.11,28.11,0.267,3,0,1,1.0,0.01,3
6560,150.0,24526,148.4,149.73,0.27,28.36,28.36,0.27,3,0,1,1.0,0.01,3
6570,150.0,24564,152.41,149.73,0.27,25.99,25.99,0.241,3,0,1,1.0,0.01,3
6580,150.0,24601,148.4,149.73,0.27,28.24,28.24,0.268,3,0,1,1.0,0.01,3
6590,150.0,24639,152.41,151.07,-1.07,25.87,25.87,0.24,3,0,1,1.0,0.01,3
6600,150.0,24676,148.4,149.73,0.27,28.11,28.11,0.267,3,0,1,1.0,0.01,3
6610,150.0,24713,148.4,149.73,0.27,28.36,28.36,0.27,3,0,1,1.0,0.01,3
6620,150.0,24751,152.41,149.73,0.27,25.99,25.99,0.241,3,0,1,1.0,0.01,3
6630,150.0,24788,148.4,149.73,0.27,28.24,28.24,0.268,3,0,1,1.0,0.01,3
6640,150.0,24826,152.41,151.07,-1.07,25.87,25.87,0.24,3,0,1,1.0,0.01,3
6650,150.0,24863,148.4,149.73,0.27,28.11,28.11,0.267,3,0,1,1.0,0.01,3
6660,150.0,24900,148.4,149.73,0.27,28.36,28.36,0.27,3,0,1,1.0,0.01,3
6670,150.0,24938,152.41,149.73,0.27,25.99,25.99,0.241,3,0,1,1.0,0.01,3
6680,150.0,24975,148.4,149.73,0.27,28.24,28.24,0.268,3,0,1,1.0,0.01,3
6690,150.0,25013,152.41,151.07,-1.07,25.87,25.87,0.24,3,0,1,1.0,0.01,3
6700,150.0,25050,148.4,149.73,0.27,28.11,28.11,0.267,3,0,1,1.0,0.01,3
6710,150.0,25087,148.4,149.73,0.27,28.36,28.36,0.27,3,0,1,1.0,0.01,3
6720,150.0,25125,152.41,149.73,0.27,25.99,25.99,0.241,3,0,1,1.0,0.01,3
6730,150.0,25162,148.4,149.73,0.27,28.24,28.24,0.268,3,0,1,1.0,0.01,3
6740,150.0,25200,152.41,151.07,-1.07,25.87,25.87,0.24,3,0,1,1.0,0.01,3
6750,150.0,25237,148.4,149.73,0.27,28.11,28.11,0.267,3,0,1,1.0,0.01,3
6760,150.0,25274,148.4,149.73,0.27,28.36,28.36,0.27,3,0,1,1.0,0.01,3
6770,150.0,25312,152.41,149.73,0.27,25.99,25.99,0.241,3,0,1,1.0,0.01,3
6780,150.0,25349,148.4,149.73,0.27,28.24,28.24,0.268,3,0,1,1.0,0.01,3
6790,150.0,25387,152.41,151.07,-1.07,25.87,25.87,0.24,3,0,1,1.0,0.01,3
6800,150.0,25424,148.4,149.73,0.27,28.11,28.11,0.267,3,0,1,1.0,0.01,3
6810,150.0,25461,148.4,149.73,0.27,28.36,28.36,0.27,3,0,1,1.0,0.01,3
6820,150.0,25499,152.41,149.73,0.27,25.99,25.99,0.241,3,0,1,1.0,0.01,3
6830,150.0,25536,148.4,149.73,0.27,28.24,28.24,0.268,3,0,1,1.0,0.01,3
6840,150.0,25573,148.4,149.73,0.27,28.48,28.48,0.271,3,0,1,1.0,0.01,3
6850,150.0,25611,152.41,149.73,0.27,26.11,26.11,0.242,3,0,1,1.0,0.01,3
6860,150.0,25649,152.41,151.07,-1.07,25.75,25.75,0.238,3,0,1,1.0,0.01,3
6870,150.0,25686,148.4,151.07,-1.07,27.99,27.99,0.266,3,0,1,1.0,0.01,3
6880,150.0,25723,148.4,149.73,0.27,28.24,28.24,0.268,3,0,1,1.0,0.01,3
6890,150.0,25761,152.41,149.73,0.27,25.87,25.87,0.24,3,0,1,1.0,0.01,3
6900,150.0,25798,148.4,149.73,0.27,28.11,28.11,0.267,3,0,1,1.0,0.01,3
6910,150.0,25835,148.4,149.73,0.27,28.36,28.36,0.27,3,0,1,1.0,0.01,3
6920,150.0,25873,152.41,149.73,0.27,25.99,25.99,0.241,3,0,1,1.0,0.01,3
6930,150.0,25910,148.4,149.73,0.27,28.24,28.24,0.268,3,0,1,1.0,0.01,3
6940,150.0,25947,148.4,149.73,0.27,28.48,28.48,0.271,3,0,1,1.0,0.01,3
6950,150.0,25985,152.41,149.73,0.27,26.11,26.11,0.242,3,0,1,1.0,0.01,3
6960,150.0,26023,152.41,151.07,-1.07,25.75,25.75,0.238,3,0,1,1.0,0.01,3
6970,150.0,26060,148.4,151.07,-1.07,27.99,27.99,0.266,3,0,1,1.0,0.01,3
6980,150.0,26097,148.4,149.73,0.27,28.24,28.24,0.268,3,0,1,1.0,0.01,3
6990,150.0,26134,148.4,148.4,1.6,28.48,28.48,0.271,3,0,1,1.0,0.01,3
7000,150.0,26172,152.41,149.73,0.27,26.11,26.11,0.242,3,0,2,0.0,0.0,3
7010,150.0,26214,168.45,156.42,-6.42,15.32,15.32,0.104,3,0,2,0.0,0.0,3
7020,150.0,26258,176.47,165.78,-15.78,7.34,7.34,0.006,3,0,2,0.0,0.0,3
7030,150.0,26301,172.46,172.46,-22.46,5.98,5.98,-0.009,3,0,2,0.0,0.0,3
7040,150.0,26343,168.45,172.46,-22.46,5.21,5.21,-0.016,3,0,2,0.0,0.0,3
7050,150.0,26383,160.43,167.11,-17.11,7.66,7.66,0.015,3,0,2,0.0,0.0,3
7060,150.0,26423,160.43,163.1,-13.1,6.1,6.1,-0.003,3,0,2,0.0,0.0,3
7070,150.0,26463,160.43,160.43,-10.43,4.53,4.53,-0.02,3,0,2,0.0,0.0,3
7080,150.0,26501,152.41,157.75,-7.75,8.18,8.18,0.026,3,0,2,0.0,0.0,3
7090,150.0,26539,152.41,155.08,-5.08,7.82,7.82,0.022,3,0,2,0.0,0.0,3
7100,150.0,26576,148.4,151.07,-1.07,10.07,10.07,0.05,3,0,2,0.0,0.0,3
7110,150.0,26614,152.41,151.07,-1.07,7.7,7.7,0.021,3,0,2,0.0,0.0,3
7120,150.0,26652,152.41,151.07,-1.07,7.34,7.34,0.017,3,0,2,0.0,0.0,3
7130,150.0,26689,148.4,151.07,-1.07,9.59,9.59,0.045,3,0,2,0.0,0.0,3
7140,150.0,26726,148.4,149.73,0.27,9.83,9.83,0.047,3,0,2,0.0,0.0,3
7150,150.0,26764,152.41,149.73,0.27,7.46,7.46,0.018,3,0,2,0.0,0.0,3
7160,150.0,26801,148.4,149.73,0.27,9.71,9.71,0.046,3,0,2,0.0,0.0,3
7170,150.0,26839,152.41,151.07,-1.07,7.34,7.34,0.017,3,0,2,0.0,0.0,3
7180,150.0,26876,148.4,149.73,0.27,9.59,9.59,0.045,3,0,2,0.0,0.0,3
7190,150.0,26913,148.4,149.73,0.27,9.83,9.83,0.047,3,0,2,0.0,0.0,3
7200,150.0,26951,152.41,149.73,0.27,7.46,7.46,0.018,3,0,2,0.0,0.0,3
7210,150.0,26988,148.4,149.73,0.27,9.71,9.71,0.046,3,0,2,0.0,0.0,3
7220,150.0,27026,152.41,151.07,-1.07,7.34,7.34,0.017,3,0,2,0.0,0.0,3
7230,150.0,27063,148.4,149.73,0.27,9.59,9.59,0.045,3,0,2,0.0,0.0,3
7240,150.0,27100,148.4,149.73,0.27,9.83,9.83,0.047,3,0,2,0.0,0.0,3
7250,150.0,27138,152.41,149.73,0.27,7.46,7.46,0.018,3,0,2,0.0,0.0,3
7260,150.0,27175,148.4,149.73,0.27,9.71,9.71,0.046,3,0,2,0.0,0.0,3
7270,150.0,27213,152.41,151.07,-1.07,7.34,7.34,0.017,3,0,2,0.0,0.0,3
7280,150.0,27250,148.4,149.73,0.27,9.59,9.59,0.045,3,0,2,0.0,0.0,3
7290,150.0,27287,148.4,149.73,0.27,9.83,9.83,0.047,3,0,2,0.0,0.0,3
7300,150.0,27325,152.41,149.73,0.27,7.46,7.46,0.018,3,0,2,0.0,0.0,3
7310,150.0,27362,148.4,149.73,0.27,9.71,9.71,0.046,3,0,2,0.0,0.0,3
7320,150.0,27399,148.4,149.73,0.27,9.95,9.95,0.048,3,0,2,0.0,0.0,3
7330,150.0,27437,152.41,149.73,0.27,7.58,7.58,0.02,3,0,2,0.0,0.0,3
7340,150.0,27475,152.41,151.07,-1.07,7.22,7.22,0.016,3,0,2,0.0,0.0,3
7350,150.0,27512,148.4,151.07,-1.07,9.47,9.47,0.044,3,0,2,0.0,0.0,3
7360,150.0,27549,148.4,149.73,0.27,9.71,9.71,0.046,3,0,2,0.0,0.0,3
7370,150.0,27586,148.4,148.4,1.6,9.95,9.95,0.049,3,0,2,0.0,0.0,3
7380,150.0,27624,152.41,149.73,0.27,7.58,7.58,0.02,3,0,2,0.0,0.0,3
7390,150.0,27662,152.41,151.07,-1.07,7.22,7.22,0.016,3,0,2,0.0,0.0,3
7400,150.0,27699,148.4,151.07,-1.07,9.47,9.47,0.044,3,0,2,0.0,0.0,3
7410,150.0,27736,148.4,149.73,0.27,9.71,9.71,0.046,3,0,2,0.0,0.0,3
7420,150.0,27773,148.4,148.4,1.6,9.95,9.95,0.049,3,0,2,0.0,0.0,3
7430,150.0,27811,152.41,149.73,0.27,7.58,7.58,0.02,3,0,2,0.0,0.0,3
7440,150.0,27849,152.41,151.07,-1.07,7.22,7.22,0.016,3,0,2,0.0,0.0,3
7450,150.0,27886,148.4,151.07,-1.07,9.47,9.47,0.044,3,0,2,0.0,0.0,3
7460,150.0,27923,148.4,149.73,0.27,9.71,9.71,0.046,3,0,2,0.0,0.0,3
7470,150.0,27960,148.4,148.4,1.6,9.95,9.95,0.049,3,0,2,0.0,0.0,3
7480,150.0,27998,152.41,149.73,0.27,7.58,7.58,0.02,3,0,2,0.0,0.0,3
7490,150.0,28035,148.4,149.73,0.27,9.83,9.83,0.047,3,0,2,0.0,0.0,3
7500,150.0,28073,152.41,151.07,-1.07,7.46,7.46,0.018,3,0,2,0.0,0.0,3
7510,150.0,28110,148.4,149.73,0.27,9.71,9.71,0.046,3,0,2,0.0,0.0,3
7520,150.0,28148,152.41,151.07,-1.07,7.34,7.34,0.017,3,0,2,0.0,0.0,3
7530,150.0,28185,148.4,149.73,0.27,9.59,9.59,0.045,3,0,2,0.0,0.0,3
7540,150.0,28222,148.4,149.73,0.27,9.83,9.83,0.047,3,0,2,0.0,0.0,3
7550,150.0,28260,152.41,149.73,0.27,7.46,7.46,0.018,3,0,2,0.0,0.0,3
7560,150.0,28297,148.4,149.73,0.27,9.71,9.71,0.046,3,0,2,0.0,0.0,3
7570,150.0,28335,152.41,151.07,-1.07,7.34,7.34,0.017,3,0,2,0.0,0.0,3
7580,150.0,28372,148.4,149.73,0.27,9.59,9.59,0.045,3,0,2,0.0,0.0,3
7590,150.0,28409,148.4,149.73,0.27,9.83,9.83,0.047,3,0,2,0.0,0.0,3
7600,150.0,28447,152.41,149.73,0.27,7.46,7.46,0.018,3,0,2,0.0,0.0,3
7610,150.0,28484,148.4,149.73,0.27,9.71,9.71,0.046,3,0,2,0.0,0.0,3
7620,150.0,28522,152.41,151.07,-1.07,7.34,7.34,0.017,3,0,2,0.0,0.0,3
7630,150.0,28559,148.4,149.73,0.27,9.59,9.59,0.045,3,0,2,0.0,0.0,3
7640,150.0,28596,148.4,149.73,0.27,9.83,9.83,0.047,3,0,2,0.0,0.0,3
7650,150.0,28634,152.41,149.73,0.27,7.46,7.46,0.018,3,0,2,0.0,0.0,3
7660,150.0,28671,148.4,149.73,0.27,9.71,9.71,0.046,3,0,2,0.0,0.0,3
7670,150.0,28709,152.41,151.07,-1.07,7.34,7.34,0.017,3,0,2,0.0,0.0,3
7680,150.0,28746,148.4,149.73,0.27,9.59,9.59,0.045,3,0,2,0.0,0.0,3
7690,150.0,28783,148.4,149.73,0.27,9.83,9.83,0.047,3,0,2,0.0,0.0,3
7700,150.0,28821,152.41,149.73,0.27,7.46,7.46,0.018,3,0,2,0.0,0.0,3
7710,150.0,28858,148.4,149.73,0.27,9.71,9.71,0.046,3,0,2,0.0,0.0,3
7720,150.0,28895,148.4,149.73,0.27,9.95,9.95,0.049,3,0,2,0.0,0.0,3
7730,150.0,28933,152.41,149.73,0.27,7.58,7.58,0.02,3,0,2,0.0,0.0,3
7740,150.0,28971,152.41,151.07,-1.07,7.22,7.22,0.016,3,0,2,0.0,0.0,3
7750,150.0,29008,148.4,151.07,-1.07,9.47,9.47,0.044,3,0,2,0.0,0.0,3
7760,150.0,29045,148.4,149.73,0.27,9.71,9.71,0.046,3,0,2,0.0,0.0,3
7770,150.0,29082,148.4,148.4,1.6,9.95,9.95,0.049,3,0,2,0.0,0.0,3
7780,150.0,29120,152.41,149.73,0.27,7.58,7.58,0.02,3,0,2,0.0,0.0,3
7790,150.0,29158,152.41,151.07,-1.07,7.22,7.22,0.016,3,0,2,0.0,0.0,3
7800,150.0,29195,148.4,151.07,-1.07,9.47,9.47,0.044,3,0,2,0.0,0.0,3
7810,150.0,29232,148.4,149.73,0.27,9.71,9.71,0.046,3,0,2,0.0,0.0,3
7820,150.0,29269,148.4,148.4,1.6,9.95,9.95,0.049,3,0,2,0.0,0.0,3
7830,150.0,29307,152.41,149.73,0.27,7.58,7.58,0.02,3,0,2,0.0,0.0,3
7840,150.0,29344,148.4,149.73,0.27,9.83,9.83,0.047,3,0,2,0.0,0.0,3
7850,150.0,29382,152.41,151.07,-1.07,7.46,7.46,0.018,3,0,2,0.0,0.0,3
7860,150.0,29419,148.4,149.73,0.27,9.71,9.71,0.046,3,0,2,0.0,0.0,3
7870,150.0,29457,152.41,151.07,-1.07,7.34,7.34,0.017,3,0,2,0.0,0.0,3
7880,150.0,29494,148.4,149.73,0.27,9.59,9.59,0.045,3,0,2,0.0,0.0,3
7890,150.0,29532,152.41,151.07,-1.07,7.22,7.22,0.016,3,0,2,0.0,0.0,3
7900,150.0,29568,144.39,148.4,1.6,12.07,12.07,0.075,3,0,2,0.0,0.0,3
7910,150.0,29606,152.41,149.73,0.27,7.7,7.7,0.021,3,0,2,0.0,0.0,3
7920,150.0,29644,152.41,149.73,0.27,7.34,7.34,0.017,3,0,2,0.0,0.0,3
7930,150.0,29681,148.4,151.07,-1.07,9.59,9.59,0.045,3,0,2,0.0,0.0,3
7940,150.0,29718,148.4,149.73,0.27,9.83,9.83,0.047,3,0,2,0.0,0.0,3
7950,150.0,29756,152.41,149.73,0.27,7.46,7.46,0.018,3,0,2,0.0,0.0,3
7960,150.0,29793,148.4,149.73,0.27,9.71,9.71,0.046,3,0,2,0.0,0.0,3
7970,150.0,29831,152.41,151.07,-1.07,7.34,7.34,0.017,3,0,2,0.0,0.0,3
7980,150.0,29868,148.4,149.73,0.27,9.59,9.59,0.045,3,0,2,0.0,0.0,3
7990,150.0,29905,148.4,149.73,0.27,9.83,9.83,0.047,3,0,2,0.0,0.0,3
8000,150.0,29943,152.41,149.73,0.27,7.46,7.46,0.018,3,0,2,0.0,0.0,3
8010,150.0,29980,148.4,149.73,0.27,9.71,9.71,0.046,3,0,2,0.0,0.0,3
8020,150.0,30018,152.41,151.07,-1.07,7.34,7.34,0.017,3,0,2,0.0,0.0,3
8030,150.0,30055,148.4,149.73,0.27,9.59,9.59,0.045,3,0,2,0.0,0.0,3
8040,150.0,30092,148.4,149.73,0.27,9.83,9.83,0.047,3,0,2,0.0,0.0,3
8050,150.0,30130,152.41,149.73,0.27,7.46,7.46,0.018,3,0,2,0.0,0.0,3
8060,150.0,30167,148.4,149.73,0.27,9.71,9.71,0.046,3,0,2,0.0,0.0,3
8070,150.0,30205,152.41,151.07,-1.07,7.34,7.34,0.017,3,0,2,0.0,0.0,3
8080,150.0,30242,148.4,149.73,0.27,9.59,9.59,0.045,3,0,2,0.0,0.0,3
8090,150.0,30279,148.4,149.73,0.27,9.83,9.83,0.047,3,0,2,0.0,0.0,3
8100,150.0,30317,152.41,149.73,0.27,7.46,7.46,0.018,3,0,2,0.0,0.0,3
8110,150.0,30354,148.4,149.73,0.27,9.71,9.71,0.046,3,0,2,0.0,0.0,3
8120,150.0,30391,148.4,149.73,0.27,9.95,9.95,0.049,3,0,2,0.0,0.0,3
8130,150.0,30429,152.41,149.73,0.27,7.58,7.58,0.02,3,0,2,0.0,0.0,3
8140,150.0,30467,152.41,151.07,-1.07,7.22,7.22,0.016,3,0,2,0.0,0.0,3
8150,150.0,30504,148.4,151.07,-1.07,9.47,9.47,0.044,3,0,2,0.0,0.0,3
8160,150.0,30541,148.4,149.73,0.27,9.71,9.71,0.046,3,0,2,0.0,0.0,3
8170,150.0,30578,148.4,148.4,1.6,9.95,9.95,0.049,3,0,2,0.0,0.0,3
8180,150.0,30616,152.41,149.73,0.27,7.58,7.58,0.02,3,0,2,0.0,0.0,3
8190,150.0,30653,148.4,149.73,0.27,9.83,9.83,0.047,3,0,2,0.0,0.0,3
8200,150.0,30691,152.41,151.07,-1.07,7.46,7.46,0.018,3,0,2,0.0,0.0,3
8210,150.0,30728,148.4,149.73,0.27,9.71,9.71,0.046,3,0,2,0.0,0.0,3
8220,150.0,30766,152.41,151.07,-1.07,7.34,7.34,0.017,3,0,2,0.0,0.0,3
8230,150.0,30803,148.4,149.73,0.27,9.59,9.59,0.045,3,0,2,0.0,0.0,3
8240,150.0,30841,152.41,151.07,-1.07,7.22,7.22,0.016,3,0,2,0.0,0.0,3
8250,150.0,30878,148.4,149.73,0.27,9.47,9.47,0.044,3,0,2,0.0,0.0,3
8260,150.0,30915,148.4,149.73,0.27,9.71,9.71,0.046,3,0,2,0.0,0.0,3
8270,150.0,30952,148.4,148.4,1.6,9.95,9.95,0.049,3,0,2,0.0,0.0,3
8280,150.0,30990,152.41,149.73,0.27,7.58,7.58,0.02,3,0,2,0.0,0.0,3
8290,150.0,31027,148.4,149.73,0.27,9.83,9.83,0.047,3,0,2,0.0,0.0,3
8300,150.0,31065,152.41,151.07,-1.07,7.46,7.46,0.018,3,0,2,0.0,0.0,3
8310,150.0,31102,148.4,149.73,0.27,9.71,9.71,0.046,3,0,2,0.0,0.0,3
8320,150.0,31140,152.41,151.07,-1.07,7.34,7.34,0.017,3,0,2,0.0,0.0,3
8330,150.0,31177,148.4,149.73,0.27,9.59,9.59,0.045,3,0,2,0.0,0.0,3
8340,150.0,31214,148.4,149.73,0.27,9.83,9.83,0.047,3,0,2,0.0,0.0,3
8350,150.0,31252,152.41,149.73,0.27,7.46,7.46,0.018,3,0,2,0.0,0.0,3
8360,150.0,31289,148.4,149.73,0.27,9.71,9.71,0.046,3,0,2,0.0,0.0,3
8370,150.0,31327,152.41,151.07,-1.07,7.34,7.34,0.017,3,0,2,0.0,0.0,3
8380,150.0,31364,148.4,149.73,0.27,9.59,9.59,0.045,3,0,2,0.0,0.0,3
8390,150.0,31401,148.4,149.73,0.27,9.83,9.83,0.047,3,0,2,0.0,0.0,3
8400,150.0,31439,152.41,149.73,0.27,7.46,7.46,0.018,3,0,2,0.0,0.0,3
8410,150.0,31476,148.4,149.73,0.27,9.71,9.71,0.046,3,0,2,0.0,0.0,3
8420,150.0,31514,152.41,151.07,-1.07,7.34,7.34,0.017,3,0,2,0.0,0.0,3
8430,150.0,31551,148.4,149.73,0.27,9.59,9.59,0.045,3,0,2,0.0,0.0,3
8440,150.0,31588,148.4,149.73,0.27,9.83,9.83,0.047,3,0,2,0.0,0.0,3
8450,150.0,31626,152.41,149.73,0.27,7.46,7.46,0.018,3,0,2,0.0,0.0,3
8460,150.0,31663,148.4,149.73,0.27,9.71,9.71,0.046,3,0,2,0.0,0.0,3
8470,150.0,31700,148.4,149.73,0.27,9.95,9.95,0.048,3,0,2,0.0,0.0,3
8480,150.0,31738,152.41,149.73,0.27,7.58,7.58,0.02,3,0,2,0.0,0.0,3
8490,150.0,31776,152.41,151.07,-1.07,7.22,7.22,0.016,3,0,2,0.0,0.0,3
8500,150.0,31813,148.4,151.07,-1.07,9.47,9.47,0.044,3,0,2,0.0,0.0,3
8510,150.0,31850,148.4,149.73,0.27,9.71,9.71,0.046,3,0,2,0.0,0.0,3
8520,150.0,31887,148.4,148.4,1.6,9.95,9.95,0.049,3,0,2,0.0,0.0,3
8530,150.0,31925,152.41,149.73,0.27,7.58,7.58,0.02,3,0,2,0.0,0.0,3
8540,150.0,31963,152.41,151.07,-1.07,7.22,7.22,0.016,3,0,2,0.0,0.0,3
8550,150.0,32000,148.4,151.07,-1.07,9.47,9.47,0.044,3,0,2,0.0,0.0,3
8560,150.0,32037,148.4,149.73,0.27,9.71,9.71,0.046,3,0,2,0.0,0.0,3
8570,150.0,32074,148.4,148.4,1.6,9.95,9.95,0.049,3,0,2,0.0,0.0,3
8580,150.0,32112,152.41,149.73,0.27,7.58,7.58,0.02,3,0,2,0.0,0.0,3
8590,150.0,32149,148.4,149.73,0.27,9.83,9.83,0.047,3,0,2,0.0,0.0,3
8600,150.0,32187,152.41,151.07,-1.07,7.46,7.46,0.018,3,0,2,0.0,0.0,3
8610,150.0,32224,148.4,149.73,0.27,9.71,9.71,0.046,3,0,2,0.0,0.0,3
8620,150.0,32262,152.41,151.07,-1.07,7.34,7.34,0.017,3,0,2,0.0,0.0,3
8630,150.0,32299,148.4,149.73,0.27,9.59,9.59,0.045,3,0,2,0.0,0.0,3
8640,150.0,32337,152.41,151.07,-1.07,7.22,7.22,0.016,3,0,2,0.0,0.0,3
8650,150.0,32374,148.4,149.73,0.27,9.47,9.47,0.044,3,0,2,0.0,0.0,3
8660,150.0,32411,148.4,149.73,0.27,9.71,9.71,0.046,3,0,2,0.0,0.0,3
8670,150.0,32448,148.4,148.4,1.6,9.95,9.95,0.049,3,0,2,0.0,0.0,3
8680,150.0,32486,152.41,149.73,0.27,7.58,7.58,0.02,3,0,2,0.0,0.0,3
8690,150.0,32523,148.4,149.73,0.27,9.83,9.83,0.047,3,0,2,0.0,0.0,3
8700,150.0,32561,152.41,151.07,-1.07,7.46,7.46,0.018,3,0,2,0.0,0.0,3
8710,150.0,32598,148.4,149.73,0.27,9.71,9.71,0.046,3,0,2,0.0,0.0,3
8720,150.0,32636,152.41,151.07,-1.07,7.34,7.34,0.017,3,0,2,0.0,0.0,3
8730,150.0,32673,148.4,149.73,0.27,9.59,9.59,0.045,3,0,2,0.0,0.0,3
8740,150.0,32710,148.4,149.73,0.27,9.83,9.83,0.047,3,0,2,0.0,0.0,3
8750,150.0,32748,152.41,149.73,0.27,7.46,7.46,0.018,3,0,2,0.0,0.0,3
8760,150.0,32785,148.4,149.73,0.27,9.71,9.71,0.046,3,0,2,0.0,0.0,3
8770,150.0,32823,152.41,151.07,-1.07,7.34,7.34,0.017,3,0,2,0.0,0.0,3
8780,150.0,32860,148.4,149.73,0.27,9.59,9.59,0.045,3,0,2,0.0,0.0,3
8790,150.0,32897,148.4,149.73,0.27,9.83,9.83,0.047,3,0,2,0.0,0.0,3
8800,150.0,32935,152.41,149.73,0.27,7.46,7.46,0.018,3,0,2,0.0,0.0,3
8810,150.0,32972,148.4,149.73,0.27,9.71,9.71,0.046,3,0,2,0.0,0.0,3
8820,150.0,33009,148.4,149.73,0.27,9.95,9.95,0.048,3,0,2,0.0,0.0,3
8830,150.0,33047,152.41,149.73,0.27,7.58,7.58,0.02,3,0,2,0.0,0.0,3
8840,150.0,33085,152.41,151.07,-1.07,7.22,7.22,0.016,3,0,2,0.0,0.0,3
8850,150.0,33122,148.4,151.07,-1.07,9.47,9.47,0.044,3,0,2,0.0,0.0,3
8860,150.0,33159,148.4,149.73,0.27,9.71,9.71,0.046,3,0,2,0.0,0.0,3
8870,150.0,33196,148.4,148.4,1.6,9.95,9.95,0.049,3,0,2,0.0,0.0,3
8880,150.0,33234,152.41,149.73,0.27,7.58,7.58,0.02,3,0,2,0.0,0.0,3
8890,150.0,33272,152.41,151.07,-1.07,7.22,7.22,0.016,3,0,2,0.0,0.0,3
8900,150.0,33309,148.4,151.07,-1.07,9.47,9.47,0.044,3,0,2,0.0,0.0,3
8910,150.0,33346,148.4,149.73,0.27,9.71,9.71,0.046,3,0,2,0.0,0.0,3
8920,150.0,33383,148.4,148.4,1.6,9.95,9.95,0.049,3,0,2,0.0,0.0,3
8930,150.0,33421,152.41,149.73,0.27,7.58,7.58,0.02,3,0,2,0.0,0.0,3
8940,150.0,33459,152.41,151.07,-1.07,7.22,7.22,0.016,3,0,2,0.0,0.0,3
8950,150.0,33496,148.4,151.07,-1.07,9.47,9.47,0.044,3,0,2,0.0,0.0,3
8960,150.0,33533,148.4,149.73,0.27,9.71,9.71,0.046,3,0,2,0.0,0.0,3
8970,150.0,33570,148.4,148.4,1.6,9.95,9.95,0.049,3,0,2,0.0,0.0,3
8980,150.0,33608,152.41,149.73,0.27,7.58,7.58,0.02,3,0,2,0.0,0.0,3
8990,150.0,33645,148.4,149.73,0.27,9.83,9.83,0.047,3,0,2,0.0,0.0,3
9000,150.0,33683,152.41,151.07,-1.07,7.46,7.46,0.018,3,0,2,0.0,0.0,3
9010,150.0,33720,148.4,149.73,0.27,9.71,9.71,0.046,3,0,2,0.0,0.0,3
9020,150.0,33758,152.41,151.07,-1.07,7.34,7.34,0.017,3,0,2,0.0,0.0,3
9030,150.0,33795,148.4,149.73,0.27,9.59,9.59,0.045,3,0,2,0.0,0.0,3
9040,150.0,33832,148.4,149.73,0.27,9.83,9.83,0.047,3,0,2,0.0,0.0,3
9050,150.0,33870,152.41,149.73,0.27,7.46,7.46,0.018,3,0,2,0.0,0.0,3
9060,150.0,33907,148.4,149.73,0.27,9.71,9.71,0.046,3,0,2,0.0,0.0,3
9070,150.0,33945,152.41,151.07,-1.07,7.34,7.34,0.017,3,0,2,0.0,0.0,3
9080,150.0,33982,148.4,149.73,0.27,9.59,9.59,0.045,3,0,2,0.0,0.0,3
9090,150.0,34019,148.4,149.73,0.27,9.83,9.83,0.047,3,0,2,0.0,0.0,3
9100,150.0,34057,152.41,149.73,0.27,7.46,7.46,0.018,3,0,2,0.0,0.0,3
9110,150.0,34094,148.4,149.73,0.27,9.71,9.71,0.046,3,0,2,0.0,0.0,3
9120,150.0,34132,152.41,151.07,-1.07,7.34,7.34,0.017,3,0,2,0.0,0.0,3
9130,150.0,34169,148.4,149.73,0.27,9.59,9.59,0.045,3,0,2,0.0,0.0,3
9140,150.0,34206,148.4,149.73,0.27,9.83,9.83,0.047,3,0,2,0.0,0.0,3
9150,150.0,34244,152.41,149.73,0.27,7.46,7.46,0.018,3,0,2,0.0,0.0,3
9160,150.0,34281,148.4,149.73,0.27,9.71,9.71,0.046,3,0,2,0.0,0.0,3
9170,150.0,34319,152.41,151.07,-1.07,7.34,7.34,0.017,3,0,2,0.0,0.0,3
9180,150.0,34356,148.4,149.73,0.27,9.59,9.59,0.045,3,0,2,0.0,0.0,3
9190,150.0,34393,148.4,149.73,0.27,9.83,9.83,0.047,3,0,2,0.0,0.0,3
9200,150.0,34431,152.41,149.73,0.27,7.46,7.46,0.018,3,0,2,0.0,0.0,3
9210,150.0,34468,148.4,149.73,0.27,9.71,9.71,0.046,3,0,2,0.0,0.0,3
9220,150.0,34505,148.4,149.73,0.27,9.95,9.95,0.049,3,0,2,0.0,0.0,3
9230,150.0,34543,152.41,149.73,0.27,7.58,7.58,0.02,3,0,2,0.0,0.0,3
9240,150.0,34581,152.41,151.07,-1.07,7.22,7.22,0.016,3,0,2,0.0,0.0,3
9250,150.0,34618,148.4,151.07,-1.07,9.47,9.47,0.044,3,0,2,0.0,0.0,3
9260,150.0,34655,148.4,149.73,0.27,9.71,9.71,0.046,3,0,2,0.0,0.0,3
9270,150.0,34692,148.4,148.4,1.6,9.95,9.95,0.049,3,0,2,0.0,0.0,3
9280,150.0,34730,152.41,149.73,0.27,7.58,7.58,0.02,3,0,2,0.0,0.0,3
9290,150.0,34768,152.41,151.07,-1.07,7.22,7.22,0.016,3,0,2,0.0,0.0,3
9300,150.0,34805,148.4,151.07,-1.07,9.47,9.47,0.044,3,0,2,0.0,0.0,3
9310,150.0,34842,148.4,149.73,0.27,9.71,9.71,0.046,3,0,2,0.0,0.0,3
9320,150.0,34879,148.4,148.4,1.6,9.95,9.95,0.049,3,0,2,0.0,0.0,3
9330,150.0,34917,152.41,149.73,0.27,7.58,7.58,0.02,3,0,2,0.0,0.0,3
9340,150.0,34954,148.4,149.73,0.27,9.83,9.83,0.047,3,0,2,0.0,0.0,3
9350,150.0,34992,152.41,151.07,-1.07,7.46,7.46,0.018,3,0,2,0.0,0.0,3
9360,150.0,35029,148.4,149.73,0.27,9.71,9.71,0.046,3,0,2,0.0,0.0,3
9370,150.0,35067,152.41,151.07,-1.07,7.34,7.34,0.017,3,0,2,0.0,0.0,3
9380,150.0,35104,148.4,149.73,0.27,9.59,9.59,0.045,3,0,2,0.0,0.0,3
9390,150.0,35142,152.41,151.07,-1.07,7.22,7.22,0.016,3,0,2,0.0,0.0,3
9400,150.0,35179,148.4,149.73,0.27,9.47,9.47,0.044,3,0,2,0.0,0.0,3
9410,150.0,35216,148.4,149.73,0.27,9.71,9.71,0.046,3,0,2,0.0,0.0,3
9420,150.0,35253,148.4,148.4,1.6,9.95,9.95,0.049,3,0,2,0.0,0.0,3
9430,150.0,35291,152.41,149.73,0.27,7.58,7.58,0.02,3,0,2,0.0,0.0,3
9440,150.0,35328,148.4,149.73,0.27,9.83,9.83,0.047,3,0,2,0.0,0.0,3
9450,150.0,35366,152.41,151.07,-1.07,7.46,7.46,0.018,3,0,2,0.0,0.0,3
9460,150.0,35403,148.4,149.73,0.27,9.71,9.71,0.046,3,0,2,0.0,0.0,3
9470,150.0,35441,152.41,151.07,-1.07,7.34,7.34,0.017,3,0,2,0.0,0.0,3
9480,150.0,35478,148.4,149.73,0.27,9.59,9.59,0.045,3,0,2,0.0,0.0,3
9490,150.0,35515,148.4,149.73,0.27,9.83,9.83,0.047,3,0,2,0.0,0.0,3
9500,150.0,35553,152.41,149.73,0.27,7.46,7.46,0.018,3,0,2,0.0,0.0,3
9510,150.0,35590,148.4,149.73,0.27,9.71,9.71,0.046,3,0,2,0.0,0.0,3
9520,150.0,35628,152.41,151.07,-1.07,7.34,7.34,0.017,3,0,2,0.0,0.0,3
9530,150.0,35665,148.4,149.73,0.27,9.59,9.59,0.045,3,0,2,0.0,0.0,3
9540,150.0,35702,148.4,149.73,0.27,9.83,9.83,0.047,3,0,2,0.0,0.0,3
9550,150.0,35740,152.41,149.73,0.27,7.46,7.46,0.018,3,0,2,0.0,0.0,3
9560,150.0,35777,148.4,149.73,0.27,9.71,9.71,0.046,3,0,2,0.0,0.0,3
9570,150.0,35815,152.41,151.07,-1.07,7.34,7.34,0.017,3,0,2,0.0,0.0,3
9580,150.0,35852,148.4,149.73,0.27,9.59,9.59,0.045,3,0,2,0.0,0.0,3
9590,150.0,35889,148.4,149.73,0.27,9.83,9.83,0.047,3,0,2,0.0,0.0,3
9600,150.0,35927,152.41,149.73,0.27,7.46,7.46,0.018,3,0,2,0.0,0.0,3
9610,150.0,35964,148.4,149.73,0.27,9.71,9.71,0.046,3,0,2,0.0,0.0,3
9620,150.0,36001,148.4,149.73,0.27,9.95,9.95,0.049,3,0,2,0.0,0.0,3
9630,150.0,36039,152.41,149.73,0.27,7.58,7.58,0.02,3,0,2,0.0,0.0,3
9640,150.0,36077,152.41,151.07,-1.07,7.22,7.22,0.016,3,0,2,0.0,0.0,3
9650,150.0,36114,148.4,151.07,-1.07,9.47,9.47,0.044,3,0,2,0.0,0.0,3
9660,150.0,36151,148.4,149.73,0.27,9.71,9.71,0.046,3,0,2,0.0,0.0,3
9670,150.0,36188,148.4,148.4,1.6,9.95,9.95,0.049,3,0,2,0.0,0.0,3
9680,150.0,36226,152.41,149.73,0.27,7.58,7.58,0.02,3,0,2,0.0,0.0,3
9690,150.0,36263,148.4,149.73,0.27,9.83,9.83,0.047,3,0,2,0.0,0.0,3
9700,150.0,36301,152.41,151.07,-1.07,7.46,7.46,0.018,3,0,2,0.0,0.0,3
9710,150.0,36338,148.4,149.73,0.27,9.71,9.71,0.046,3,0,2,0.0,0.0,3
9720,150.0,36376,152.41,151.07,-1.07,7.34,7.34,0.017,3,0,2,0.0,0.0,3
9730,150.0,36413,148.4,149.73,0.27,9.59,9.59,0.045,3,0,2,0.0,0.0,3
9740,150.0,36451,152.41,151.07,-1.07,7.22,7.22,0.016,3,0,2,0.0,0.0,3
9750,150.0,36488,148.4,149.73,0.27,9.47,9.47,0.044,3,0,2,0.0,0.0,3
9760,150.0,36525,148.4,149.73,0.27,9.71,9.71,0.046,3,0,2,0.0,0.0,3
9770,150.0,36562,148.4,148.4,1.6,9.95,9.95,0.049,3,0,2,0.0,0.0,3
9780,150.0,36600,152.41,149.73,0.27,7.58,7.58,0.02,3,0,2,0.0,0.0,3
9790,150.0,36637,148.4,149.73,0.27,9.83,9.83,0.047,3,0,2,0.0,0.0,3
9800,150.0,36675,152.41,151.07,-1.07,7.46,7.46,0.018,3,0,2,0.0,0.0,3
9810,150.0,36712,148.4,149.73,0.27,9.71,9.71,0.046,3,0,2,0.0,0.0,3
9820,150.0,36750,152.41,151.07,-1.07,7.34,7.34,0.017,3,0,2,0.0,0.0,3
9830,150.0,36787,148.4,149.73,0.27,9.59,9.59,0.045,3,0,2,0.0,0.0,3
9840,150.0,36824,148.4,149.73,0.27,9.83,9.83,0.047,3,0,2,0.0,0.0,3
9850,150.0,36862,152.41,149.73,0.27,7.46,7.46,0.018,3,0,2,0.0,0.0,3
9860,150.0,36899,148.4,149.73,0.27,9.71,9.71,0.046,3,0,2,0.0,0.0,3
9870,150.0,36937,152.41,151.07,-1.07,7.34,7.34,0.017,3,0,2,0.0,0.0,3
9880,150.0,36974,148.4,149.73,0.27,9.59,9.59,0.045,3,0,2,0.0,0.0,3
9890,150.0,37011,148.4,149.73,0.27,9.83,9.83,0.047,3,0,2,0.0,0.0,3
9900,150.0,37049,152.41,149.73,0.27,7.46,7.46,0.018,3,0,2,0.0,0.0,3
9910,150.0,37086,148.4,149.73,0.27,9.71,9.71,0.046,3,0,2,0.0,0.0,3
9920,150.0,37124,152.41,151.07,-1.07,7.34,7.34,0.017,3,0,2,0.0,0.0,3
9930,150.0,37161,148.4,149.73,0.27,9.59,9.59,0.045,3,0,2,0.0,0.0,3
9940,150.0,37198,148.4,149.73,0.27,9.83,9.83,0.047,3,0,2,0.0,0.0,3
9950,150.0,37236,152.41,149.73,0.27,7.46,7.46,0.018,3,0,2,0.0,0.0,3
9960,150.0,37273,148.4,149.73,0.27,9.71,9.71,0.046,3,0,2,0.0,0.0,3
9970,150.0,37310,148.4,149.73,0.27,9.95,9.95,0.048,3,0,2,0.0,0.0,3
9980,150.0,37348,152.41,149.73,0.27,7.58,7.58,0.02,3,0,2,0.0,0.0,3
9990,150.0,37386,152.41,151.07,-1.07,7.22,7.22,0.016,3,0,2,0.0,0.0,3
