timestamp_ms,target_rpm,measured_rpm,error_rpm,control_output,pwm_duty,motor_current,motor_voltage,state,fault_flags,encoder_count,loop_time_us
10,200.0,0.0,200.0,100.0,100.0,1.2,12.0,3,0,0,50.0
20,200.0,92.24598930481282,107.75401069518718,70.04010695187166,70.04010695187166,0.7963812834224601,8.4048128342246,3,0,23,50.0
30,200.0,160.42780748663102,39.572192513368975,41.88502673796791,41.88502673796791,0.42714887887700526,5.026203208556149,3,0,63,50.0
40,200.0,192.5133689839572,7.486631016042793,26.96524064171124,26.96524064171124,0.23232134496697876,3.235828877005349,3,0,111,50.0
50,200.0,208.5561497326203,-8.556149732620298,17.66042780748665,17.66042780748665,0.11307980733979213,2.119251336898398,3,0,163,50.0
60,200.0,216.57754010695186,-16.577540106951858,11.16310160427809,11.16310160427809,0.032509067231028775,1.3395721925133708,3,0,217,50.0
70,200.0,212.5668449197861,-12.566844919786092,11.28342245989306,11.28342245989306,0.03466526331595794,1.3540106951871673,3,0,270,50.0
80,200.0,212.5668449197861,-12.566844919786092,9.398395721925146,9.398395721925146,0.012655715420101844,1.1278074866310175,3,0,323,50.0
90,200.0,208.5561497326203,-8.556149732620298,10.120320855614999,10.120320855614999,0.02280876121472596,1.2144385026737998,3,0,375,50.0
100,200.0,208.5561497326203,-8.556149732620298,8.836898395721954,8.836898395721954,0.0084566386478661,1.0604278074866345,3,0,427,50.0
110,200.0,204.54545454545453,-4.5454545454545325,10.160427807486657,10.160427807486657,0.025948220565819913,1.2192513368983988,3,0,478,50.0
120,200.0,200.53475935828874,-0.5347593582887384,12.085561497326244,12.085561497326244,0.04991846017345965,1.4502673796791492,3,0,528,50.0
130,200.0,204.54545454545453,-4.5454545454545325,9.398395721925167,9.398395721925167,0.01755293878751073,1.1278074866310202,3,0,579,50.0
140,200.0,196.524064171123,3.475935828876999,13.930481283422482,13.930481283422482,0.07313162770209616,1.671657754010698,3,0,628,50.0
150,200.0,204.54545454545453,-4.5454545454545325,9.237967914438537,9.237967914438537,0.01574031930633337,1.1085561497326244,3,0,679,50.0
160,200.0,196.524064171123,3.475935828876999,13.770053475935851,13.770053475935851,0.07139016902573322,1.652406417112302,3,0,728,50.0
170,200.0,204.54545454545453,-4.5454545454545325,9.077540106951906,9.077540106951906,0.014065716206093615,1.0893048128342286,3,0,779,50.0
180,200.0,196.524064171123,3.475935828876999,13.60962566844922,13.60962566844922,0.0697783767392612,1.6331550802139065,3,0,828,50.0
190,200.0,200.53475935828874,-0.5347593582887384,11.524064171123042,11.524064171123042,0.04379635713904956,1.382887700534765,3,0,878,50.0
200,200.0,200.53475935828874,-0.5347593582887384,11.443850267379732,11.443850267379732,0.042949886088286884,1.373262032085568,3,0,928,50.0
210,200.0,200.53475935828874,-0.5347593582887384,11.363636363636422,11.363636363636422,0.042135375199196926,1.3636363636363706,3,0,978,50.0
220,200.0,200.53475935828874,-0.5347593582887384,11.283422459893112,11.283422459893112,0.04135089088199854,1.3540106951871735,3,0,1028,50.0
230,200.0,196.524064171123,3.475935828876999,13.81016042780753,13.81016042780753,0.071878038988985,1.6572192513369037,3,0,1077,50.0
240,200.0,200.53475935828874,-0.5347593582887384,11.724598930481351,11.724598930481351,0.04581711816491104,1.406951871657762,3,0,1127,50.0
250,200.0,204.54545454545453,-4.5454545454545325,9.037433155080274,9.037433155080274,0.013613096954436521,1.0844919786096328,3,0,1178,50.0
260,200.0,196.524064171123,3.475935828876999,13.569518716577589,13.569518716577589,0.06934351528388016,1.6283422459893107,3,0,1227,50.0
270,200.0,200.53475935828874,-0.5347593582887384,11.48395721925141,11.48395721925141,0.04337817913326988,1.3780748663101692,3,0,1277,50.0
280,200.0,200.53475935828874,-0.5347593582887384,11.4037433155081,11.4037433155081,0.04254738218340768,1.368449197860972,3,0,1327,50.0
290,200.0,200.53475935828874,-0.5347593582887384,11.32352941176479,11.32352941176479,0.041747597112113746,1.358823529411775,3,0,1377,50.0
300,200.0,196.524064171123,3.475935828876999,13.850267379679208,13.850267379679208,0.0722603701606274,1.662032085561505,3,0,1426,50.0
310,200.0,204.54545454545453,-4.5454545454545325,9.157754010695262,9.157754010695262,0.014902521509225119,1.0989304812834315,3,0,1477,50.0
320,200.0,196.524064171123,3.475935828876999,13.689839572192577,13.689839572192577,0.07058380665845165,1.6427807486631094,3,0,1526,50.0
330,200.0,200.53475935828874,-0.5347593582887384,11.604278074866398,11.604278074866398,0.044572309885027375,1.3925133689839677,3,0,1576,50.0
340,200.0,200.53475935828874,-0.5347593582887384,11.524064171123088,11.524064171123088,0.04369814503003144,1.3828877005347706,3,0,1626,50.0
350,200.0,200.53475935828874,-0.5347593582887384,11.443850267379778,11.443850267379778,0.042857615811864355,1.3732620320855733,3,0,1676,50.0
360,200.0,200.53475935828874,-0.5347593582887384,11.363636363636468,11.363636363636468,0.042048687274497995,1.3636363636363762,3,0,1726,50.0
370,200.0,200.53475935828874,-0.5347593582887384,11.283422459893158,11.283422459893158,0.04126944757674391,1.354010695187179,3,0,1776,50.0
380,200.0,200.53475935828874,-0.5347593582887384,11.203208556149848,11.203208556149848,0.04051810054380552,1.3443850267379818,3,0,1826,50.0
390,200.0,196.524064171123,3.475935828876999,13.729946524064266,13.729946524064266,0.07107638112935427,1.647593582887712,3,0,1875,50.0
400,200.0,200.53475935828874,-0.5347593582887384,11.644385026738087,11.644385026738087,0.04504470926888961,1.3973262032085705,3,0,1925,50.0
410,200.0,204.54545454545453,-4.5454545454545325,8.95721925133701,8.95721925133701,0.012868167459725998,1.0748663101604412,3,0,1976,50.0
420,200.0,196.524064171123,3.475935828876999,13.489304812834325,13.489304812834325,0.06862440268670124,1.6187165775401189,3,0,2025,50.0
430,200.0,200.53475935828874,-0.5347593582887384,11.403743315508146,11.403743315508146,0.04268332151132191,1.3684491978609776,3,0,2075,50.0
440,200.0,196.524064171123,3.475935828876999,13.930481283422564,13.930481283422564,0.07315873457058189,1.6716577540107076,3,0,2124,50.0
450,200.0,204.54545454545453,-4.5454545454545325,9.237967914438618,9.237967914438618,0.015765786209275778,1.1085561497326344,3,0,2175,50.0
460,200.0,196.524064171123,3.475935828876999,13.770053475935933,13.770053475935933,0.07141409518104762,1.652406417112312,3,0,2224,50.0
470,200.0,204.54545454545453,-4.5454545454545325,9.077540106951988,9.077540106951988,0.014088194829011535,1.0893048128342386,3,0,2275,50.0
480,200.0,196.524064171123,3.475935828876999,13.609625668449302,13.609625668449302,0.06979949540549257,1.6331550802139163,3,0,2324,50.0
490,200.0,200.53475935828874,-0.5347593582887384,11.524064171123124,11.524064171123124,0.04381619812597396,1.3828877005347748,3,0,2374,50.0
500,200.0,200.53475935828874,-0.5347593582887384,11.443850267379814,11.443850267379814,0.04296852669550237,1.3732620320855777,3,0,2424,50.0
510,200.0,200.53475935828874,-0.5347593582887384,11.363636363636504,11.363636363636504,0.04215288804967591,1.3636363636363804,3,0,2474,50.0
520,200.0,200.53475935828874,-0.5347593582887384,11.283422459893194,11.283422459893194,0.04136734420502356,1.3540106951871833,3,0,2524,50.0
530,200.0,196.524064171123,3.475935828876999,13.810160427807611,13.810160427807611,0.071893496885967,1.6572192513369133,3,0,2573,50.0
540,200.0,200.53475935828874,-0.5347593582887384,11.724598930481433,11.724598930481433,0.045831640859125666,1.4069518716577718,3,0,2623,50.0
550,200.0,204.54545454545453,-4.5454545454545325,9.037433155080356,9.037433155080356,0.013626741025651212,1.0844919786096427,3,0,2674,50.0
560,200.0,196.524064171123,3.475935828876999,13.56951871657767,13.56951871657767,0.06935633388878636,1.6283422459893204,3,0,2723,50.0
570,200.0,200.53475935828874,-0.5347593582887384,11.483957219251492,11.483957219251492,0.04339022221257928,1.378074866310179,3,0,2773,50.0
580,200.0,200.53475935828874,-0.5347593582887384,11.403743315508182,11.403743315508182,0.04255869665641889,1.3684491978609818,3,0,2823,50.0
590,200.0,200.53475935828874,-0.5347593582887384,11.323529411764872,11.323529411764872,0.04175822705950779,1.3588235294117845,3,0,2873,50.0
600,200.0,196.524064171123,3.475935828876999,13.85026737967929,13.85026737967929,0.07227035699620414,1.6620320855615147,3,0,2922,50.0
610,200.0,204.54545454545453,-4.5454545454545325,9.157754010695344,9.157754010695344,0.014911904141249488,1.0989304812834413,3,0,2973,50.0
620,200.0,196.524064171123,3.475935828876999,13.689839572192659,13.689839572192659,0.07059262164123854,1.642780748663119,3,0,3022,50.0
630,200.0,200.53475935828874,-0.5347593582887384,11.60427807486648,11.60427807486648,0.04458059156135571,1.3925133689839775,3,0,3072,50.0
640,200.0,200.53475935828874,-0.5347593582887384,11.52406417112317,11.52406417112317,0.043705925664941934,1.3828877005347804,3,0,3122,50.0
650,200.0,200.53475935828874,-0.5347593582887384,11.44385026737986,11.44385026737986,0.04286492571836277,1.373262032085583,3,0,3172,50.0
660,200.0,200.53475935828874,-0.5347593582887384,11.36363636363655,11.36363636363655,0.042055554931653284,1.363636363636386,3,0,3222,50.0
670,200.0,200.53475935828874,-0.5347593582887384,11.28342245989324,11.28342245989324,0.04127589974064132,1.3540106951871889,3,0,3272,50.0
680,200.0,200.53475935828874,-0.5347593582887384,11.20320855614993,11.20320855614993,0.040524162351787164,1.3443850267379915,3,0,3322,50.0
690,200.0,196.524064171123,3.475935828876999,13.729946524064347,13.729946524064347,0.07108207619795305,1.6475935828877217,3,0,3371,50.0
700,200.0,200.53475935828874,-0.5347593582887384,11.644385026738169,11.644385026738169,0.04505005978583818,1.3973262032085803,3,0,3421,50.0
710,200.0,200.53475935828874,-0.5347593582887384,11.564171122994859,11.564171122994859,0.044156616730292406,1.387700534759383,3,0,3471,50.0
720,200.0,200.53475935828874,-0.5347593582887384,11.483957219251549,11.483957219251549,0.043297975642708764,1.3780748663101858,3,0,3521,50.0
730,200.0,200.53475935828874,-0.5347593582887384,11.403743315508239,11.403743315508239,0.04247203100402554,1.3684491978609885,3,0,3571,50.0
740,200.0,200.53475935828874,-0.5347593582887384,11.323529411764929,11.323529411764929,0.04167680467908426,1.3588235294117914,3,0,3621,50.0
750,200.0,200.53475935828874,-0.5347593582887384,11.243315508021618,11.243315508021618,0.04091043820990352,1.3491978609625943,3,0,3671,50.0
760,200.0,200.53475935828874,-0.5347593582887384,11.163101604278308,11.163101604278308,0.04017118557520981,1.339572192513397,3,0,3721,50.0
770,200.0,196.524064171123,3.475935828876999,13.689839572192726,13.689839572192726,0.07074082884790943,1.6427807486631272,3,0,3770,50.0
780,200.0,200.53475935828874,-0.5347593582887384,11.604278074866547,11.604278074866547,0.04471983223202303,1.3925133689839857,3,0,3820,50.0
790,200.0,200.53475935828874,-0.5347593582887384,11.524064171123237,11.524064171123237,0.04383674227503387,1.3828877005347884,3,0,3870,50.0
800,200.0,200.53475935828874,-0.5347593582887384,11.443850267379927,11.443850267379927,0.042987827923544185,1.3732620320855913,3,0,3920,50.0
810,200.0,200.53475935828874,-0.5347593582887384,11.363636363636617,11.363636363636617,0.04217102155342121,1.363636363636394,3,0,3970,50.0
820,200.0,200.53475935828874,-0.5347593582887384,11.283422459893307,11.283422459893307,0.041384380631792304,1.3540106951871969,3,0,4020,50.0
830,200.0,196.524064171123,3.475935828876999,13.810160427807725,13.810160427807725,0.07190950260891625,1.6572192513369268,3,0,4069,50.0
840,200.0,200.53475935828874,-0.5347593582887384,11.724598930481546,11.724598930481546,0.04584667823583656,1.4069518716577856,3,0,4119,50.0
850,200.0,204.54545454545453,-4.5454545454545325,9.03743315508047,9.03743315508047,0.01364086864107108,1.0844919786096563,3,0,4170,50.0
860,200.0,196.524064171123,3.475935828876999,13.569518716577784,13.569518716577784,0.06936960678347337,1.628342245989334,3,0,4219,50.0
870,200.0,200.53475935828874,-0.5347593582887384,11.483957219251606,11.483957219251606,0.04340269209713778,1.3780748663101927,3,0,4269,50.0
880,200.0,200.53475935828874,-0.5347593582887384,11.403743315508295,11.403743315508295,0.0425704121129616,1.3684491978609954,3,0,4319,50.0
890,200.0,200.53475935828874,-0.5347593582887384,11.323529411764985,11.323529411764985,0.04176923373092967,1.358823529411798,3,0,4369,50.0
900,200.0,196.524064171123,3.475935828876999,13.850267379679403,13.850267379679403,0.07228069776400506,1.6620320855615285,3,0,4418,50.0
910,200.0,204.54545454545453,-4.5454545454545325,9.157754010695458,9.157754010695458,0.014921619292598443,1.0989304812834548,3,0,4469,50.0
920,200.0,196.524064171123,3.475935828876999,13.689839572192772,13.689839572192772,0.07060174902593093,1.6427807486631325,3,0,4518,50.0
930,200.0,200.53475935828874,-0.5347593582887384,11.604278074866594,11.604278074866594,0.04458916673927423,1.3925133689839913,3,0,4568,50.0
940,200.0,200.53475935828874,-0.5347593582887384,11.524064171123284,11.524064171123284,0.04371398204459642,1.3828877005347942,3,0,4618,50.0
950,200.0,200.53475935828874,-0.5347593582887384,11.443850267379974,11.443850267379974,0.0428724946870482,1.3732620320855968,3,0,4668,50.0
960,200.0,200.53475935828874,-0.5347593582887384,11.363636363636664,11.363636363636664,0.04206266597773324,1.3636363636363995,3,0,4718,50.0
970,200.0,200.53475935828874,-0.5347593582887384,11.283422459893353,11.283422459893353,0.041282580568433466,1.3540106951872024,3,0,4768,50.0
980,200.0,200.53475935828874,-0.5347593582887384,11.203208556150043,11.203208556150043,0.04053043898949791,1.344385026738005,3,0,4818,50.0
990,200.0,196.524064171123,3.475935828876999,13.729946524064461,13.729946524064461,0.07108797309908234,1.6475935828877355,3,0,4867,50.0
1000,200.0,200.53475935828874,-0.5347593582887384,11.644385026738282,11.644385026738282,0.04505559992444917,1.397326203208594,3,0,4917,50.0
1010,200.0,200.53475935828874,-0.5347593582887384,11.564171122994972,11.564171122994972,0.04416182169051745,1.3877005347593967,3,0,4967,50.0
1020,200.0,200.53475935828874,-0.5347593582887384,11.483957219251662,11.483957219251662,0.04330286570284023,1.3780748663101996,3,0,5017,50.0
1030,200.0,200.53475935828874,-0.5347593582887384,11.403743315508352,11.403743315508352,0.04247662521551907,1.3684491978610023,3,0,5067,50.0
1040,200.0,200.53475935828874,-0.5347593582887384,11.323529411765042,11.323529411765042,0.04168112094078245,1.358823529411805,3,0,5117,50.0
1050,200.0,200.53475935828874,-0.5347593582887384,11.243315508021732,11.243315508021732,0.040914493337768996,1.3491978609626079,3,0,5167,50.0
1060,200.0,196.524064171123,3.475935828876999,13.77005347593615,13.77005347593615,0.07145841782773221,1.652406417112338,3,0,5216,50.0
1070,200.0,204.54545454545453,-4.5454545454545325,9.077540106952204,9.077540106952204,0.014129835955571745,1.0893048128342646,3,0,5267,50.0
1080,200.0,196.524064171123,3.475935828876999,13.60962566844952,13.60962566844952,0.06983861724389592,1.633155080213942,3,0,5316,50.0
1090,200.0,200.53475935828874,-0.5347593582887384,11.52406417112334,11.52406417112334,0.04385295309315401,1.382887700534801,3,0,5366,50.0
1100,200.0,200.53475935828874,-0.5347593582887384,11.44385026738003,11.44385026738003,0.04300305798716806,1.3732620320856037,3,0,5416,50.0
1110,200.0,200.53475935828874,-0.5347593582887384,11.36363636363672,11.36363636363672,0.04218533019819587,1.3636363636364064,3,0,5466,50.0
1120,200.0,200.53475935828874,-0.5347593582887384,11.28342245989341,11.28342245989341,0.041397823603558113,1.3540106951872093,3,0,5516,50.0
1130,200.0,196.524064171123,3.475935828876999,13.810160427807828,13.810160427807828,0.07192213228089027,1.6572192513369393,3,0,5565,50.0
1140,200.0,200.53475935828874,-0.5347593582887384,11.72459893048165,11.72459893048165,0.04585854381265615,1.406951871657798,3,0,5615,50.0
1150,200.0,200.53475935828874,-0.5347593582887384,11.64438502673834,11.64438502673834,0.04493543881038632,1.3973262032086007,3,0,5665,50.0
1160,200.0,204.54545454545453,-4.5454545454545325,8.957219251337262,8.957219251337262,0.012765507863962222,1.0748663101604714,3,0,5716,50.0
1170,200.0,196.524064171123,3.475935828876999,13.489304812834577,13.489304812834577,0.06852795399648123,1.618716577540149,3,0,5765,50.0
1180,200.0,200.53475935828874,-0.5347593582887384,11.403743315508398,11.403743315508398,0.04259270796686028,1.3684491978610078,3,0,5815,50.0
1190,200.0,200.53475935828874,-0.5347593582887384,11.323529411765088,11.323529411765088,0.04179018068566755,1.3588235294118107,3,0,5865,50.0
1200,200.0,196.524064171123,3.475935828876999,13.850267379679506,13.850267379679506,0.0723003774279813,1.662032085561541,3,0,5914,50.0
1210,200.0,204.54545454545453,-4.5454545454545325,9.15775401069556,9.15775401069556,0.014940108336904134,1.0989304812834673,3,0,5965,50.0
1220,200.0,196.524064171123,3.475935828876999,13.689839572192875,13.689839572192875,0.07061911948305613,1.642780748663145,3,0,6014,50.0
1230,200.0,200.53475935828874,-0.5347593582887384,11.604278074866697,11.604278074866697,0.044605486283743404,1.3925133689840037,3,0,6064,50.0
1240,200.0,200.53475935828874,-0.5347593582887384,11.524064171123387,11.524064171123387,0.0437293142566252,1.3828877005348064,3,0,6114,50.0
1250,200.0,200.53475935828874,-0.5347593582887384,11.443850267380077,11.443850267380077,0.04288689930024928,1.3732620320856093,3,0,6164,50.0
1260,200.0,200.53475935828874,-0.5347593582887384,11.363636363636767,11.363636363636767,0.04207619911183571,1.3636363636364122,3,0,6214,50.0
1270,200.0,200.53475935828874,-0.5347593582887384,11.283422459893456,11.283422459893456,0.04129529494792274,1.3540106951872148,3,0,6264,50.0
1280,200.0,200.53475935828874,-0.5347593582887384,11.203208556150146,11.203208556150146,0.040542384149028096,1.3443850267380175,3,0,6314,50.0
1290,200.0,196.524064171123,3.475935828876999,13.729946524064564,13.729946524064564,0.07109919557646098,1.647593582887748,3,0,6363,50.0
1300,200.0,200.53475935828874,-0.5347593582887384,11.644385026738385,11.644385026738385,0.04506614344194643,1.3973262032086062,3,0,6413,50.0
1310,200.0,200.53475935828874,-0.5347593582887384,11.564171122995075,11.564171122995075,0.044171727325206175,1.3877005347594091,3,0,6463,50.0
1320,200.0,200.53475935828874,-0.5347593582887384,11.483957219251765,11.483957219251765,0.04331217204663028,1.3780748663102118,3,0,6513,50.0
1330,200.0,200.53475935828874,-0.5347593582887384,11.403743315508455,11.403743315508455,0.04248536852550986,1.3684491978610147,3,0,6563,50.0
1340,200.0,200.53475935828874,-0.5347593582887384,11.323529411765145,11.323529411765145,0.041689335280518845,1.3588235294118176,3,0,6613,50.0
1350,200.0,200.53475935828874,-0.5347593582887384,11.243315508021835,11.243315508021835,0.040922210709951355,1.3491978609626203,3,0,6663,50.0
1360,200.0,196.524064171123,3.475935828876999,13.770053475936253,13.770053475936253,0.07146566829889756,1.6524064171123505,3,0,6712,50.0
1370,200.0,204.54545454545453,-4.5454545454545325,9.077540106952307,9.077540106952307,0.014136647773231592,1.0893048128342768,3,0,6763,50.0
1380,200.0,196.524064171123,3.475935828876999,13.609625668449622,13.609625668449622,0.0698450169465874,1.6331550802139545,3,0,6812,50.0
1390,200.0,200.53475935828874,-0.5347593582887384,11.524064171123444,11.524064171123444,0.043858965613832644,1.3828877005348132,3,0,6862,50.0
1400,200.0,200.53475935828874,-0.5347593582887384,11.443850267380133,11.443850267380133,0.04300870675034567,1.373262032085616,3,0,6912,50.0
1410,200.0,200.53475935828874,-0.5347593582887384,11.363636363636823,11.363636363636823,0.04219063721120127,1.3636363636364188,3,0,6962,50.0
1420,200.0,196.524064171123,3.475935828876999,13.890374331551241,13.890374331551241,0.07268623200216943,1.666844919786149,3,0,7011,50.0
1430,200.0,204.54545454545453,-4.5454545454545325,9.197860962567296,9.197860962567296,0.015312244377803142,1.1037433155080756,3,0,7062,50.0
1440,200.0,196.524064171123,3.475935828876999,13.72994652406461,13.72994652406461,0.07097836696192997,1.6475935828877533,3,0,7111,50.0
1450,200.0,200.53475935828874,-0.5347593582887384,11.644385026738432,11.644385026738432,0.04495262495859457,1.3973262032086118,3,0,7161,50.0
1460,200.0,204.54545454545453,-4.5454545454545325,8.957219251337355,8.957219251337355,0.012781654250203889,1.0748663101604825,3,0,7212,50.0
1470,200.0,196.524064171123,3.475935828876999,13.48930481283467,13.48930481283467,0.0685431235263553,1.6187165775401602,3,0,7261,50.0
1480,200.0,200.53475935828874,-0.5347593582887384,11.40374331550849,11.40374331550849,0.04260695974017699,1.368449197861019,3,0,7311,50.0
1490,200.0,200.53475935828874,-0.5347593582887384,11.32352941176518,11.32352941176518,0.04180357022669858,1.3588235294118216,3,0,7361,50.0
1500,200.0,196.524064171123,3.475935828876999,13.850267379679599,13.850267379679599,0.07231295690178,1.6620320855615518,3,0,7410,50.0
1510,200.0,200.53475935828874,-0.5347593582887384,11.76470588235342,11.76470588235342,0.046235349212431255,1.4117647058824103,3,0,7460,50.0
1520,200.0,204.54545454545453,-4.5454545454545325,9.077540106952343,9.077540106952343,0.01401565069203108,1.0893048128342813,3,0,7511,50.0
1530,200.0,196.524064171123,3.475935828876999,13.609625668449658,13.609625668449658,0.06973134018879953,1.633155080213959,3,0,7560,50.0
1540,200.0,200.53475935828874,-0.5347593582887384,11.524064171123479,11.524064171123479,0.04375216629989094,1.3828877005348175,3,0,7610,50.0
1550,200.0,200.53475935828874,-0.5347593582887384,11.443850267380169,11.443850267380169,0.042908368794897456,1.3732620320856204,3,0,7660,50.0
1560,200.0,200.53475935828874,-0.5347593582887384,11.363636363636859,11.363636363636859,0.04209636970205768,1.363636363636423,3,0,7710,50.0
1570,200.0,200.53475935828874,-0.5347593582887384,11.283422459893549,11.283422459893549,0.04131424521743632,1.354010695187226,3,0,7760,50.0
1580,200.0,200.53475935828874,-0.5347593582887384,11.203208556150239,11.203208556150239,0.040560187927236147,1.3443850267380286,3,0,7810,50.0
1590,200.0,196.524064171123,3.475935828876999,13.729946524064657,13.729946524064657,0.07111592222608744,1.6475935828877588,3,0,7859,50.0
1600,200.0,200.53475935828874,-0.5347593582887384,11.644385026738478,11.644385026738478,0.04508185812927051,1.3973262032086173,3,0,7909,50.0
1610,200.0,200.53475935828874,-0.5347593582887384,11.564171122995168,11.564171122995168,0.04418649127394714,1.38770053475942,3,0,7959,50.0
1620,200.0,200.53475935828874,-0.5347593582887384,11.483957219251858,11.483957219251858,0.04332604277647247,1.378074866310223,3,0,8009,50.0
1630,200.0,200.53475935828874,-0.5347593582887384,11.403743315508548,11.403743315508548,0.04249840007619663,1.3684491978610258,3,0,8059,50.0
1640,200.0,200.53475935828874,-0.5347593582887384,11.323529411765238,11.323529411765238,0.04170157842238905,1.3588235294118285,3,0,8109,50.0
1650,200.0,200.53475935828874,-0.5347593582887384,11.243315508021928,11.243315508021928,0.04093371314173846,1.3491978609626314,3,0,8159,50.0
1660,200.0,196.524064171123,3.475935828876999,13.770053475936345,13.770053475936345,0.07147647483356154,1.6524064171123614,3,0,8208,50.0
1670,200.0,200.53475935828874,-0.5347593582887384,11.684491978610167,11.684491978610167,0.04543022297244163,1.4021390374332199,3,0,8258,50.0
1680,200.0,204.54545454545453,-4.5454545454545325,8.99732620320909,8.99732620320909,0.013239983252662447,1.0796791443850908,3,0,8309,50.0
1690,200.0,196.524064171123,3.475935828876999,13.529411764706404,13.529411764706404,0.06898334929261432,1.6235294117647685,3,0,8358,50.0
1700,200.0,200.53475935828874,-0.5347593582887384,11.443850267380226,11.443850267380226,0.04303017751602654,1.373262032085627,3,0,8408,50.0
1710,200.0,200.53475935828874,-0.5347593582887384,11.363636363636916,11.363636363636916,0.04221080899555848,1.36363636363643,3,0,8458,50.0
1720,200.0,196.524064171123,3.475935828876999,13.890374331551333,13.890374331551333,0.07270518339357306,1.66684491978616,3,0,8507,50.0
1730,200.0,204.54545454545453,-4.5454545454545325,9.197860962567388,9.197860962567388,0.015330049210026874,1.1037433155080865,3,0,8558,50.0
1740,200.0,196.524064171123,3.475935828876999,13.729946524064703,13.729946524064703,0.07099509460180421,1.6475935828877644,3,0,8607,50.0
1750,200.0,200.53475935828874,-0.5347593582887384,11.644385026738524,11.644385026738524,0.04496834057625644,1.3973262032086229,3,0,8657,50.0
1760,200.0,204.54545454545453,-4.5454545454545325,8.957219251337447,8.957219251337447,0.012796419072997268,1.0748663101604938,3,0,8708,50.0
1770,200.0,196.524064171123,3.475935828876999,13.489304812834762,13.489304812834762,0.0685569950773697,1.6187165775401715,3,0,8757,50.0
1780,200.0,200.53475935828874,-0.5347593582887384,11.403743315508583,11.403743315508583,0.042619992062355005,1.3684491978610298,3,0,8807,50.0
1790,200.0,200.53475935828874,-0.5347593582887384,11.323529411765273,11.323529411765273,0.041815814093384876,1.3588235294118327,3,0,8857,50.0
1800,200.0,196.524064171123,3.475935828876999,13.850267379679691,13.850267379679691,0.07232446001453174,1.6620320855615627,3,0,8906,50.0
1810,200.0,200.53475935828874,-0.5347593582887384,11.764705882353512,11.764705882353512,0.0462461563868616,1.4117647058824216,3,0,8956,50.0
1820,200.0,204.54545454545453,-4.5454545454545325,9.077540106952435,9.077540106952435,0.014025804032408374,1.0893048128342921,3,0,9007,50.0
1830,200.0,196.524064171123,3.475935828876999,13.60962566844975,13.60962566844975,0.06974087925208404,1.63315508021397,3,0,9056,50.0
1840,200.0,200.53475935828874,-0.5347593582887384,11.524064171123571,11.524064171123571,0.04376112824984675,1.3828877005348286,3,0,9106,50.0
1850,200.0,200.53475935828874,-0.5347593582887384,11.443850267380261,11.443850267380261,0.04291678854688095,1.3732620320856312,3,0,9156,50.0
1860,200.0,200.53475935828874,-0.5347593582887384,11.363636363636951,11.363636363636951,0.04210428005904619,1.3636363636364341,3,0,9206,50.0
1870,200.0,200.53475935828874,-0.5347593582887384,11.283422459893641,11.283422459893641,0.04132167699782704,1.3540106951872368,3,0,9256,50.0
1880,200.0,196.524064171123,3.475935828876999,13.810160427808059,13.810160427808059,0.07185059254480602,1.6572192513369672,3,0,9305,50.0
1890,200.0,204.54545454545453,-4.5454545454545325,9.117647058824113,9.117647058824113,0.014507909770711824,1.0941176470588936,3,0,9356,50.0
1900,200.0,196.524064171123,3.475935828876999,13.649732620321428,13.649732620321428,0.07020344326166932,1.6379679144385713,3,0,9405,50.0
1910,200.0,200.53475935828874,-0.5347593582887384,11.56417112299525,11.56417112299525,0.044205332805301346,1.38770053475943,3,0,9455,50.0
1920,200.0,200.53475935828874,-0.5347593582887384,11.48395721925194,11.48395721925194,0.04334374439517974,1.3780748663102327,3,0,9505,50.0
1930,200.0,200.53475935828874,-0.5347593582887384,11.40374331550863,11.40374331550863,0.04251503074697212,1.3684491978610356,3,0,9555,50.0
1940,200.0,200.53475935828874,-0.5347593582887384,11.32352941176532,11.32352941176532,0.041717202937582645,1.3588235294118383,3,0,9605,50.0
1950,200.0,200.53475935828874,-0.5347593582887384,11.24331550802201,11.24331550802201,0.04094839237376283,1.349197860962641,3,0,9655,50.0
1960,200.0,196.524064171123,3.475935828876999,13.770053475936427,13.770053475936427,0.07149026597204851,1.6524064171123714,3,0,9704,50.0
1970,200.0,200.53475935828874,-0.5347593582887384,11.684491978610248,11.684491978610248,0.04544317974705016,1.4021390374332299,3,0,9754,50.0
1980,200.0,204.54545454545453,-4.5454545454545325,8.997326203209171,8.997326203209171,0.013252156142407157,1.0796791443851006,3,0,9805,50.0
1990,200.0,196.524064171123,3.475935828876999,13.529411764706486,13.529411764706486,0.0689947857225295,1.6235294117647783,3,0,9854,50.0
2000,200.0,200.53475935828874,-0.5347593582887384,11.443850267380308,11.443850267380308,0.0430409220419319,1.373262032085637,3,0,9904,50.0
2010,200.0,200.53475935828874,-0.5347593582887384,11.363636363636997,11.363636363636997,0.04222090347764655,1.3636363636364397,3,0,9954,50.0
2020,200.0,196.524064171123,3.475935828876999,13.890374331551415,13.890374331551415,0.07271466715949483,1.6668449197861697,3,0,10003,50.0
2030,200.0,204.54545454545453,-4.5454545454545325,9.19786096256747,9.19786096256747,0.015338959208110393,1.1037433155080962,3,0,10054,50.0
2040,200.0,196.524064171123,3.475935828876999,13.729946524064784,13.729946524064784,0.0710034655450037,1.6475935828877741,3,0,10103,50.0
2050,200.0,200.53475935828874,-0.5347593582887384,11.644385026738606,11.644385026738606,0.04497620507739238,1.3973262032086327,3,0,10153,50.0
2060,200.0,200.53475935828874,-0.5347593582887384,11.564171122995296,11.564171122995296,0.0440872302317077,1.3877005347594356,3,0,10203,50.0
2070,200.0,200.53475935828874,-0.5347593582887384,11.483957219251986,11.483957219251986,0.04323278702728854,1.3780748663102385,3,0,10253,50.0
2080,200.0,200.53475935828874,-0.5347593582887384,11.403743315508676,11.403743315508676,0.042410786299838334,1.3684491978610411,3,0,10303,50.0
2090,200.0,200.53475935828874,-0.5347593582887384,11.323529411765366,11.323529411765366,0.04161926527950046,1.3588235294118438,3,0,10353,50.0
2100,200.0,200.53475935828874,-0.5347593582887384,11.243315508022055,11.243315508022055,0.040856379943994645,1.3491978609626467,3,0,10403,50.0
2110,200.0,200.53475935828874,-0.5347593582887384,11.163101604278745,11.163101604278745,0.040120397834388546,1.3395721925134494,3,0,10453,50.0
2120,200.0,196.524064171123,3.475935828876999,13.689839572193163,13.689839572193163,0.07069311376540795,1.6427807486631796,3,0,10502,50.0
2130,200.0,200.53475935828874,-0.5347593582887384,11.604278074866984,11.604278074866984,0.04467500391201297,1.392513368984038,3,0,10552,50.0
2140,200.0,200.53475935828874,-0.5347593582887384,11.524064171123674,11.524064171123674,0.04379462606838456,1.382887700534841,3,0,10602,50.0
2150,200.0,200.53475935828874,-0.5347593582887384,11.443850267380364,11.443850267380364,0.04294825974739726,1.373262032085644,3,0,10652,50.0
2160,200.0,200.53475935828874,-0.5347593582887384,11.363636363637054,11.363636363637054,0.042133847251931277,1.3636363636364466,3,0,10702,50.0
2170,200.0,200.53475935828874,-0.5347593582887384,11.283422459893744,11.283422459893744,0.0413494553755426,1.3540106951872493,3,0,10752,50.0
2180,200.0,200.53475935828874,-0.5347593582887384,11.203208556150434,11.203208556150434,0.04059326787077707,1.3443850267380522,3,0,10802,50.0
2190,200.0,196.524064171123,3.475935828876999,13.729946524064852,13.729946524064852,0.07114700083304416,1.6475935828877821,3,0,10851,50.0
2200,200.0,200.53475935828874,-0.5347593582887384,11.644385026738673,11.644385026738673,0.04511105648050643,1.3973262032086409,3,0,10901,50.0
2210,200.0,200.53475935828874,-0.5347593582887384,11.564171122995363,11.564171122995363,0.04421392312493333,1.3877005347594435,3,0,10951,50.0
2220,200.0,200.53475935828874,-0.5347593582887384,11.483957219252053,11.483957219252053,0.04335181500047404,1.3780748663102464,3,0,11001,50.0
2230,200.0,200.53475935828874,-0.5347593582887384,11.403743315508743,11.403743315508743,0.04252261308064614,1.3684491978610493,3,0,11051,50.0
2240,200.0,200.53475935828874,-0.5347593582887384,11.323529411765433,11.323529411765433,0.041724326540069426,1.358823529411852,3,0,11101,50.0
2250,200.0,200.53475935828874,-0.5347593582887384,11.243315508022123,11.243315508022123,0.040955084998299196,1.3491978609626547,3,0,11151,50.0
2260,200.0,196.524064171123,3.475935828876999,13.77005347593654,13.77005347593654,0.07149655369280043,1.6524064171123851,3,0,11200,50.0
2270,200.0,200.53475935828874,-0.5347593582887384,11.684491978610362,11.684491978610362,0.045449087060696614,1.4021390374332434,3,0,11250,50.0
2280,200.0,200.53475935828874,-0.5347593582887384,11.604278074867052,11.604278074867052,0.04454112852347125,1.3925133689840463,3,0,11300,50.0
2290,200.0,200.53475935828874,-0.5347593582887384,11.524064171123742,11.524064171123742,0.04366885014084959,1.382887700534849,3,0,11350,50.0
2300,200.0,200.53475935828874,-0.5347593582887384,11.443850267380432,11.443850267380432,0.04283009326347818,1.373262032085652,3,0,11400,50.0
2310,200.0,200.53475935828874,-0.5347593582887384,11.363636363637122,11.363636363637122,0.04202282984028934,1.3636363636364548,3,0,11450,50.0
2320,200.0,200.53475935828874,-0.5347593582887384,11.283422459893812,11.283422459893812,0.04124515451730502,1.3540106951872575,3,0,11500,50.0
2330,200.0,200.53475935828874,-0.5347593582887384,11.203208556150502,11.203208556150502,0.040495277214462846,1.3443850267380602,3,0,11550,50.0
2340,200.0,196.524064171123,3.475935828876999,13.72994652406492,13.72994652406492,0.071054938611437,1.6475935828877906,3,0,11599,50.0
2350,200.0,204.54545454545453,-4.5454545454545325,9.037433155080974,9.037433155080974,0.013741141563413262,1.0844919786097167,3,0,11650,50.0
2360,200.0,196.524064171123,3.475935828876999,13.569518716578289,13.569518716578289,0.06946381319401398,1.6283422459893946,3,0,11699,50.0
2370,200.0,200.53475935828874,-0.5347593582887384,11.48395721925211,11.48395721925211,0.043491199019840776,1.378074866310253,3,0,11749,50.0
2380,200.0,200.53475935828874,-0.5347593582887384,11.4037433155088,11.4037433155088,0.04265356436684119,1.368449197861056,3,0,11799,50.0
2390,200.0,196.524064171123,3.475935828876999,13.930481283423218,13.930481283423218,0.07313077773334244,1.6716577540107862,3,0,11848,50.0
2400,200.0,204.54545454545453,-4.5454545454545325,9.237967914439272,9.237967914439272,0.015739520760689463,1.1085561497327128,3,0,11899,50.0
2410,200.0,196.524064171123,3.475935828876999,13.770053475936587,13.770053475936587,0.07138941879210094,1.6524064171123904,3,0,11948,50.0
2420,200.0,204.54545454545453,-4.5454545454545325,9.077540106952641,9.077540106952641,0.014065011361596269,1.089304812834317,3,0,11999,50.0
2430,200.0,196.524064171123,3.475935828876999,13.609625668449956,13.609625668449956,0.06977771453785611,1.633155080213995,3,0,12048,50.0
2440,200.0,200.53475935828874,-0.5347593582887384,11.524064171123777,11.524064171123777,0.04379573500082965,1.3828877005348532,3,0,12098,50.0
2450,200.0,200.53475935828874,-0.5347593582887384,11.443850267380467,11.443850267380467,0.042949301589429445,1.3732620320856561,3,0,12148,50.0
2460,200.0,200.53475935828874,-0.5347593582887384,11.363636363637157,11.363636363637157,0.04213482606252054,1.3636363636364588,3,0,12198,50.0
2470,200.0,200.53475935828874,-0.5347593582887384,11.283422459893847,11.283422459893847,0.041350374968091255,1.3540106951872617,3,0,12248,50.0
2480,200.0,196.524064171123,3.475935828876999,13.810160427808265,13.810160427808265,0.07187755428786927,1.6572192513369919,3,0,12297,50.0
2490,200.0,204.54545454545453,-4.5454545454545325,9.11764705882432,9.11764705882432,0.014533240328319829,1.0941176470589185,3,0,12348,50.0
2500,200.0,196.524064171123,3.475935828876999,13.649732620321634,13.649732620321634,0.07022724132054209,1.6379679144385961,3,0,12397,50.0
2510,200.0,200.53475935828874,-0.5347593582887384,11.564171122995456,11.564171122995456,0.04422769108161233,1.3877005347594547,3,0,12447,50.0
2520,200.0,200.53475935828874,-0.5347593582887384,11.483957219252146,11.483957219252146,0.04336474999577398,1.3780748663102576,3,0,12497,50.0
2530,200.0,200.53475935828874,-0.5347593582887384,11.403743315508835,11.403743315508835,0.04253476550873044,1.3684491978610602,3,0,12547,50.0
2540,200.0,200.53475935828874,-0.5347593582887384,11.323529411765525,11.323529411765525,0.04173574374625466,1.3588235294118631,3,0,12597,50.0
2550,200.0,196.524064171123,3.475935828876999,13.850267379679943,13.850267379679943,0.07224923392340298,1.662032085561593,3,0,12646,50.0
2560,200.0,204.54545454545453,-4.5454545454545325,9.157754010695998,9.157754010695998,0.014892059014352966,1.0989304812835199,3,0,12697,50.0
2570,200.0,196.524064171123,3.475935828876999,13.689839572193312,13.689839572193312,0.07057397714451942,1.6427807486631976,3,0,12746,50.0
2580,200.0,200.53475935828874,-0.5347593582887384,11.604278074867134,11.604278074867134,0.0445630750566882,1.3925133689840559,3,0,12796,50.0
2590,200.0,200.53475935828874,-0.5347593582887384,11.524064171123824,11.524064171123824,0.04368946890880698,1.3828877005348588,3,0,12846,50.0
2600,200.0,200.53475935828874,-0.5347593582887384,11.443850267380514,11.443850267380514,0.04284946459597416,1.3732620320856617,3,0,12896,50.0
2610,200.0,200.53475935828874,-0.5347593582887384,11.363636363637204,11.363636363637204,0.042041029207169324,1.3636363636364643,3,0,12946,50.0
2620,200.0,200.53475935828874,-0.5347593582887384,11.283422459893893,11.283422459893893,0.0412622528224888,1.3540106951872672,3,0,12996,50.0
2630,200.0,200.53475935828874,-0.5347593582887384,11.203208556150583,11.203208556150583,0.04051134107218304,1.34438502673807,3,0,13046,50.0
2640,200.0,196.524064171123,3.475935828876999,13.729946524065001,13.729946524065001,0.07107003060576512,1.6475935828878001,3,0,13095,50.0
2650,200.0,204.54545454545453,-4.5454545454545325,9.037433155081056,9.037433155081056,0.013755320492084588,1.0844919786097267,3,0,13146,50.0
2660,200.0,196.524064171123,3.475935828876999,13.56951871657837,13.56951871657837,0.06947713429750071,1.6283422459894046,3,0,13195,50.0
2670,200.0,200.53475935828874,-0.5347593582887384,11.483957219252192,11.483957219252192,0.04350371419656657,1.3780748663102629,3,0,13245,50.0
2680,200.0,200.53475935828874,-0.5347593582887384,11.403743315508882,11.403743315508882,0.042665322375375105,1.3684491978610658,3,0,13295,50.0
2690,200.0,196.524064171123,3.475935828876999,13.9304812834233,13.9304812834233,0.07314182438236003,1.6716577540107957,3,0,13344,50.0
2700,200.0,204.54545454545453,-4.5454545454545325,9.237967914439354,9.237967914439354,0.01574989908744153,1.1085561497327225,3,0,13395,50.0
2710,200.0,196.524064171123,3.475935828876999,13.770053475936669,13.770053475936669,0.07139916923008452,1.6524064171124002,3,0,13444,50.0
2720,200.0,204.54545454545453,-4.5454545454545325,9.077540106952723,9.077540106952723,0.014074171898081878,1.0893048128343268,3,0,13495,50.0
2730,200.0,196.524064171123,3.475935828876999,13.609625668450038,13.609625668450038,0.06978632086188434,1.6331550802140045,3,0,13544,50.0
2740,200.0,200.53475935828874,-0.5347593582887384,11.52406417112386,11.52406417112386,0.0438038206422542,1.382887700534863,3,0,13594,50.0
2750,200.0,200.53475935828874,-0.5347593582887384,11.44385026738055,11.44385026738055,0.04295689804954783,1.3732620320856659,3,0,13644,50.0
2760,200.0,200.53475935828874,-0.5347593582887384,11.363636363637239,11.363636363637239,0.04214196293680178,1.3636363636364686,3,0,13694,50.0
2770,200.0,200.53475935828874,-0.5347593582887384,11.283422459893929,11.283422459893929,0.04135708006147849,1.3540106951872715,3,0,13744,50.0
2780,200.0,196.524064171123,3.475935828876999,13.810160427808347,13.810160427808347,0.07188385372310659,1.6572192513370014,3,0,13793,50.0
2790,200.0,200.53475935828874,-0.5347593582887384,11.724598930482168,11.724598930482168,0.04582258110761851,1.4069518716578602,3,0,13843,50.0
2800,200.0,204.54545454545453,-4.5454545454545325,9.037433155081091,9.037433155081091,0.013618229389110382,1.084491978609731,3,0,13894,50.0
2810,200.0,196.524064171123,3.475935828876999,13.569518716578406,13.569518716578406,0.06934833720625644,1.6283422459894086,3,0,13943,50.0
2820,200.0,200.53475935828874,-0.5347593582887384,11.483957219252227,11.483957219252227,0.043382709329342614,1.3780748663102673,3,0,13993,50.0
2830,200.0,200.53475935828874,-0.5347593582887384,11.403743315508917,11.403743315508917,0.0425516383026182,1.36844919786107,3,0,14043,50.0
2840,200.0,200.53475935828874,-0.5347593582887384,11.323529411765607,11.323529411765607,0.041751595736112215,1.3588235294118727,3,0,14093,50.0
2850,200.0,196.524064171123,3.475935828876999,13.850267379680025,13.850267379680025,0.07226412686787421,1.662032085561603,3,0,14142,50.0
2860,200.0,204.54545454545453,-4.5454545454545325,9.15775401069608,9.15775401069608,0.014906050935683656,1.0989304812835294,3,0,14193,50.0
2870,200.0,196.524064171123,3.475935828876999,13.689839572193394,13.689839572193394,0.07058712255460962,1.6427807486632071,3,0,14242,50.0
2880,200.0,200.53475935828874,-0.5347593582887384,11.604278074867215,11.604278074867215,0.04457542516946802,1.3925133689840659,3,0,14292,50.0
2890,200.0,200.53475935828874,-0.5347593582887384,11.524064171123905,11.524064171123905,0.04370107183976363,1.3828877005348688,3,0,14342,50.0
2900,200.0,200.53475935828874,-0.5347593582887384,11.443850267380595,11.443850267380595,0.04286036554960794,1.3732620320856714,3,0,14392,50.0
2910,200.0,200.53475935828874,-0.5347593582887384,11.363636363637285,11.363636363637285,0.042051270653108264,1.3636363636364741,3,0,14442,50.0
2920,200.0,200.53475935828874,-0.5347593582887384,11.283422459893975,11.283422459893975,0.04127187466094845,1.354010695187277,3,0,14492,50.0
2930,200.0,200.53475935828874,-0.5347593582887384,11.203208556150665,11.203208556150665,0.0405203807894159,1.3443850267380797,3,0,14542,50.0
2940,200.0,196.524064171123,3.475935828876999,13.729946524065083,13.729946524065083,0.07107852342010543,1.64759358288781,3,0,14591,50.0
2950,200.0,200.53475935828874,-0.5347593582887384,11.644385026738904,11.644385026738904,0.04504672195105053,1.3973262032086686,3,0,14641,50.0
2960,200.0,204.54545454545453,-4.5454545454545325,8.957219251337827,8.957219251337827,0.012870058374616378,1.0748663101605394,3,0,14692,50.0
2970,200.0,196.524064171123,3.475935828876999,13.489304812835142,13.489304812835142,0.06862617920124094,1.618716577540217,3,0,14741,50.0
2980,200.0,200.53475935828874,-0.5347593582887384,11.403743315508963,11.403743315508963,0.04268499054673214,1.3684491978610756,3,0,14791,50.0
2990,200.0,196.524064171123,3.475935828876999,13.930481283423381,13.930481283423381,0.07316030262935004,1.671657754010806,3,0,14840,50.0
3000,200.0,204.54545454545453,-4.5454545454545325,9.237967914439436,9.237967914439436,0.015767259400488575,1.108556149732732,3,0,14891,50.0
3010,200.0,196.524064171123,3.475935828876999,13.77005347593675,13.77005347593675,0.07141547924419227,1.65240641711241,3,0,14940,50.0
3020,200.0,184.49197860962565,15.508021390374353,22.11229946524158,22.11229946524158,0.17950660745580144,2.6534759358289897,3,0,14986,50.0
3030,200.0,172.45989304812832,27.540106951871678,32.259358288771,32.259358288771,0.30471811545873634,3.871122994652519,3,0,15029,50.0
3040,200.0,180.48128342245988,19.51871657754012,31.176470588236235,31.176470588236235,0.2900302630563708,3.741176470588348,3,0,15074,50.0
3050,200.0,180.48128342245988,19.51871657754012,34.10427807486725,34.10427807486725,0.32409947492220925,4.09251336898407,3,0,15119,50.0
3060,200.0,184.49197860962565,15.508021390374353,34.42513368984052,34.42513368984052,0.32552675080706295,4.131016042780862,3,0,15165,50.0
3070,200.0,192.5133689839572,7.486631016042793,31.53743315508116,31.53743315508116,0.2884420080516851,3.7844919786097395,3,0,15213,50.0
3080,200.0,192.5133689839572,7.486631016042793,32.66042780748758,32.66042780748758,0.3010361863506546,3.9192513368985096,3,0,15261,50.0
3090,200.0,196.524064171123,3.475935828876999,31.17647058823623,31.17647058823623,0.2818545131192209,3.741176470588348,3,0,15310,50.0
3100,200.0,196.524064171123,3.475935828876999,31.69786096256778,31.69786096256778,0.2875413525086633,3.8037433155081337,3,0,15359,50.0
3110,200.0,196.524064171123,3.475935828876999,32.21925133689933,32.21925133689933,0.29300927180488406,3.86631016042792,3,0,15408,50.0
3120,200.0,204.54545454545453,-4.5454545454545325,27.526737967915384,27.526737967915384,0.235704670753737,3.303208556149846,3,0,15459,50.0
3130,200.0,196.524064171123,3.475935828876999,32.0588235294127,32.0588235294127,0.2914359820234035,3.847058823529524,3,0,15508,50.0
3140,200.0,200.53475935828874,-0.5347593582887384,29.97326203208652,29.97326203208652,0.26547148479013244,3.5967914438503827,3,0,15558,50.0
3150,200.0,196.524064171123,3.475935828876999,32.50000000000094,32.50000000000094,0.2959248984630032,3.9000000000001127,3,0,15607,50.0
3160,200.0,204.54545454545453,-4.5454545454545325,27.807486631016992,27.807486631016992,0.23851128167818433,3.336898395722039,3,0,15658,50.0
3170,200.0,200.53475935828874,-0.5347593582887384,29.73262032085658,29.73262032085658,0.26285675020617333,3.5679144385027897,3,0,15708,50.0
3180,200.0,196.524064171123,3.475935828876999,32.259358288771,32.259358288771,0.2934106013106784,3.871122994652519,3,0,15757,50.0
3190,200.0,200.53475935828874,-0.5347593582887384,30.17379679144482,30.17379679144482,0.26737476795277326,3.620855614973378,3,0,15807,50.0
3200,200.0,200.53475935828874,-0.5347593582887384,30.09358288770151,30.09358288770151,0.26647773887665754,3.611229946524181,3,0,15857,50.0
3210,200.0,200.53475935828874,-0.5347593582887384,30.0133689839582,30.0133689839582,0.2656157287227484,3.601604278074984,3,0,15907,50.0
3220,200.0,200.53475935828874,-0.5347593582887384,29.93315508021489,29.93315508021489,0.2647866188462524,3.591978609625787,3,0,15957,50.0
3230,200.0,200.53475935828874,-0.5347593582887384,29.852941176471578,29.852941176471578,0.2639884187803859,3.5823529411765893,3,0,16007,50.0
3240,200.0,200.53475935828874,-0.5347593582887384,29.772727272728268,29.772727272728268,0.2632192584816061,3.572727272727392,3,0,16057,50.0
3250,200.0,200.53475935828874,-0.5347593582887384,29.692513368984958,29.692513368984958,0.262477381044004,3.563101604278195,3,0,16107,50.0
3260,200.0,196.524064171123,3.475935828876999,32.219251336899376,32.219251336899376,0.2930445583143711,3.8663101604279246,3,0,16156,50.0
3270,200.0,200.53475935828874,-0.5347593582887384,30.133689839573197,30.133689839573197,0.26702124488929335,3.6160427807487836,3,0,16206,50.0
3280,200.0,200.53475935828874,-0.5347593582887384,30.053475935829887,30.053475935829887,0.266135978290069,3.6064171122995865,3,0,16256,50.0
3290,200.0,200.53475935828874,-0.5347593582887384,29.973262032086577,29.973262032086577,0.2652850189831993,3.5967914438503894,3,0,16306,50.0
3300,200.0,200.53475935828874,-0.5347593582887384,29.893048128343267,29.893048128343267,0.2644662913774968,3.5871657754011923,3,0,16356,50.0
3310,200.0,200.53475935828874,-0.5347593582887384,29.812834224599957,29.812834224599957,0.26367784545504086,3.5775401069519948,3,0,16406,50.0
3320,200.0,196.524064171123,3.475935828876999,32.339572192514375,32.339572192514375,0.2942012716338879,3.880748663101725,3,0,16455,50.0
3330,200.0,204.54545454545453,-4.5454545454545325,27.64705882353043,27.64705882353043,0.2368534315984338,3.3176470588236517,3,0,16506,50.0
3340,200.0,196.524064171123,3.475935828876999,32.17914438502774,32.17914438502774,0.29254411984234363,3.861497326203329,3,0,16555,50.0
3350,200.0,200.53475935828874,-0.5347593582887384,30.093582887701565,30.093582887701565,0.26654145727637435,3.6112299465241877,3,0,16605,50.0
3360,200.0,200.53475935828874,-0.5347593582887384,30.013368983958255,30.013368983958255,0.2656755921592823,3.6016042780749906,3,0,16655,50.0
3370,200.0,200.53475935828874,-0.5347593582887384,29.933155080214945,29.933155080214945,0.26484286054487605,3.5919786096257935,3,0,16705,50.0
3380,200.0,200.53475935828874,-0.5347593582887384,29.852941176471635,29.852941176471635,0.2640412578562429,3.5823529411765964,3,0,16755,50.0
3390,200.0,200.53475935828874,-0.5347593582887384,29.772727272728325,29.772727272728325,0.26326890079337373,3.5727272727273993,3,0,16805,50.0
3400,200.0,196.524064171123,3.475935828876999,32.299465240642746,32.299465240642746,0.29380744245580237,3.8759358288771293,3,0,16854,50.0
3410,200.0,200.53475935828874,-0.5347593582887384,30.213903743316564,30.213903743316564,0.2677572258770664,3.6256684491979874,3,0,16904,50.0
3420,200.0,204.54545454545453,-4.5454545454545325,27.526737967915487,27.526737967915487,0.23556326130508695,3.3032085561498583,3,0,16955,50.0
3430,200.0,196.524064171123,3.475935828876999,32.058823529412805,32.058823529412805,0.2913031278463968,3.8470588235295367,3,0,17004,50.0
3440,200.0,200.53475935828874,-0.5347593582887384,29.973262032086623,29.973262032086623,0.26534666829083464,3.5967914438503947,3,0,17054,50.0
3450,200.0,200.53475935828874,-0.5347593582887384,29.893048128343313,29.893048128343313,0.2645242109020202,3.5871657754011976,3,0,17104,50.0
3460,200.0,196.524064171123,3.475935828876999,32.41978609625773,32.41978609625773,0.2950156833082234,3.8903743315509276,3,0,17153,50.0
3470,200.0,204.54545454545453,-4.5454545454545325,27.727272727273785,27.727272727273785,0.23763782270337036,3.327272727272854,3,0,17204,50.0
3480,200.0,196.524064171123,3.475935828876999,32.2593582887711,32.2593582887711,0.2933003066223299,3.8711229946525316,3,0,17253,50.0
3490,200.0,204.54545454545453,-4.5454545454545325,27.566844919787155,27.566844919787155,0.23598772363317672,3.308021390374458,3,0,17304,50.0
3500,200.0,196.524064171123,3.475935828876999,32.09893048128447,32.09893048128447,0.29171153587208626,3.8518716577541365,3,0,17353,50.0
3510,200.0,200.53475935828874,-0.5347593582887384,30.01336898395829,30.01336898395829,0.2657399932994191,3.6016042780749946,3,0,17403,50.0
3520,200.0,200.53475935828874,-0.5347593582887384,29.93315508021498,29.93315508021498,0.26490336541603454,3.5919786096257975,3,0,17453,50.0
3530,200.0,200.53475935828874,-0.5347593582887384,29.85294117647167,29.85294117647167,0.26409810218269636,3.5823529411766004,3,0,17503,50.0
3540,200.0,196.524064171123,3.475935828876999,32.37967914438609,32.37967914438609,0.2946057284979694,3.8855614973263304,3,0,17552,50.0
3550,200.0,204.54545454545453,-4.5454545454545325,27.687165775402143,27.687165775402143,0.23724304449068762,3.3224598930482574,3,0,17603,50.0
3560,200.0,196.524064171123,3.475935828876999,32.21925133689946,32.21925133689946,0.29291978682306535,3.8663101604279353,3,0,17652,50.0
3570,200.0,200.53475935828874,-0.5347593582887384,30.13368983957328,30.13368983957328,0.2669040220732116,3.616042780748794,3,0,17702,50.0
3580,200.0,200.53475935828874,-0.5347593582887384,30.05347593582997,30.05347593582997,0.2660258474543602,3.6064171122995967,3,0,17752,50.0
3590,200.0,200.53475935828874,-0.5347593582887384,29.97326203208666,29.97326203208666,0.2651815510630508,3.5967914438503987,3,0,17802,50.0
3600,200.0,200.53475935828874,-0.5347593582887384,29.89304812834335,29.89304812834335,0.2643690832665173,3.5871657754012016,3,0,17852,50.0
3610,200.0,200.53475935828874,-0.5347593582887384,29.81283422460004,29.81283422460004,0.2635865184347757,3.5775401069520045,3,0,17902,50.0
3620,200.0,200.53475935828874,-0.5347593582887384,29.73262032085673,29.73262032085673,0.2628320474384561,3.5679144385028074,3,0,17952,50.0
3630,200.0,200.53475935828874,-0.5347593582887384,29.65240641711342,29.65240641711342,0.2621039706005154,3.5582887700536103,3,0,18002,50.0
3640,200.0,196.524064171123,3.475935828876999,32.17914438502784,32.17914438502784,0.2926841135342645,3.8614973262033407,3,0,18051,50.0
3650,200.0,200.53475935828874,-0.5347593582887384,30.093582887701658,30.093582887701658,0.266672981349934,3.6112299465241993,3,0,18101,50.0
3660,200.0,200.53475935828874,-0.5347593582887384,30.013368983958348,30.013368983958348,0.2657991590263917,3.601604278075002,3,0,18151,50.0
3670,200.0,200.53475935828874,-0.5347593582887384,29.933155080215037,29.933155080215037,0.2649589516165252,3.591978609625804,3,0,18201,50.0
3680,200.0,196.524064171123,3.475935828876999,32.45989304812946,32.45989304812946,0.29543374787795007,3.8951871657755346,3,0,18250,50.0
3690,200.0,204.54545454545453,-4.5454545454545325,27.76737967914551,27.76737967914551,0.23804022003507783,3.332085561497461,3,0,18301,50.0
3700,200.0,200.53475935828874,-0.5347593582887384,29.692513368985097,29.692513368985097,0.2624045621240256,3.5631016042782115,3,0,18351,50.0
3710,200.0,196.524064171123,3.475935828876999,32.21925133689952,32.21925133689952,0.2929761449390515,3.8663101604279424,3,0,18400,50.0
3720,200.0,200.53475935828874,-0.5347593582887384,30.133689839573336,30.133689839573336,0.26695697052318057,3.6160427807488,3,0,18450,50.0
3730,200.0,200.53475935828874,-0.5347593582887384,30.053475935830026,30.053475935830026,0.26607559252310603,3.606417112299603,3,0,18500,50.0
3740,200.0,200.53475935828874,-0.5347593582887384,29.973262032086716,29.973262032086716,0.2652282865551376,3.596791443850406,3,0,18550,50.0
3750,200.0,200.53475935828874,-0.5347593582887384,29.893048128343406,29.893048128343406,0.2644129912613329,3.5871657754012087,3,0,18600,50.0
3760,200.0,200.53475935828874,-0.5347593582887384,29.812834224600095,29.812834224600095,0.2636277699959049,3.577540106952011,3,0,18650,50.0
3770,200.0,200.53475935828874,-0.5347593582887384,29.732620320856785,29.732620320856785,0.262870803280137,3.567914438502814,3,0,18700,50.0
3780,200.0,196.524064171123,3.475935828876999,32.2593582887712,32.2593582887712,0.2934238041736673,3.871122994652544,3,0,18749,50.0
3790,200.0,200.53475935828874,-0.5347593582887384,30.173796791445024,30.173796791445024,0.2673871720425514,3.6208556149734026,3,0,18799,50.0
3800,200.0,200.53475935828874,-0.5347593582887384,30.093582887701714,30.093582887701714,0.26648939251900416,3.6112299465242055,3,0,18849,50.0
3810,200.0,200.53475935828874,-0.5347593582887384,30.013368983958404,30.013368983958404,0.2656266773197331,3.6016042780750084,3,0,18899,50.0
3820,200.0,200.53475935828874,-0.5347593582887384,29.933155080215094,29.933155080215094,0.26479690505311954,3.5919786096258113,3,0,18949,50.0
3830,200.0,200.53475935828874,-0.5347593582887384,29.852941176471784,29.852941176471784,0.26399808267173774,3.582352941176614,3,0,18999,50.0
3840,200.0,200.53475935828874,-0.5347593582887384,29.772727272728474,29.772727272728474,0.26322833770753107,3.5727272727274166,3,0,19049,50.0
3850,200.0,200.53475935828874,-0.5347593582887384,29.692513368985164,29.692513368985164,0.26248591097676055,3.5631016042782195,3,0,19099,50.0
3860,200.0,196.524064171123,3.475935828876999,32.21925133689958,32.21925133689958,0.29305257218619596,3.8663101604279495,3,0,19148,50.0
3870,200.0,200.53475935828874,-0.5347593582887384,30.133689839573403,30.133689839573403,0.2670287739218729,3.616042780748808,3,0,19198,50.0
3880,200.0,200.53475935828874,-0.5347593582887384,30.053475935830093,30.053475935830093,0.2661430518161775,3.606417112299611,3,0,19248,50.0
3890,200.0,200.53475935828874,-0.5347593582887384,29.973262032086783,29.973262032086783,0.26529166456097825,3.596791443850414,3,0,19298,50.0
3900,200.0,200.53475935828874,-0.5347593582887384,29.893048128343473,29.893048128343473,0.2644725348978202,3.5871657754012167,3,0,19348,50.0
3910,200.0,200.53475935828874,-0.5347593582887384,29.812834224600163,29.812834224600163,0.26368371124238477,3.5775401069520196,3,0,19398,50.0
3920,200.0,196.524064171123,3.475935828876999,32.33957219251458,32.33957219251458,0.29420678254109756,3.88074866310175,3,0,19447,50.0
3930,200.0,204.54545454545453,-4.5454545454545325,27.647058823530635,27.647058823530635,0.23685860909575732,3.317647058823676,3,0,19498,50.0
3940,200.0,196.524064171123,3.475935828876999,32.17914438502795,32.17914438502795,0.29254898410107916,3.861497326203354,3,0,19547,50.0
3950,200.0,200.53475935828874,-0.5347593582887384,30.09358288770177,30.09358288770177,0.2665460272474564,3.6112299465242126,3,0,19597,50.0
3960,200.0,200.53475935828874,-0.5347593582887384,30.01336898395846,30.01336898395846,0.265679885647114,3.6016042780750155,3,0,19647,50.0
3970,200.0,200.53475935828874,-0.5347593582887384,29.93315508021515,29.93315508021515,0.26484689427669394,3.5919786096258184,3,0,19697,50.0
3980,200.0,200.53475935828874,-0.5347593582887384,29.85294117647184,29.85294117647184,0.26404504754728586,3.5823529411766213,3,0,19747,50.0
3990,200.0,200.53475935828874,-0.5347593582887384,29.77272727272853,29.77272727272853,0.26327246120810865,3.572727272727424,3,0,19797,50.0
4000,200.0,196.524064171123,3.475935828876999,32.299465240642945,32.299465240642945,0.2938107874654458,3.8759358288771533,3,0,19846,50.0
4010,200.0,200.53475935828874,-0.5347593582887384,30.21390374331677,30.21390374331677,0.2677603685136266,3.6256684491980127,3,0,19896,50.0
4020,200.0,204.54545454545453,-4.5454545454545325,27.526737967915693,27.526737967915693,0.23556621381213527,3.303208556149883,3,0,19947,50.0
4030,200.0,196.524064171123,3.475935828876999,32.058823529413004,32.058823529413004,0.2913059017267686,3.8470588235295606,3,0,19996,50.0
4040,200.0,200.53475935828874,-0.5347593582887384,29.97326203208683,29.97326203208683,0.2653492743514441,3.596791443850419,3,0,20046,50.0
4050,200.0,200.53475935828874,-0.5347593582887384,29.89304812834352,29.89304812834352,0.26452665929596286,3.587165775401222,3,0,20096,50.0
4060,200.0,196.524064171123,3.475935828876999,32.41978609625794,32.41978609625794,0.2950179835743326,3.8903743315509525,3,0,20145,50.0
4070,200.0,204.54545454545453,-4.5454545454545325,27.72727272727399,27.72727272727399,0.23763998380338003,3.327272727272879,3,0,20196,50.0
4080,200.0,196.524064171123,3.475935828876999,32.25935828877131,32.25935828877131,0.2933023369757891,3.8711229946525574,3,0,20245,50.0
4090,200.0,204.54545454545453,-4.5454545454545325,27.56684491978736,27.56684491978736,0.23598963115025157,3.308021390374483,3,0,20296,50.0
4100,200.0,196.524064171123,3.475935828876999,32.098930481284675,32.098930481284675,0.29171332798437816,3.8518716577541614,3,0,20345,50.0
4110,200.0,200.53475935828874,-0.5347593582887384,30.013368983958497,30.013368983958497,0.2657416769889175,3.60160427807502,3,0,20395,50.0
4120,200.0,200.53475935828874,-0.5347593582887384,29.933155080215187,29.933155080215187,0.2649049472423182,3.591978609625822,3,0,20445,50.0
4130,200.0,200.53475935828874,-0.5347593582887384,29.852941176471877,29.852941176471877,0.2640995883084899,3.582352941176625,3,0,20495,50.0
4140,200.0,196.524064171123,3.475935828876999,32.379679144386294,32.379679144386294,0.29460712471315254,3.8855614973263553,3,0,20544,50.0
4150,200.0,204.54545454545453,-4.5454545454545325,27.68716577540235,27.68716577540235,0.23724435623485216,3.322459893048282,3,0,20595,50.0
4160,200.0,196.524064171123,3.475935828876999,32.21925133689966,32.21925133689966,0.2929210192067079,3.8663101604279593,3,0,20644,50.0
4170,200.0,200.53475935828874,-0.5347593582887384,30.133689839573485,30.133689839573485,0.26690517989764395,3.6160427807488182,3,0,20694,50.0
4180,200.0,200.53475935828874,-0.5347593582887384,30.053475935830175,30.053475935830175,0.2660269352304144,3.606417112299621,3,0,20744,50.0
4190,200.0,200.53475935828874,-0.5347593582887384,29.973262032086865,29.973262032086865,0.26518257302865383,3.596791443850424,3,0,20794,50.0
4200,200.0,200.53475935828874,-0.5347593582887384,29.893048128343555,29.893048128343555,0.26437004340320136,3.5871657754012265,3,0,20844,50.0
4210,200.0,200.53475935828874,-0.5347593582887384,29.812834224600245,29.812834224600245,0.26358742048319045,3.5775401069520294,3,0,20894,50.0
4220,200.0,200.53475935828874,-0.5347593582887384,29.732620320856935,29.732620320856935,0.2628328949129418,3.5679144385028323,3,0,20944,50.0
4230,200.0,196.524064171123,3.475935828876999,32.25935828877135,32.25935828877135,0.2933881892626874,3.871122994652562,3,0,20993,50.0
4240,200.0,204.54545454545453,-4.5454545454545325,27.566844919787407,27.566844919787407,0.2360702893737927,3.3080213903744893,3,0,21044,50.0
4250,200.0,196.524064171123,3.475935828876999,32.098930481284725,32.098930481284725,0.291789106385395,3.851871657754167,3,0,21093,50.0
4260,200.0,200.53475935828874,-0.5347593582887384,30.013368983958543,30.013368983958543,0.26581287079667276,3.6016042780750253,3,0,21143,50.0
4270,200.0,200.53475935828874,-0.5347593582887384,29.933155080215233,29.933155080215233,0.26497183382470435,3.591978609625828,3,0,21193,50.0
4280,200.0,200.53475935828874,-0.5347593582887384,29.852941176471923,29.852941176471923,0.26416242825264175,3.582352941176631,3,0,21243,50.0
4290,200.0,196.524064171123,3.475935828876999,32.379679144386344,32.379679144386344,0.29466616284068314,3.885561497326361,3,0,21292,50.0
4300,200.0,200.53475935828874,-0.5347593582887384,30.294117647060162,30.294117647060162,0.2685832450155604,3.635294117647219,3,0,21342,50.0
4310,200.0,204.54545454545453,-4.5454545454545325,27.606951871659085,27.606951871659085,0.23635855762260052,3.31283422459909,3,0,21393,50.0
4320,200.0,196.524064171123,3.475935828876999,32.1390374331564,32.1390374331564,0.2920695600735992,3.8566844919787684,3,0,21442,50.0
4330,200.0,200.53475935828874,-0.5347593582887384,30.05347593583022,30.05347593583022,0.26608598270518974,3.6064171122996265,3,0,21492,50.0
4340,200.0,200.53475935828874,-0.5347593582887384,29.97326203208691,29.97326203208691,0.26523804813120533,3.5967914438504294,3,0,21542,50.0
4350,200.0,200.53475935828874,-0.5347593582887384,29.8930481283436,29.8930481283436,0.26442216226204857,3.5871657754012323,3,0,21592,50.0
4360,200.0,200.53475935828874,-0.5347593582887384,29.81283422460029,29.81283422460029,0.2636363861510774,3.577540106952035,3,0,21642,50.0
4370,200.0,200.53475935828874,-0.5347593582887384,29.73262032085698,29.73262032085698,0.2628788981579215,3.5679144385028376,3,0,21692,50.0
4380,200.0,196.524064171123,3.475935828876999,32.259358288771395,32.259358288771395,0.29343140931134587,3.871122994652567,3,0,21741,50.0
4390,200.0,200.53475935828874,-0.5347593582887384,30.17379679144522,30.17379679144522,0.26739431706940053,3.620855614973426,3,0,21791,50.0
4400,200.0,200.53475935828874,-0.5347593582887384,30.09358288770191,30.09358288770191,0.2664961052717289,3.611229946524229,3,0,21841,50.0
4410,200.0,200.53475935828874,-0.5347593582887384,30.0133689839586,30.0133689839586,0.26563298395091806,3.601604278075032,3,0,21891,50.0
4420,200.0,200.53475935828874,-0.5347593582887384,29.93315508021529,29.93315508021529,0.2648028301331179,3.591978609625835,3,0,21941,50.0
4430,200.0,200.53475935828874,-0.5347593582887384,29.85294117647198,29.85294117647198,0.2640036492843962,3.5823529411766377,3,0,21991,50.0
4440,200.0,200.53475935828874,-0.5347593582887384,29.77272727272867,29.77272727272867,0.2632335675401238,3.5727272727274406,3,0,22041,50.0
4450,200.0,196.524064171123,3.475935828876999,32.29946524064309,32.29946524064309,0.29377424686437414,3.8759358288771706,3,0,22090,50.0
4460,200.0,204.54545454545453,-4.5454545454545325,27.60695187165914,27.60695187165914,0.23644261615902656,3.312834224599097,3,0,22141,50.0
4470,200.0,196.524064171123,3.475935828876999,32.13903743315646,32.13903743315646,0.2921485330685714,3.856684491978775,3,0,22190,50.0
4480,200.0,200.53475935828874,-0.5347593582887384,30.053475935830278,30.053475935830278,0.2661601778339662,3.606417112299633,3,0,22240,50.0
4490,200.0,200.53475935828874,-0.5347593582887384,29.973262032086968,29.973262032086968,0.2653077544546908,3.596791443850436,3,0,22290,50.0
4500,200.0,200.53475935828874,-0.5347593582887384,29.893048128343658,29.893048128343658,0.26448765135296315,3.587165775401239,3,0,22340,50.0
4510,200.0,200.53475935828874,-0.5347593582887384,29.812834224600348,29.812834224600348,0.26369791315199165,3.577540106952042,3,0,22390,50.0
4520,200.0,196.524064171123,3.475935828876999,32.339572192514765,32.339572192514765,0.2942201252351732,3.880748663101772,3,0,22439,50.0
4530,200.0,204.54545454545453,-4.5454545454545325,27.64705882353082,27.64705882353082,0.23687114455684144,3.317647058823698,3,0,22490,50.0
4540,200.0,196.524064171123,3.475935828876999,32.17914438502814,32.17914438502814,0.2925607611667677,3.8614973262033763,3,0,22539,50.0
4550,200.0,200.53475935828874,-0.5347593582887384,30.093582887701956,30.093582887701956,0.2665570918006709,3.611229946524235,3,0,22589,50.0
4560,200.0,200.53475935828874,-0.5347593582887384,30.013368983958646,30.013368983958646,0.265690280794859,3.6016042780750372,3,0,22639,50.0
4570,200.0,200.53475935828874,-0.5347593582887384,29.933155080215336,29.933155080215336,0.2648566605180004,3.59197860962584,3,0,22689,50.0
4580,200.0,200.53475935828874,-0.5347593582887384,29.852941176472026,29.852941176472026,0.26405422293099334,3.582352941176643,3,0,22739,50.0
4590,200.0,200.53475935828874,-0.5347593582887384,29.772727272728716,29.772727272728716,0.26328108148110185,3.572727272727446,3,0,22789,50.0
4600,200.0,196.524064171123,3.475935828876999,32.29946524064313,32.29946524064313,0.29381888621192304,3.875935828877176,3,0,22838,50.0
4610,200.0,200.53475935828874,-0.5347593582887384,30.213903743316955,30.213903743316955,0.2677679772859419,3.6256684491980344,3,0,22888,50.0
4620,200.0,200.53475935828874,-0.5347593582887384,30.133689839573645,30.133689839573645,0.2668567847136188,3.6160427807488373,3,0,22938,50.0
4630,200.0,204.54545454545453,-4.5454545454545325,27.446524064172568,27.446524064172568,0.23469804549512965,3.2935828877007083,3,0,22989,50.0
4640,200.0,196.524064171123,3.475935828876999,31.978609625669883,31.978609625669883,0.2904710062560435,3.837433155080386,3,0,23038,50.0
4650,200.0,200.53475935828874,-0.5347593582887384,29.893048128343704,29.893048128343704,0.2645456387197994,3.5871657754012443,3,0,23088,50.0
4660,200.0,196.524064171123,3.475935828876999,32.41978609625812,32.41978609625812,0.2950358147430271,3.8903743315509747,3,0,23137,50.0
4670,200.0,204.54545454545453,-4.5454545454545325,27.727272727274176,27.727272727274176,0.23765673618636857,3.3272727272729012,3,0,23188,50.0
4680,200.0,196.524064171123,3.475935828876999,32.259358288771494,32.259358288771494,0.2933180758396069,3.8711229946525796,3,0,23237,50.0
4690,200.0,204.54545454545453,-4.5454545454545325,27.566844919787545,27.566844919787545,0.2360044178128085,3.3080213903745057,3,0,23288,50.0
4700,200.0,196.524064171123,3.475935828876999,32.09893048128486,32.09893048128486,0.2917272200538503,3.851871657754183,3,0,23337,50.0
4710,200.0,200.53475935828874,-0.5347593582887384,30.01336898395868,30.01336898395868,0.2657547285881866,3.601604278075042,3,0,23387,50.0
4720,200.0,200.53475935828874,-0.5347593582887384,29.93315508021537,29.93315508021537,0.2649172092198317,3.591978609625845,3,0,23437,50.0
4730,200.0,200.53475935828874,-0.5347593582887384,29.85294117647206,29.85294117647206,0.26411110843636376,3.582352941176647,3,0,23487,50.0
4740,200.0,196.524064171123,3.475935828876999,32.37967914438648,32.37967914438648,0.2946179478732901,3.8855614973263775,3,0,23536,50.0
4750,200.0,204.54545454545453,-4.5454545454545325,27.687165775402534,27.687165775402534,0.2372545245938015,3.322459893048304,3,0,23587,50.0
4760,200.0,196.524064171123,3.475935828876999,32.219251336899845,32.219251336899845,0.29293057237994086,3.8663101604279815,3,0,23636,50.0
4770,200.0,200.53475935828874,-0.5347593582887384,30.13368983957367,30.13368983957367,0.26691415510389627,3.61604278074884,3,0,23686,50.0
4780,200.0,200.53475935828874,-0.5347593582887384,30.05347593583036,30.05347593583036,0.26603536743668854,3.606417112299643,3,0,23736,50.0
4790,200.0,200.53475935828874,-0.5347593582887384,29.97326203208705,29.97326203208705,0.26519049508644843,3.596791443850446,3,0,23786,50.0
4800,200.0,200.53475935828874,-0.5347593582887384,29.89304812834374,29.89304812834374,0.2643774861764995,3.5871657754012487,3,0,23836,50.0
4810,200.0,200.53475935828874,-0.5347593582887384,29.81283422460043,29.81283422460043,0.26359441296870406,3.5775401069520516,3,0,23886,50.0
4820,200.0,200.53475935828874,-0.5347593582887384,29.73262032085712,29.73262032085712,0.2628394643530818,3.567914438502854,3,0,23936,50.0
4830,200.0,196.524064171123,3.475935828876999,32.25935828877154,32.25935828877154,0.29339436125169915,3.871122994652585,3,0,23985,50.0
4840,200.0,204.54545454545453,-4.5454545454545325,27.56684491978759,27.56684491978759,0.23607608795746918,3.308021390374511,3,0,24036,50.0
4850,200.0,196.524064171123,3.475935828876999,32.09893048128491,32.09893048128491,0.2917945541547591,3.851871657754189,3,0,24085,50.0
4860,200.0,200.53475935828874,-0.5347593582887384,30.013368983958728,30.013368983958728,0.26581798897599035,3.6016042780750475,3,0,24135,50.0
4870,200.0,200.53475935828874,-0.5347593582887384,29.933155080215418,29.933155080215418,0.2649766423541734,3.5919786096258504,3,0,24185,50.0
4880,200.0,196.524064171123,3.475935828876999,32.459893048129835,32.459893048129835,0.2954503683259705,3.89518716577558,3,0,24234,50.0
4890,200.0,204.54545454545453,-4.5454545454545325,27.76737967914589,27.76737967914589,0.23805583494599308,3.3320855614975065,3,0,24285,50.0
4900,200.0,196.524064171123,3.475935828876999,32.2994652406432,32.2994652406432,0.2937026547927233,3.875935828877184,3,0,24334,50.0
4910,200.0,204.54545454545453,-4.5454545454545325,27.60695187165926,27.60695187165926,0.2363753554077106,3.312834224599111,3,0,24385,50.0
4920,200.0,196.524064171123,3.475935828876999,32.139037433156574,32.139037433156574,0.29208534159271016,3.856684491978789,3,0,24434,50.0
4930,200.0,200.53475935828874,-0.5347593582887384,30.053475935830395,30.053475935830395,0.2661008094423946,3.6064171122996473,3,0,24484,50.0
4940,200.0,200.53475935828874,-0.5347593582887384,29.973262032087085,29.973262032087085,0.26525197785080934,3.5967914438504502,3,0,24534,50.0
4950,200.0,200.53475935828874,-0.5347593582887384,29.893048128343775,29.893048128343775,0.26443524923361655,3.587165775401253,3,0,24584,50.0
4960,200.0,200.53475935828874,-0.5347593582887384,29.812834224600465,29.812834224600465,0.26364868136086556,3.577540106952056,3,0,24634,50.0
4970,200.0,200.53475935828874,-0.5347593582887384,29.732620320857155,29.732620320857155,0.2628904495075176,3.567914438502859,3,0,24684,50.0
4980,200.0,196.524064171123,3.475935828876999,32.25935828877157,32.25935828877157,0.29344226180429145,3.8711229946525885,3,0,24733,50.0
4990,200.0,200.53475935828874,-0.5347593582887384,30.173796791445394,30.173796791445394,0.2674045129865229,3.6208556149734474,3,0,24783,50.0
5000,200.0,200.53475935828874,-0.5347593582887384,30.093582887702084,30.093582887702084,0.2665056843358654,3.6112299465242503,3,0,24833,50.0
5010,200.0,200.53475935828874,-0.5347593582887384,30.013368983958774,30.013368983958774,0.26564198348167434,3.601604278075053,3,0,24883,50.0
5020,200.0,200.53475935828874,-0.5347593582887384,29.933155080215464,29.933155080215464,0.2648112851922634,3.5919786096258557,3,0,24933,50.0
5030,200.0,200.53475935828874,-0.5347593582887384,29.852941176472154,29.852941176472154,0.26401159281246345,3.5823529411766586,3,0,24983,50.0
5040,200.0,200.53475935828874,-0.5347593582887384,29.772727272728844,29.772727272728844,0.26324103048474307,3.5727272727274615,3,0,25033,50.0
5050,200.0,196.524064171123,3.475935828876999,32.29946524064326,32.29946524064326,0.293781258300844,3.875935828877191,3,0,25082,50.0
5060,200.0,204.54545454545453,-4.5454545454545325,27.606951871659316,27.606951871659316,0.23644920340358996,3.3128342245991176,3,0,25133,50.0
5070,200.0,196.524064171123,3.475935828876999,32.13903743315663,32.13903743315663,0.2921547217848388,3.856684491978796,3,0,25182,50.0
5080,200.0,200.53475935828874,-0.5347593582887384,30.053475935830452,30.053475935830452,0.26616599213289954,3.6064171122996544,3,0,25232,50.0
5090,200.0,200.53475935828874,-0.5347593582887384,29.973262032087142,29.973262032087142,0.2653132169885387,3.5967914438504573,3,0,25282,50.0
5100,200.0,200.53475935828874,-0.5347593582887384,29.893048128343832,29.893048128343832,0.26449278340351323,3.5871657754012594,3,0,25332,50.0
5110,200.0,200.53475935828874,-0.5347593582887384,29.812834224600522,29.812834224600522,0.2637027347134835,3.5775401069520623,3,0,25382,50.0
5120,200.0,196.524064171123,3.475935828876999,32.339572192514936,32.339572192514936,0.29422465509219486,3.8807486631017927,3,0,25431,50.0
5130,200.0,204.54545454545453,-4.5454545454545325,27.647058823530994,27.647058823530994,0.23687540035751337,3.3176470588237192,3,0,25482,50.0
5140,200.0,196.524064171123,3.475935828876999,32.17914438502831,32.17914438502831,0.29256475949149896,3.8614973262033967,3,0,25531,50.0
5150,200.0,200.53475935828874,-0.5347593582887384,30.09358288770213,30.09358288770213,0.26656084822675596,3.6112299465242557,3,0,25581,50.0
5160,200.0,200.53475935828874,-0.5347593582887384,30.01336898395882,30.01336898395882,0.26569380995716607,3.6016042780750586,3,0,25631,50.0
5170,200.0,200.53475935828874,-0.5347593582887384,29.93315508021551,29.93315508021551,0.2648599761659879,3.5919786096258615,3,0,25681,50.0
5180,200.0,200.53475935828874,-0.5347593582887384,29.8529411764722,29.8529411764722,0.2640573379822776,3.582352941176664,3,0,25731,50.0
5190,200.0,200.53475935828874,-0.5347593582887384,29.77272727272889,29.77272727272889,0.2632840080717834,3.572727272727467,3,0,25781,50.0
5200,200.0,196.524064171123,3.475935828876999,32.29946524064331,32.29946524064331,0.2938216357438685,3.8759358288771972,3,0,25830,50.0
5210,200.0,200.53475935828874,-0.5347593582887384,30.21390374331713,30.21390374331713,0.2677705604712047,3.6256684491980553,3,0,25880,50.0
5220,200.0,200.53475935828874,-0.5347593582887384,30.13368983957382,30.13368983957382,0.2668592116161732,3.616042780748858,3,0,25930,50.0
5230,200.0,204.54545454545453,-4.5454545454545325,27.446524064172742,27.446524064172742,0.23470032557007947,3.2935828877007287,3,0,25981,50.0
5240,200.0,196.524064171123,3.475935828876999,31.978609625670057,31.978609625670057,0.290473148386459,3.837433155080407,3,0,26030,50.0
5250,200.0,200.53475935828874,-0.5347593582887384,29.893048128343878,29.893048128343878,0.26454765125132484,3.5871657754012656,3,0,26080,50.0
5260,200.0,196.524064171123,3.475935828876999,32.41978609625829,32.41978609625829,0.2950377055163952,3.890374331550995,3,0,26129,50.0
5270,200.0,204.54545454545453,-4.5454545454545325,27.72727272727435,27.72727272727435,0.23765851256794793,3.3272727272729217,3,0,26180,50.0
5280,200.0,196.524064171123,3.475935828876999,32.259358288771665,32.259358288771665,0.29331974475010075,3.8711229946526,3,0,26229,50.0
5290,200.0,204.54545454545453,-4.5454545454545325,27.56684491978772,27.56684491978772,0.23600598575421752,3.3080213903745266,3,0,26280,50.0
5300,200.0,196.524064171123,3.475935828876999,32.09893048128504,32.09893048128504,0.2917286931348042,3.8518716577542045,3,0,26329,50.0
5310,200.0,200.53475935828874,-0.5347593582887384,30.013368983958856,30.013368983958856,0.26575611254774273,3.6016042780750626,3,0,26379,50.0
5320,200.0,200.53475935828874,-0.5347593582887384,29.933155080215545,29.933155080215545,0.26491850944983475,3.5919786096258655,3,0,26429,50.0
5330,200.0,200.53475935828874,-0.5347593582887384,29.852941176472235,29.852941176472235,0.26411233000245177,3.5823529411766684,3,0,26479,50.0
5340,200.0,196.524064171123,3.475935828876999,32.37967914438666,32.37967914438666,0.29461909553462984,3.8855614973263988,3,0,26528,50.0
5350,200.0,204.54545454545453,-4.5454545454545325,27.687165775402708,27.687165775402708,0.23725560282163008,3.3224598930483245,3,0,26579,50.0
5360,200.0,196.524064171123,3.475935828876999,32.21925133690002,32.21925133690002,0.2929315853749859,3.866310160428003,3,0,26628,50.0
5370,200.0,200.53475935828874,-0.5347593582887384,30.133689839573844,30.133689839573844,0.26691510681274117,3.6160427807488613,3,0,26678,50.0
5380,200.0,200.53475935828874,-0.5347593582887384,30.053475935830534,30.053475935830534,0.26603626156714827,3.6064171122996638,3,0,26728,50.0
5390,200.0,200.53475935828874,-0.5347593582887384,29.973262032087224,29.973262032087224,0.2651913351220154,3.5967914438504667,3,0,26778,50.0
5400,200.0,200.53475935828874,-0.5347593582887384,29.893048128343914,29.893048128343914,0.2643782753899147,3.5871657754012696,3,0,26828,50.0
5410,200.0,200.53475935828874,-0.5347593582887384,29.812834224600604,29.812834224600604,0.2635951544347077,3.5775401069520725,3,0,26878,50.0
5420,200.0,200.53475935828874,-0.5347593582887384,29.732620320857293,29.732620320857293,0.2628401609603923,3.5679144385028754,3,0,26928,50.0
5430,200.0,196.524064171123,3.475935828876999,32.25935828877171,32.25935828877171,0.29339501571426724,3.8711229946526045,3,0,26977,50.0
5440,200.0,200.53475935828874,-0.5347593582887384,30.173796791445533,30.173796791445533,0.26736012528494524,3.620855614973464,3,0,27027,50.0
5450,200.0,204.54545454545453,-4.5454545454545325,27.486631016044456,27.486631016044456,0.23518055963034007,3.298395721925335,3,0,27078,50.0
5460,200.0,196.524064171123,3.475935828876999,32.01871657754177,32.01871657754177,0.29093395395452293,3.8422459893050123,3,0,27127,50.0
5470,200.0,200.53475935828874,-0.5347593582887384,29.93315508021559,29.93315508021559,0.26499020375097015,3.591978609625871,3,0,27177,50.0
5480,200.0,196.524064171123,3.475935828876999,32.45989304813001,32.45989304813001,0.29546310925826125,3.895187165775601,3,0,27226,50.0
5490,200.0,204.54545454545453,-4.5454545454545325,27.767379679146064,27.767379679146064,0.2380678050518803,3.3320855614975278,3,0,27277,50.0
5500,200.0,196.524064171123,3.475935828876999,32.29946524064338,32.29946524064338,0.2937139007072044,3.8759358288772052,3,0,27326,50.0
5510,200.0,204.54545454545453,-4.5454545454545325,27.606951871659433,27.606951871659433,0.23638592094436559,3.3128342245991322,3,0,27377,50.0
5520,200.0,196.524064171123,3.475935828876999,32.139037433156744,32.139037433156744,0.29209526791439744,3.8566844919788092,3,0,27426,50.0
5530,200.0,200.53475935828874,-0.5347593582887384,30.05347593583057,30.05347593583057,0.2661101352216199,3.6064171122996687,3,0,27476,50.0
5540,200.0,200.53475935828874,-0.5347593582887384,29.97326203208726,29.97326203208726,0.2652607394203915,3.5967914438504716,3,0,27526,50.0
5550,200.0,200.53475935828874,-0.5347593582887384,29.89304812834395,29.89304812834395,0.26444348072823903,3.5871657754012736,3,0,27576,50.0
5560,200.0,200.53475935828874,-0.5347593582887384,29.81283422460064,29.81283422460064,0.2636564148500634,3.5775401069520765,3,0,27626,50.0
5570,200.0,200.53475935828874,-0.5347593582887384,29.73262032085733,29.73262032085733,0.262897715120619,3.5679144385028794,3,0,27676,50.0
5580,200.0,196.524064171123,3.475935828876999,32.25935828877175,32.25935828877175,0.2934490878478003,3.87112299465261,3,0,27725,50.0
5590,200.0,200.53475935828874,-0.5347593582887384,30.173796791445568,30.173796791445568,0.2674109260543995,3.6208556149734683,3,0,27775,50.0
5600,200.0,200.53475935828874,-0.5347593582887384,30.093582887702258,30.093582887702258,0.26651170941313557,3.611229946524271,3,0,27825,50.0
5610,200.0,200.53475935828874,-0.5347593582887384,30.013368983958948,30.013368983958948,0.26564764404176966,3.601604278075074,3,0,27875,50.0
5620,200.0,200.53475935828874,-0.5347593582887384,29.933155080215638,29.933155080215638,0.26481660328847306,3.591978609625877,3,0,27925,50.0
5630,200.0,200.53475935828874,-0.5347593582887384,29.852941176472328,29.852941176472328,0.2640165891638524,3.582352941176679,3,0,27975,50.0
5640,200.0,200.53475935828874,-0.5347593582887384,29.772727272729018,29.772727272729018,0.263245724556873,3.572727272727482,3,0,28025,50.0
5650,200.0,196.524064171123,3.475935828876999,32.299465240643435,32.299465240643435,0.29378566838161013,3.8759358288772123,3,0,28074,50.0
5660,200.0,204.54545454545453,-4.5454545454545325,27.60695187165949,27.60695187165949,0.23645334667446982,3.312834224599139,3,0,28125,50.0
5670,200.0,196.524064171123,3.475935828876999,32.1390374331568,32.1390374331568,0.2921586143878304,3.8566844919788164,3,0,28174,50.0
5680,200.0,200.53475935828874,-0.5347593582887384,30.053475935830626,30.053475935830626,0.26616964923341013,3.606417112299675,3,0,28224,50.0
5690,200.0,200.53475935828874,-0.5347593582887384,29.973262032087316,29.973262032087316,0.2653166528344685,3.5967914438504778,3,0,28274,50.0
5700,200.0,200.53475935828874,-0.5347593582887384,29.893048128344006,29.893048128344006,0.2644960113807644,3.5871657754012807,3,0,28324,50.0
5710,200.0,200.53475935828874,-0.5347593582887384,29.812834224600696,29.812834224600696,0.263705767398111,3.5775401069520836,3,0,28374,50.0
5720,200.0,196.524064171123,3.475935828876999,32.339572192515114,32.339572192515114,0.29422750429940253,3.880748663101814,3,0,28423,50.0
5730,200.0,200.53475935828874,-0.5347593582887384,30.254010695188935,30.254010695188935,0.2681614996475781,3.6304812834226725,3,0,28473,50.0
5740,200.0,204.54545454545453,-4.5454545454545325,27.566844919787858,27.566844919787858,0.23595270218093206,3.308021390374543,3,0,28524,50.0
5750,200.0,196.524064171123,3.475935828876999,32.09893048128517,32.09893048128517,0.2916786332177025,3.8518716577542205,3,0,28573,50.0
5760,200.0,200.53475935828874,-0.5347593582887384,30.013368983958994,30.013368983958994,0.26570908125562587,3.6016042780750794,3,0,28623,50.0
5770,200.0,200.53475935828874,-0.5347593582887384,29.933155080215684,29.933155080215684,0.2648743235508909,3.5919786096258823,3,0,28673,50.0
5780,200.0,200.53475935828874,-0.5347593582887384,29.852941176472374,29.852941176472374,0.26407081735039406,3.5823529411766852,3,0,28723,50.0
5790,200.0,200.53475935828874,-0.5347593582887384,29.772727272729064,29.772727272729064,0.2632966719381289,3.572727272727488,3,0,28773,50.0
5800,200.0,196.524064171123,3.475935828876999,32.299465240643485,32.299465240643485,0.29383353344630014,3.8759358288772185,3,0,28822,50.0
5810,200.0,200.53475935828874,-0.5347593582887384,30.213903743317303,30.213903743317303,0.2677817383626392,3.6256684491980766,3,0,28872,50.0
5820,200.0,200.53475935828874,-0.5347593582887384,30.133689839573993,30.133689839573993,0.26686971324517594,3.616042780748879,3,0,28922,50.0
5830,200.0,204.54545454545453,-4.5454545454545325,27.446524064172916,27.446524064172916,0.2347101918505276,3.29358288770075,3,0,28973,50.0
5840,200.0,196.524064171123,3.475935828876999,31.97860962567023,31.97860962567023,0.29048241775693995,3.8374331550804275,3,0,29022,50.0
5850,200.0,200.53475935828874,-0.5347593582887384,29.893048128344052,29.893048128344052,0.2645563598248918,3.587165775401286,3,0,29072,50.0
5860,200.0,196.524064171123,3.475935828876999,32.41978609625847,32.41978609625847,0.29504588722126146,3.8903743315510164,3,0,29121,50.0
5870,200.0,204.54545454545453,-4.5454545454545325,27.727272727274524,27.727272727274524,0.2376661992796698,3.327272727272943,3,0,29172,50.0
5880,200.0,196.524064171123,3.475935828876999,32.259358288771836,32.259358288771836,0.2933269664157634,3.87112299465262,3,0,29221,50.0
5890,200.0,200.53475935828874,-0.5347593582887384,30.17379679144566,30.17379679144566,0.26729619296900087,3.6208556149734794,3,0,29271,50.0
5900,200.0,204.54545454545453,-4.5454545454545325,27.486631016044583,27.486631016044583,0.23512049521951034,3.29839572192535,3,0,29322,50.0
5910,200.0,196.524064171123,3.475935828876999,32.018716577541895,32.018716577541895,0.2908775234405484,3.8422459893050274,3,0,29371,50.0
5920,200.0,200.53475935828874,-0.5347593582887384,29.93315508021572,29.93315508021572,0.2649371872830911,3.591978609625886,3,0,29421,50.0
5930,200.0,200.53475935828874,-0.5347593582887384,29.85294117647241,29.85294117647241,0.2641298778267962,3.582352941176689,3,0,29471,50.0
5940,200.0,196.524064171123,3.475935828876999,32.37967914438683,32.37967914438683,0.29463558171560145,3.885561497326419,3,0,29520,50.0
5950,200.0,204.54545454545453,-4.5454545454545325,27.68716577540288,27.68716577540288,0.23727109158865306,3.3224598930483458,3,0,29571,50.0
5960,200.0,196.524064171123,3.475935828876999,32.2192513369002,32.2192513369002,0.2929461370716041,3.866310160428024,3,0,29620,50.0
5970,200.0,200.53475935828874,-0.5347593582887384,30.133689839574018,30.133689839574018,0.2669287781317139,3.616042780748882,3,0,29670,50.0
5980,200.0,200.53475935828874,-0.5347593582887384,30.053475935830708,30.053475935830708,0.26604910577132324,3.606417112299685,3,0,29720,50.0
5990,200.0,200.53475935828874,-0.5347593582887384,29.973262032087398,29.973262032087398,0.26520340225183786,3.596791443850488,3,0,29770,50.0
6000,200.0,200.53475935828874,-0.5347593582887384,29.893048128344088,29.893048128344088,0.2643896124583829,3.5871657754012904,3,0,29820,50.0
6010,200.0,200.53475935828874,-0.5347593582887384,29.812834224600778,29.812834224600778,0.2636058056105336,3.5775401069520933,3,0,29870,50.0
6020,200.0,200.53475935828874,-0.5347593582887384,29.732620320857468,29.732620320857468,0.2628501677400808,3.5679144385028962,3,0,29920,50.0
6030,200.0,196.524064171123,3.475935828876999,32.259358288771885,32.259358288771885,0.2934044170837847,3.8711229946526258,3,0,29969,50.0
6040,200.0,200.53475935828874,-0.5347593582887384,30.173796791445707,30.173796791445707,0.26736895787160686,3.6208556149734847,3,0,30019,50.0
6050,200.0,200.53475935828874,-0.5347593582887384,30.093582887702397,30.093582887702397,0.2664722803054019,3.6112299465242876,3,0,30069,50.0
6060,200.0,204.54545454545453,-4.5454545454545325,27.40641711230132,27.40641711230132,0.2343271779351607,3.288770053476158,3,0,30120,50.0
6070,200.0,196.524064171123,3.475935828876999,31.938502673798634,31.938502673798634,0.29011295051500363,3.8326203208558365,3,0,30169,50.0
6080,200.0,200.53475935828874,-0.5347593582887384,29.852941176472456,29.852941176472456,0.2641996196826434,3.582352941176695,3,0,30219,50.0
6090,200.0,196.524064171123,3.475935828876999,32.37967914438687,32.37967914438687,0.29470110418916984,3.8855614973264245,3,0,30268,50.0
6100,200.0,200.53475935828874,-0.5347593582887384,30.294117647060695,30.294117647060695,0.26861607241246377,3.635294117647283,3,0,30318,50.0
6110,200.0,204.54545454545453,-4.5454545454545325,27.606951871659618,27.606951871659618,0.23638939896199135,3.312834224599154,3,0,30369,50.0
6120,200.0,196.524064171123,3.475935828876999,32.13903743315693,32.13903743315693,0.2920985355119569,3.8566844919788315,3,0,30418,50.0
6130,200.0,200.53475935828874,-0.5347593582887384,30.053475935830754,30.053475935830754,0.26611320512952713,3.6064171122996904,3,0,30468,50.0
6140,200.0,200.53475935828874,-0.5347593582887384,29.973262032087444,29.973262032087444,0.2652636235988704,3.5967914438504933,3,0,30518,50.0
6150,200.0,200.53475935828874,-0.5347593582887384,29.893048128344134,29.893048128344134,0.26444619041392003,3.587165775401296,3,0,30568,50.0
6160,200.0,200.53475935828874,-0.5347593582887384,29.812834224600824,29.812834224600824,0.26365896059976074,3.577540106952099,3,0,30618,50.0
6170,200.0,196.524064171123,3.475935828876999,32.33957219251524,32.33957219251524,0.29418352931235237,3.880748663101829,3,0,30667,50.0
6180,200.0,204.54545454545453,-4.5454545454545325,27.647058823531296,27.647058823531296,0.2368367626873514,3.3176470588237557,3,0,30718,50.0
6190,200.0,196.524064171123,3.475935828876999,32.17914438502861,32.17914438502861,0.2925284594003819,3.861497326203433,3,0,30767,50.0
6200,200.0,200.53475935828874,-0.5347593582887384,30.093582887702432,30.093582887702432,0.26652674429115153,3.6112299465242916,3,0,30817,50.0
6210,200.0,200.53475935828874,-0.5347593582887384,30.013368983959122,30.013368983959122,0.26566176930966573,3.6016042780750945,3,0,30867,50.0
6220,200.0,200.53475935828874,-0.5347593582887384,29.933155080215812,29.933155080215812,0.26482987397766145,3.5919786096258974,3,0,30917,50.0
6230,200.0,200.53475935828874,-0.5347593582887384,29.852941176472502,29.852941176472502,0.264029056976345,3.5823529411767003,3,0,30967,50.0
6240,200.0,200.53475935828874,-0.5347593582887384,29.772727272729192,29.772727272729192,0.2632574380667098,3.5727272727275032,3,0,31017,50.0
6250,200.0,196.524064171123,3.475935828876999,32.29946524064361,32.29946524064361,0.2937966732241019,3.8759358288772336,3,0,31066,50.0
6260,200.0,204.54545454545453,-4.5454545454545325,27.606951871659664,27.606951871659664,0.2364636857239908,3.3128342245991593,3,0,31117,50.0
6270,200.0,196.524064171123,3.475935828876999,32.13903743315698,32.13903743315698,0.29216832792485553,3.8566844919788377,3,0,31166,50.0
6280,200.0,200.53475935828874,-0.5347593582887384,30.0534759358308,30.0534759358308,0.2661787751014452,3.6064171122996957,3,0,31216,50.0
6290,200.0,200.53475935828874,-0.5347593582887384,29.97326203208749,29.97326203208749,0.2653252265874875,3.5967914438504986,3,0,31266,50.0
6300,200.0,200.53475935828874,-0.5347593582887384,29.89304812834418,29.89304812834418,0.2645040664217258,3.5871657754013015,3,0,31316,50.0
6310,200.0,200.53475935828874,-0.5347593582887384,29.81283422460087,29.81283422460087,0.2637133351090942,3.5775401069521044,3,0,31366,50.0
6320,200.0,196.524064171123,3.475935828876999,32.33957219251529,32.33957219251529,0.2942346141638713,3.8807486631018353,3,0,31415,50.0
6330,200.0,200.53475935828874,-0.5347593582887384,30.25401069518911,30.25401069518911,0.26816817936524656,3.630481283422693,3,0,31465,50.0
6340,200.0,204.54545454545453,-4.5454545454545325,27.566844919788032,27.566844919788032,0.23595897777568164,3.308021390374564,3,0,31516,50.0
6350,200.0,196.524064171123,3.475935828876999,32.09893048128535,32.09893048128535,0.2916845291389698,3.851871657754242,3,0,31565,50.0
6360,200.0,200.53475935828874,-0.5347593582887384,30.013368983959168,30.013368983959168,0.26571462047365646,3.6016042780751,3,0,31615,50.0
6370,200.0,200.53475935828874,-0.5347593582887384,29.933155080215858,29.933155080215858,0.2648795276462307,3.5919786096259028,3,0,31665,50.0
6380,200.0,200.53475935828874,-0.5347593582887384,29.852941176472548,29.852941176472548,0.26407570659796586,3.5823529411767057,3,0,31715,50.0
6390,200.0,196.524064171123,3.475935828876999,32.37967914438697,32.37967914438697,0.29458468784611536,3.885561497326436,3,0,31764,50.0
6400,200.0,204.54545454545453,-4.5454545454545325,27.68716577540302,27.68716577540302,0.23722327679827093,3.3224598930483626,3,0,31815,50.0
6410,200.0,196.524064171123,3.475935828876999,32.219251336900335,32.219251336900335,0.29290121507604,3.86631016042804,3,0,31864,50.0
6420,200.0,200.53475935828874,-0.5347593582887384,30.133689839574156,30.133689839574156,0.2668865739168815,3.6160427807488986,3,0,31914,50.0
6430,200.0,204.54545454545453,-4.5454545454545325,27.44652406417308,27.44652406417308,0.23472603245159504,3.2935828877007696,3,0,31965,50.0
6440,200.0,196.524064171123,3.475935828876999,31.978609625670394,31.978609625670394,0.29049730000164287,3.8374331550804475,3,0,32014,50.0
6450,200.0,200.53475935828874,-0.5347593582887384,29.893048128344216,29.893048128344216,0.26457034169379023,3.5871657754013055,3,0,32064,50.0
6460,200.0,196.524064171123,3.475935828876999,32.41978609625863,32.41978609625863,0.29505902318709154,3.890374331551036,3,0,32113,50.0
6470,200.0,204.54545454545453,-4.5454545454545325,27.727272727274688,27.727272727274688,0.23767854051956724,3.3272727272729625,3,0,32164,50.0
6480,200.0,196.524064171123,3.475935828876999,32.259358288772006,32.259358288772006,0.2933385610106472,3.871122994652641,3,0,32213,50.0
6490,200.0,200.53475935828874,-0.5347593582887384,30.173796791445824,30.173796791445824,0.26730708609089404,3.6208556149734985,3,0,32263,50.0
6500,200.0,204.54545454545453,-4.5454545454545325,27.486631016044747,27.486631016044747,0.23513072930752915,3.29839572192537,3,0,32314,50.0
6510,200.0,196.524064171123,3.475935828876999,32.018716577542065,32.018716577542065,0.29088713836624214,3.842245989305048,3,0,32363,50.0
6520,200.0,200.53475935828874,-0.5347593582887384,29.933155080215883,29.933155080215883,0.2649462205057804,3.5919786096259063,3,0,32413,50.0
6530,200.0,200.53475935828874,-0.5347593582887384,29.852941176472573,29.852941176472573,0.26413836453951284,3.582352941176709,3,0,32463,50.0
6540,200.0,196.524064171123,3.475935828876999,32.37967914438699,32.37967914438699,0.2946435549821987,3.8855614973264387,3,0,32512,50.0
6550,200.0,204.54545454545453,-4.5454545454545325,27.687165775403045,27.687165775403045,0.23727858247262118,3.3224598930483653,3,0,32563,50.0
6560,200.0,196.524064171123,3.475935828876999,32.219251336900356,32.219251336900356,0.29295317475709204,3.8663101604280428,3,0,32612,50.0
6570,200.0,200.53475935828874,-0.5347593582887384,30.13368983957418,30.13368983957418,0.26693539003722994,3.6160427807489013,3,0,32662,50.0
6580,200.0,200.53475935828874,-0.5347593582887384,30.05347593583087,30.05347593583087,0.2660553176565556,3.606417112299704,3,0,32712,50.0
6590,200.0,200.53475935828874,-0.5347593582887384,29.97326203208756,29.97326203208756,0.2652092383180137,3.596791443850507,3,0,32762,50.0
6600,200.0,200.53475935828874,-0.5347593582887384,29.89304812834425,29.89304812834425,0.2643950954425552,3.58716577540131,3,0,32812,50.0
6610,200.0,200.53475935828874,-0.5347593582887384,29.81283422460094,29.81283422460094,0.26361095687416347,3.577540106952113,3,0,32862,50.0
6620,200.0,200.53475935828874,-0.5347593582887384,29.73262032085763,29.73262032085763,0.26285500735226114,3.567914438502916,3,0,32912,50.0
6630,200.0,196.524064171123,3.475935828876999,32.25935828877205,32.25935828877205,0.2934089638994282,3.871122994652646,3,0,32961,50.0
6640,200.0,200.53475935828874,-0.5347593582887384,30.17379679144587,30.17379679144587,0.26737322960490395,3.6208556149735047,3,0,33011,50.0
6650,200.0,200.53475935828874,-0.5347593582887384,30.09358288770256,30.09358288770256,0.26647629359883446,3.6112299465243067,3,0,33061,50.0
6660,200.0,200.53475935828874,-0.5347593582887384,30.01336898395925,30.01336898395925,0.2656143708842339,3.6016042780751096,3,0,33111,50.0
6670,200.0,200.53475935828874,-0.5347593582887384,29.93315508021594,29.93315508021594,0.2647853431569682,3.5919786096259125,3,0,33161,50.0
6680,200.0,200.53475935828874,-0.5347593582887384,29.85294117647263,29.85294117647263,0.2639872202703038,3.5823529411767154,3,0,33211,50.0
6690,200.0,200.53475935828874,-0.5347593582887384,29.77272727272932,29.77272727272932,0.26321813248138415,3.5727272727275183,3,0,33261,50.0
6700,200.0,200.53475935828874,-0.5347593582887384,29.69251336898601,29.69251336898601,0.2624763231667957,3.5631016042783212,3,0,33311,50.0
6710,200.0,196.524064171123,3.475935828876999,32.21925133690043,32.21925133690043,0.29304356443873425,3.8663101604280516,3,0,33360,50.0
6720,200.0,200.53475935828874,-0.5347593582887384,30.13368983957425,30.13368983957425,0.26702031114313274,3.61604278074891,3,0,33410,50.0
6730,200.0,200.53475935828874,-0.5347593582887384,30.05347593583094,30.05347593583094,0.26613510103555127,3.606417112299712,3,0,33460,50.0
6740,200.0,200.53475935828874,-0.5347593582887384,29.97326203208763,29.97326203208763,0.26528419480258014,3.596791443850515,3,0,33510,50.0
6750,200.0,200.53475935828874,-0.5347593582887384,29.89304812834432,29.89304812834432,0.2644655170598053,3.587165775401318,3,0,33560,50.0
6760,200.0,200.53475935828874,-0.5347593582887384,29.81283422460101,29.81283422460101,0.2636771179835701,3.577540106952121,3,0,33610,50.0
6770,200.0,200.53475935828874,-0.5347593582887384,29.7326203208577,29.7326203208577,0.2629171657145486,3.567914438502924,3,0,33660,50.0
6780,200.0,196.524064171123,3.475935828876999,32.25935828877212,32.25935828877212,0.29346736168079735,3.8711229946526546,3,0,33709,50.0
6790,200.0,200.53475935828874,-0.5347593582887384,30.173796791445938,30.173796791445938,0.2674280943205002,3.6208556149735127,3,0,33759,50.0
6800,200.0,200.53475935828874,-0.5347593582887384,30.093582887702627,30.093582887702627,0.2665278389991373,3.6112299465243156,3,0,33809,50.0
6810,200.0,200.53475935828874,-0.5347593582887384,30.013368983959317,30.013368983959317,0.2656627977878183,3.6016042780751176,3,0,33859,50.0
6820,200.0,200.53475935828874,-0.5347593582887384,29.933155080216007,29.933155080216007,0.26483084023288583,3.5919786096259205,3,0,33909,50.0
6830,200.0,200.53475935828874,-0.5347593582887384,29.852941176472697,29.852941176472697,0.26402996477312835,3.5823529411767234,3,0,33959,50.0
6840,200.0,200.53475935828874,-0.5347593582887384,29.772727272729387,29.772727272729387,0.2632582909417879,3.5727272727275263,3,0,34009,50.0
6850,200.0,196.524064171123,3.475935828876999,32.299465240643805,32.299465240643805,0.29379747450023774,3.8759358288772567,3,0,34058,50.0
6860,200.0,204.54545454545453,-4.5454545454545325,27.60695187165986,27.60695187165986,0.2364644385229205,3.312834224599183,3,0,34109,50.0
6870,200.0,196.524064171123,3.475935828876999,32.13903743315717,32.13903743315717,0.2921690351794499,3.8566844919788603,3,0,34158,50.0
6880,200.0,200.53475935828874,-0.5347593582887384,30.053475935830996,30.053475935830996,0.2661794395671369,3.6064171122997197,3,0,34208,50.0
6890,200.0,200.53475935828874,-0.5347593582887384,29.973262032087685,29.973262032087685,0.2653258508530048,3.596791443850522,3,0,34258,50.0
6900,200.0,200.53475935828874,-0.5347593582887384,29.893048128344375,29.893048128344375,0.26450465291917935,3.587165775401325,3,0,34308,50.0
6910,200.0,196.524064171123,3.475935828876999,32.41978609625879,32.41978609625879,0.2949973085833446,3.8903743315510546,3,0,34357,50.0
6920,200.0,204.54545454545453,-4.5454545454545325,27.727272727274848,27.727272727274848,0.2376205596493471,3.327272727272982,3,0,34408,50.0
6930,200.0,196.524064171123,3.475935828876999,32.25935828877216,32.25935828877216,0.2932840879830753,3.8711229946526595,3,0,34457,50.0
6940,200.0,204.54545454545453,-4.5454545454545325,27.566844919788217,27.566844919788217,0.23597248622159722,3.308021390374586,3,0,34508,50.0
6950,200.0,196.524064171123,3.475935828876999,32.098930481285535,32.098930481285535,0.2916972203239076,3.8518716577542644,3,0,34557,50.0
6960,200.0,200.53475935828874,-0.5347593582887384,30.013368983959353,30.013368983959353,0.2657265438419055,3.6016042780751225,3,0,34607,50.0
6970,200.0,200.53475935828874,-0.5347593582887384,29.933155080216043,29.933155080216043,0.2648907296507008,3.5919786096259254,3,0,34657,50.0
6980,200.0,200.53475935828874,-0.5347593582887384,29.852941176472733,29.852941176472733,0.26408623088116545,3.582352941176728,3,0,34707,50.0
6990,200.0,196.524064171123,3.475935828876999,32.379679144387154,32.379679144387154,0.29459457541018147,3.8855614973264583,3,0,34756,50.0
7000,200.0,204.54545454545453,-4.5454545454545325,27.687165775403205,27.687165775403205,0.23723256616471106,3.322459893048385,3,0,34807,50.0
7010,200.0,196.524064171123,3.475935828876999,32.21925133690052,32.21925133690052,0.2929099424358106,3.8663101604280623,3,0,34856,50.0
7020,200.0,200.53475935828874,-0.5347593582887384,30.13368983957434,30.13368983957434,0.266894773271386,3.616042780748921,3,0,34906,50.0
7030,200.0,204.54545454545453,-4.5454545454545325,27.446524064173264,27.446524064173264,0.23473373574515208,3.2935828877007918,3,0,34957,50.0
7040,200.0,196.524064171123,3.475935828876999,31.97860962567058,31.97860962567058,0.2905045372459397,3.8374331550804692,3,0,35006,50.0
7050,200.0,200.53475935828874,-0.5347593582887384,29.8930481283444,29.8930481283444,0.2645771410848072,3.587165775401328,3,0,35056,50.0
7060,200.0,196.524064171123,3.475935828876999,32.41978609625882,32.41978609625882,0.295065411214952,3.890374331551058,3,0,35105,50.0
7070,200.0,204.54545454545453,-4.5454545454545325,27.727272727274872,27.727272727274872,0.23768454207174222,3.3272727272729847,3,0,35156,50.0
7080,200.0,196.524064171123,3.475935828876999,32.25935828877219,32.25935828877219,0.29334419946891555,3.8711229946526626,3,0,35205,50.0
7090,200.0,200.53475935828874,-0.5347593582887384,30.17379679144601,30.17379679144601,0.2673123834224373,3.6208556149735207,3,0,35255,50.0
7100,200.0,204.54545454545453,-4.5454545454545325,27.48663101604493,27.48663101604493,0.235135706150514,3.2983957219253917,3,0,35306,50.0
7110,200.0,196.524064171123,3.475935828876999,32.01871657754225,32.01871657754225,0.29089181411022647,3.84224598930507,3,0,35355,50.0
7120,200.0,200.53475935828874,-0.5347593582887384,29.933155080216068,29.933155080216068,0.2649506133672538,3.591978609625928,3,0,35405,50.0
7130,200.0,200.53475935828874,-0.5347593582887384,29.852941176472758,29.852941176472758,0.26414249163286707,3.582352941176731,3,0,35455,50.0
7140,200.0,196.524064171123,3.475935828876999,32.379679144387175,32.379679144387175,0.29464743238640506,3.885561497326461,3,0,35504,50.0
7150,200.0,204.54545454545453,-4.5454545454545325,27.68716577540323,27.68716577540323,0.2372822252938731,3.3224598930483875,3,0,35555,50.0
7160,200.0,196.524064171123,3.475935828876999,32.21925133690054,32.21925133690054,0.2929565971876583,3.866310160428065,3,0,35604,50.0
7170,200.0,200.53475935828874,-0.5347593582887384,30.133689839574366,30.133689839574366,0.2669386054107471,3.6160427807489244,3,0,35654,50.0
7180,200.0,200.53475935828874,-0.5347593582887384,30.053475935831056,30.053475935831056,0.26605833849997496,3.6064171122997264,3,0,35704,50.0
7190,200.0,200.53475935828874,-0.5347593582887384,29.973262032087746,29.973262032087746,0.26521207640040617,3.5967914438505293,3,0,35754,50.0
7200,200.0,200.53475935828874,-0.5347593582887384,29.893048128344436,29.893048128344436,0.2643977618209629,3.587165775401332,3,0,35804,50.0
7210,200.0,200.53475935828874,-0.5347593582887384,29.812834224601126,29.812834224601126,0.2636134619366776,3.577540106952135,3,0,35854,50.0
7220,200.0,200.53475935828874,-0.5347593582887384,29.732620320857816,29.732620320857816,0.2628573608584932,3.567914438502938,3,0,35904,50.0
7230,200.0,196.524064171123,3.475935828876999,32.25935828877223,32.25935828877223,0.2934111750185332,3.871122994652668,3,0,35953,50.0
7240,200.0,200.53475935828874,-0.5347593582887384,30.173796791446055,30.173796791446055,0.26737530695130324,3.620855614973527,3,0,36003,50.0
7250,200.0,200.53475935828874,-0.5347593582887384,30.093582887702745,30.093582887702745,0.2664782452657767,3.61122994652433,3,0,36053,50.0
7260,200.0,200.53475935828874,-0.5347593582887384,30.013368983959435,30.013368983959435,0.2656162044753261,3.601604278075132,3,0,36103,50.0
7270,200.0,200.53475935828874,-0.5347593582887384,29.933155080216125,29.933155080216125,0.2647870658157994,3.5919786096259347,3,0,36153,50.0
7280,200.0,200.53475935828874,-0.5347593582887384,29.852941176472815,29.852941176472815,0.2639888387082757,3.5823529411767376,3,0,36203,50.0
7290,200.0,200.53475935828874,-0.5347593582887384,29.772727272729504,29.772727272729504,0.26321965300385874,3.5727272727275405,3,0,36253,50.0
7300,200.0,200.53475935828874,-0.5347593582887384,29.692513368986194,29.692513368986194,0.26247775169766074,3.5631016042783434,3,0,36303,50.0
7310,200.0,196.524064171123,3.475935828876999,32.21925133690061,32.21925133690061,0.2930449065434819,3.8663101604280734,3,0,36352,50.0
7320,200.0,200.53475935828874,-0.5347593582887384,30.133689839574433,30.133689839574433,0.2670215720505433,3.6160427807489324,3,0,36402,50.0
7330,200.0,200.53475935828874,-0.5347593582887384,30.053475935831123,30.053475935831123,0.2661362856580636,3.6064171122997353,3,0,36452,50.0
7340,200.0,200.53475935828874,-0.5347593582887384,29.973262032087813,29.973262032087813,0.2652853077554304,3.5967914438505373,3,0,36502,50.0
7350,200.0,200.53475935828874,-0.5347593582887384,29.893048128344503,29.893048128344503,0.26446656267900825,3.58716577540134,3,0,36552,50.0
7360,200.0,200.53475935828874,-0.5347593582887384,29.812834224601193,29.812834224601193,0.2636781003428112,3.577540106952143,3,0,36602,50.0
7370,200.0,196.524064171123,3.475935828876999,32.33957219251561,32.33957219251561,0.2942015111009484,3.880748663101873,3,0,36651,50.0
7380,200.0,204.54545454545453,-4.5454545454545325,27.647058823531665,27.647058823531665,0.2368536565777375,3.3176470588238,3,0,36702,50.0
7390,200.0,196.524064171123,3.475935828876999,32.17914438502898,32.17914438502898,0.2925443312103997,3.8614973262034775,3,0,36751,50.0
7400,200.0,200.53475935828874,-0.5347593582887384,30.0935828877028,30.0935828877028,0.26654165585666334,3.611229946524336,3,0,36801,50.0
7410,200.0,200.53475935828874,-0.5347593582887384,30.01336898395949,30.01336898395949,0.26567577872546416,3.601604278075139,3,0,36851,50.0
7420,200.0,200.53475935828874,-0.5347593582887384,29.93315508021618,29.93315508021618,0.26484303582380414,3.591978609625942,3,0,36901,50.0
7430,200.0,200.53475935828874,-0.5347593582887384,29.85294117647287,29.85294117647287,0.26404142253079615,3.5823529411767443,3,0,36951,50.0
7440,200.0,200.53475935828874,-0.5347593582887384,29.77272727272956,29.77272727272956,0.26326905550511676,3.572727272727547,3,0,37001,50.0
7450,200.0,196.524064171123,3.475935828876999,32.29946524064398,32.29946524064398,0.29380758780748534,3.875935828877278,3,0,37050,50.0
7460,200.0,204.54545454545453,-4.5454545454545325,27.606951871660034,27.606951871660034,0.23647393997507965,3.312834224599204,3,0,37101,50.0
7470,200.0,196.524064171123,3.475935828876999,32.13903743315735,32.13903743315735,0.2921779617937535,3.8566844919788816,3,0,37150,50.0
7480,200.0,200.53475935828874,-0.5347593582887384,30.05347593583117,30.05347593583117,0.26618782612127506,3.6064171122997406,3,0,37200,50.0
7490,200.0,200.53475935828874,-0.5347593582887384,29.97326203208786,29.97326203208786,0.26533373002061766,3.5967914438505435,3,0,37250,50.0
7500,200.0,200.53475935828874,-0.5347593582887384,29.89304812834455,29.89304812834455,0.2645120553971517,3.5871657754013464,3,0,37300,50.0
7510,200.0,196.524064171123,3.475935828876999,32.41978609625897,32.41978609625897,0.29500426321139966,3.890374331551076,3,0,37349,50.0
7520,200.0,204.54545454545453,-4.5454545454545325,27.72727272727502,27.72727272727502,0.2376270935224048,3.3272727272730025,3,0,37400,50.0
7530,200.0,196.524064171123,3.475935828876999,32.25935828877233,32.25935828877233,0.293290226556813,3.87112299465268,3,0,37449,50.0
7540,200.0,204.54545454545453,-4.5454545454545325,27.56684491978839,27.56684491978839,0.23597825341162393,3.308021390374607,3,0,37500,50.0
7550,200.0,196.524064171123,3.475935828876999,32.098930481285706,32.098930481285706,0.29170263859893764,3.8518716577542844,3,0,37549,50.0
7560,200.0,200.53475935828874,-0.5347593582887384,30.013368983959527,30.013368983959527,0.26573163431129637,3.6016042780751434,3,0,37599,50.0
7570,200.0,200.53475935828874,-0.5347593582887384,29.933155080216217,29.933155080216217,0.2648955121466935,3.5919786096259463,3,0,37649,50.0
7580,200.0,200.53475935828874,-0.5347593582887384,29.852941176472907,29.852941176472907,0.2640907240361507,3.582352941176749,3,0,37699,50.0
7590,200.0,196.524064171123,3.475935828876999,32.379679144387325,32.379679144387325,0.29459879672929007,3.8855614973264787,3,0,37748,50.0
7600,200.0,204.54545454545453,-4.5454545454545325,27.68716577540338,27.68716577540338,0.2372365320940136,3.3224598930484053,3,0,37799,50.0
7610,200.0,196.524064171123,3.475935828876999,32.2192513369007,32.2192513369007,0.2929136684263905,3.8663101604280836,3,0,37848,50.0
7620,200.0,200.53475935828874,-0.5347593582887384,30.133689839574515,30.133689839574515,0.2668982738395359,3.616042780748942,3,0,37898,50.0
7630,200.0,200.53475935828874,-0.5347593582887384,30.053475935831205,30.053475935831205,0.266020446988822,3.606417112299744,3,0,37948,50.0
7640,200.0,200.53475935828874,-0.5347593582887384,29.973262032087895,29.973262032087895,0.26517647732567806,3.596791443850547,3,0,37998,50.0
7650,200.0,200.53475935828874,-0.5347593582887384,29.893048128344585,29.893048128344585,0.26436431649025594,3.58716577540135,3,0,38048,50.0
7660,200.0,200.53475935828874,-0.5347593582887384,29.812834224601275,29.812834224601275,0.2635820400484784,3.577540106952153,3,0,38098,50.0
7670,200.0,200.53475935828874,-0.5347593582887384,29.732620320857965,29.732620320857965,0.2628278399945301,3.5679144385029558,3,0,38148,50.0
7680,200.0,200.53475935828874,-0.5347593582887384,29.652406417114655,29.652406417114655,0.26210001770694724,3.5582887700537587,3,0,38198,50.0
7690,200.0,196.524064171123,3.475935828876999,32.179144385029076,32.179144385029076,0.2926803997907575,3.861497326203489,3,0,38247,50.0
7700,200.0,200.53475935828874,-0.5347593582887384,30.093582887702894,30.093582887702894,0.2666694922879095,3.6112299465243476,3,0,38297,50.0
7710,200.0,200.53475935828874,-0.5347593582887384,30.013368983959584,30.013368983959584,0.26579588105261986,3.6016042780751496,3,0,38347,50.0
7720,200.0,200.53475935828874,-0.5347593582887384,29.933155080216274,29.933155080216274,0.26495587196016696,3.5919786096259525,3,0,38397,50.0
7730,200.0,200.53475935828874,-0.5347593582887384,29.852941176472964,29.852941176472964,0.2641474320809091,3.5823529411767554,3,0,38447,50.0
7740,200.0,196.524064171123,3.475935828876999,32.37967914438738,32.37967914438738,0.2946520739373406,3.885561497326486,3,0,38496,50.0
7750,200.0,200.53475935828874,-0.5347593582887384,30.294117647061203,30.294117647061203,0.2685700084908703,3.6352941176473443,3,0,38546,50.0
7760,200.0,204.54545454545453,-4.5454545454545325,27.606951871660126,27.606951871660126,0.23634612190765442,3.312834224599215,3,0,38597,50.0
7770,200.0,196.524064171123,3.475935828876999,32.13903743315744,32.13903743315744,0.2920578767194075,3.8566844919788927,3,0,38646,50.0
7780,200.0,200.53475935828874,-0.5347593582887384,30.053475935831262,30.053475935831262,0.2660750061939271,3.6064171122997517,3,0,38696,50.0
7790,200.0,200.53475935828874,-0.5347593582887384,29.973262032087952,29.973262032087952,0.26522773569887426,3.596791443850554,3,0,38746,50.0
7800,200.0,200.53475935828874,-0.5347593582887384,29.893048128344642,29.893048128344642,0.2644124737318737,3.587165775401357,3,0,38796,50.0
7810,200.0,200.53475935828874,-0.5347593582887384,29.812834224601332,29.812834224601332,0.26362728377697836,3.57754010695216,3,0,38846,50.0
7820,200.0,200.53475935828874,-0.5347593582887384,29.73262032085802,29.73262032085802,0.26287034647745583,3.567914438502963,3,0,38896,50.0
7830,200.0,196.524064171123,3.475935828876999,32.25935828877244,32.25935828877244,0.2934233750075486,3.8711229946526924,3,0,38945,50.0
7840,200.0,200.53475935828874,-0.5347593582887384,30.17379679144626,30.17379679144626,0.26738676884098317,3.6208556149735514,3,0,38995,50.0
7850,200.0,200.53475935828874,-0.5347593582887384,30.09358288770295,30.09358288770295,0.2664890137111311,3.6112299465243543,3,0,39045,50.0
7860,200.0,200.53475935828874,-0.5347593582887384,30.01336898395964,30.01336898395964,0.26562632142973663,3.601604278075157,3,0,39095,50.0
7870,200.0,200.53475935828874,-0.5347593582887384,29.93315508021633,29.93315508021633,0.26479657069446816,3.5919786096259596,3,0,39145,50.0
7880,200.0,200.53475935828874,-0.5347593582887384,29.85294117647302,29.85294117647302,0.263997768541785,3.5823529411767625,3,0,39195,50.0
7890,200.0,200.53475935828874,-0.5347593582887384,29.77272727272971,29.77272727272971,0.26322804258244087,3.5727272727275654,3,0,39245,50.0
7900,200.0,200.53475935828874,-0.5347593582887384,29.6925133689864,29.6925133689864,0.2624856337067386,3.5631016042783683,3,0,39295,50.0
7910,200.0,196.524064171123,3.475935828876999,32.21925133690082,32.21925133690082,0.29305231169101065,3.866310160428098,3,0,39344,50.0
7920,200.0,200.53475935828874,-0.5347593582887384,30.13368983957464,30.13368983957464,0.2670285291866466,3.616042780748957,3,0,39394,50.0
7930,200.0,200.53475935828874,-0.5347593582887384,30.05347593583133,30.05347593583133,0.26614282188743266,3.6064171122997597,3,0,39444,50.0
7940,200.0,200.53475935828874,-0.5347593582887384,29.97326203208802,29.97326203208802,0.2652914485429228,3.5967914438505626,3,0,39494,50.0
7950,200.0,200.53475935828874,-0.5347593582887384,29.89304812834471,29.89304812834471,0.26447233194885733,3.587165775401365,3,0,39544,50.0
7960,200.0,200.53475935828874,-0.5347593582887384,29.8128342246014,29.8128342246014,0.26368352057183453,3.577540106952168,3,0,39594,50.0
7970,200.0,196.524064171123,3.475935828876999,32.33957219251582,32.33957219251582,0.2942066034061159,3.8807486631018984,3,0,39643,50.0
7980,200.0,204.54545454545453,-4.5454545454545325,27.64705882353187,27.64705882353187,0.23685844079844234,3.317647058823825,3,0,39694,50.0
7990,200.0,196.524064171123,3.475935828876999,32.17914438502919,32.17914438502919,0.292548825985752,3.861497326203503,3,0,39743,50.0
8000,200.0,200.53475935828874,-0.5347593582887384,30.093582887703008,30.093582887703008,0.2665458786981068,3.611229946524361,3,0,39793,50.0
