test_id,timestamp_ms,target_rpm,measured_rpm,pwm_command,pwm_output,current,fault_flags,system_state,driver_enable,encoder_count,event_time_ms,detection_time_ms,recovery_result
TEST1_ESTOP,0,150.0,0.0,97.5,97.5,1.17,0,3,1,0,0,0.01,PASS (Latched in FAULT; output=0)
TEST1_ESTOP,10,150.0,44.12,62.65,62.65,0.709,0,3,1,22,0,0.01,PASS (Latched in FAULT; output=0)
TEST1_ESTOP,20,150.0,80.21,30.2,30.2,0.292,0,3,1,60,0,0.01,PASS (Latched in FAULT; output=0)
TEST1_ESTOP,30,150.0,137.7,16.8,16.8,0.121,0,3,1,103,0,0.01,PASS (Latched in FAULT; output=0)
TEST1_ESTOP,40,150.0,167.11,10.83,10.83,0.046,0,3,1,147,0,0.01,PASS (Latched in FAULT; output=0)
TEST1_ESTOP,50,150.0,176.47,4.25,4.25,-0.034,0,3,1,192,0,0.01,PASS (Latched in FAULT; output=0)
TEST1_ESTOP,60,150.0,176.47,4.89,4.89,-0.023,0,3,1,235,0,0.01,PASS (Latched in FAULT; output=0)
TEST1_ESTOP,70,150.0,173.8,4.13,4.13,-0.029,0,3,1,277,0,0.01,PASS (Latched in FAULT; output=0)
TEST1_ESTOP,80,150.0,167.11,6.58,6.58,0.003,0,3,1,317,0,0.01,PASS (Latched in FAULT; output=0)
TEST1_ESTOP,90,150.0,163.1,5.01,5.01,-0.015,0,3,1,357,0,0.01,PASS (Latched in FAULT; output=0)
TEST1_ESTOP,100,150.0,157.75,8.66,8.66,0.031,0,3,1,395,0,0.01,PASS (Latched in FAULT; output=0)
TEST1_ESTOP,110,150.0,156.42,5.7,5.7,-0.004,0,3,1,434,0,0.01,PASS (Latched in FAULT; output=0)
TEST1_ESTOP,120,150.0,152.41,9.95,9.95,0.048,0,3,1,471,0,0.01,PASS (Latched in FAULT; output=0)
TEST1_ESTOP,130,150.0,152.41,7.58,7.58,0.02,0,3,1,509,0,0.01,PASS (Latched in FAULT; output=0)
TEST1_ESTOP,140,150.0,149.73,9.83,9.83,0.047,0,3,1,546,0,0.01,PASS (Latched in FAULT; output=0)
TEST1_ESTOP,150,150.0,151.07,7.46,7.46,0.018,0,3,1,584,0,0.01,PASS (Latched in FAULT; output=0)
TEST1_ESTOP,160,150.0,149.73,9.71,9.71,0.046,0,3,1,621,0,0.01,PASS (Latched in FAULT; output=0)
TEST1_ESTOP,170,150.0,151.07,7.34,7.34,0.017,0,3,1,659,0,0.01,PASS (Latched in FAULT; output=0)
TEST1_ESTOP,180,150.0,149.73,9.59,9.59,0.045,0,3,1,696,0,0.01,PASS (Latched in FAULT; output=0)
TEST1_ESTOP,190,150.0,151.07,7.22,7.22,0.016,0,3,1,734,0,0.01,PASS (Latched in FAULT; output=0)
TEST1_ESTOP,200,150.0,149.73,9.47,9.47,0.044,0,3,1,771,0,0.01,PASS (Latched in FAULT; output=0)
TEST1_ESTOP,210,150.0,149.73,9.71,9.71,0.046,0,3,1,808,0,0.01,PASS (Latched in FAULT; output=0)
TEST1_ESTOP,220,150.0,148.4,9.95,9.95,0.049,0,3,1,845,0,0.01,PASS (Latched in FAULT; output=0)
TEST1_ESTOP,230,150.0,149.73,7.58,7.58,0.02,0,3,1,883,0,0.01,PASS (Latched in FAULT; output=0)
TEST1_ESTOP,240,150.0,149.73,9.83,9.83,0.047,0,3,1,920,0,0.01,PASS (Latched in FAULT; output=0)
TEST1_ESTOP,250,150.0,151.07,7.46,7.46,0.018,0,3,1,958,0,0.01,PASS (Latched in FAULT; output=0)
TEST1_ESTOP,260,150.0,149.73,9.71,9.71,0.046,0,3,1,995,0,0.01,PASS (Latched in FAULT; output=0)
TEST1_ESTOP,270,150.0,151.07,7.34,7.34,0.017,0,3,1,1033,0,0.01,PASS (Latched in FAULT; output=0)
TEST1_ESTOP,280,150.0,149.73,9.59,9.59,0.045,0,3,1,1070,0,0.01,PASS (Latched in FAULT; output=0)
TEST1_ESTOP,290,150.0,149.73,9.83,9.83,0.047,0,3,1,1107,0,0.01,PASS (Latched in FAULT; output=0)
TEST1_ESTOP,300,150.0,149.73,7.46,7.46,0.018,0,3,1,1145,0,0.01,PASS (Latched in FAULT; output=0)
TEST1_ESTOP,310,150.0,149.73,9.71,9.71,0.046,0,3,1,1182,0,0.01,PASS (Latched in FAULT; output=0)
TEST1_ESTOP,320,150.0,151.07,7.34,7.34,0.017,0,3,1,1220,0,0.01,PASS (Latched in FAULT; output=0)
TEST1_ESTOP,330,150.0,149.73,9.59,9.59,0.045,0,3,1,1257,0,0.01,PASS (Latched in FAULT; output=0)
TEST1_ESTOP,340,150.0,149.73,9.83,9.83,0.047,0,3,1,1294,0,0.01,PASS (Latched in FAULT; output=0)
TEST1_ESTOP,350,150.0,149.73,7.46,7.46,0.018,0,3,1,1332,0,0.01,PASS (Latched in FAULT; output=0)
TEST1_ESTOP,360,150.0,149.73,9.71,9.71,0.046,0,3,1,1369,0,0.01,PASS (Latched in FAULT; output=0)
TEST1_ESTOP,370,150.0,151.07,7.34,7.34,0.017,0,3,1,1407,0,0.01,PASS (Latched in FAULT; output=0)
TEST1_ESTOP,380,150.0,149.73,9.59,9.59,0.045,0,3,1,1444,0,0.01,PASS (Latched in FAULT; output=0)
TEST1_ESTOP,390,150.0,149.73,9.83,9.83,0.047,0,3,1,1481,0,0.01,PASS (Latched in FAULT; output=0)
TEST1_ESTOP,400,150.0,149.73,7.46,7.46,0.018,0,3,1,1519,0,0.01,PASS (Latched in FAULT; output=0)
TEST1_ESTOP,410,150.0,149.73,9.71,9.71,0.046,0,3,1,1556,0,0.01,PASS (Latched in FAULT; output=0)
TEST1_ESTOP,420,150.0,151.07,7.34,7.34,0.017,0,3,1,1594,0,0.01,PASS (Latched in FAULT; output=0)
TEST1_ESTOP,430,150.0,149.73,9.59,9.59,0.045,0,3,1,1631,0,0.01,PASS (Latched in FAULT; output=0)
TEST1_ESTOP,440,150.0,149.73,9.83,9.83,0.047,0,3,1,1668,0,0.01,PASS (Latched in FAULT; output=0)
TEST1_ESTOP,450,150.0,149.73,7.46,7.46,0.018,0,3,1,1706,0,0.01,PASS (Latched in FAULT; output=0)
TEST1_ESTOP,460,150.0,149.73,9.71,9.71,0.046,0,3,1,1743,0,0.01,PASS (Latched in FAULT; output=0)
TEST1_ESTOP,470,150.0,149.73,9.95,9.95,0.049,0,3,1,1780,0,0.01,PASS (Latched in FAULT; output=0)
TEST1_ESTOP,480,150.0,149.73,7.58,7.58,0.02,0,3,1,1818,0,0.01,PASS (Latched in FAULT; output=0)
TEST1_ESTOP,490,150.0,151.07,7.22,7.22,0.016,0,3,1,1856,0,0.01,PASS (Latched in FAULT; output=0)
TEST1_ESTOP,500,150.0,151.07,9.47,9.47,0.044,0,3,1,1893,0,0.01,PASS (Latched in FAULT; output=0)
TEST1_ESTOP,510,150.0,149.73,9.71,9.71,0.046,0,3,1,1930,0,0.01,PASS (Latched in FAULT; output=0)
TEST1_ESTOP,520,150.0,148.4,9.95,9.95,0.049,0,3,1,1967,0,0.01,PASS (Latched in FAULT; output=0)
TEST1_ESTOP,530,150.0,149.73,7.58,7.58,0.02,0,3,1,2005,0,0.01,PASS (Latched in FAULT; output=0)
TEST1_ESTOP,540,150.0,151.07,7.22,7.22,0.016,0,3,1,2043,0,0.01,PASS (Latched in FAULT; output=0)
TEST1_ESTOP,550,150.0,151.07,9.47,9.47,0.044,0,3,1,2080,0,0.01,PASS (Latched in FAULT; output=0)
TEST1_ESTOP,560,150.0,149.73,9.71,9.71,0.046,0,3,1,2117,0,0.01,PASS (Latched in FAULT; output=0)
TEST1_ESTOP,570,150.0,148.4,9.95,9.95,0.049,0,3,1,2154,0,0.01,PASS (Latched in FAULT; output=0)
TEST1_ESTOP,580,150.0,149.73,7.58,7.58,0.02,0,3,1,2192,0,0.01,PASS (Latched in FAULT; output=0)
TEST1_ESTOP,590,150.0,149.73,9.83,9.83,0.047,0,3,1,2229,0,0.01,PASS (Latched in FAULT; output=0)
TEST1_ESTOP,600,150.0,151.07,7.46,7.46,0.018,0,3,1,2267,0,0.01,PASS (Latched in FAULT; output=0)
TEST1_ESTOP,610,150.0,149.73,9.71,9.71,0.046,0,3,1,2304,0,0.01,PASS (Latched in FAULT; output=0)
TEST1_ESTOP,620,150.0,151.07,7.34,7.34,0.017,0,3,1,2342,0,0.01,PASS (Latched in FAULT; output=0)
TEST1_ESTOP,630,150.0,149.73,9.59,9.59,0.045,0,3,1,2379,0,0.01,PASS (Latched in FAULT; output=0)
TEST1_ESTOP,640,150.0,149.73,9.83,9.83,0.047,0,3,1,2416,0,0.01,PASS (Latched in FAULT; output=0)
TEST1_ESTOP,650,150.0,149.73,7.46,7.46,0.018,0,3,1,2454,0,0.01,PASS (Latched in FAULT; output=0)
TEST1_ESTOP,660,150.0,149.73,9.71,9.71,0.046,0,3,1,2491,0,0.01,PASS (Latched in FAULT; output=0)
TEST1_ESTOP,670,150.0,151.07,7.34,7.34,0.017,0,3,1,2529,0,0.01,PASS (Latched in FAULT; output=0)
TEST1_ESTOP,680,150.0,149.73,9.59,9.59,0.045,0,3,1,2566,0,0.01,PASS (Latched in FAULT; output=0)
TEST1_ESTOP,690,150.0,149.73,9.83,9.83,0.047,0,3,1,2603,0,0.01,PASS (Latched in FAULT; output=0)
TEST1_ESTOP,700,150.0,149.73,7.46,7.46,0.018,0,3,1,2641,0,0.01,PASS (Latched in FAULT; output=0)
TEST1_ESTOP,710,150.0,149.73,9.71,9.71,0.046,0,3,1,2678,0,0.01,PASS (Latched in FAULT; output=0)
TEST1_ESTOP,720,150.0,151.07,7.34,7.34,0.017,0,3,1,2716,0,0.01,PASS (Latched in FAULT; output=0)
TEST1_ESTOP,730,150.0,149.73,9.59,9.59,0.045,0,3,1,2753,0,0.01,PASS (Latched in FAULT; output=0)
TEST1_ESTOP,740,150.0,149.73,9.83,9.83,0.047,0,3,1,2790,0,0.01,PASS (Latched in FAULT; output=0)
TEST1_ESTOP,750,150.0,149.73,7.46,7.46,0.018,0,3,1,2828,0,0.01,PASS (Latched in FAULT; output=0)
TEST1_ESTOP,760,150.0,149.73,9.71,9.71,0.046,0,3,1,2865,0,0.01,PASS (Latched in FAULT; output=0)
TEST1_ESTOP,770,150.0,151.07,7.34,7.34,0.017,0,3,1,2903,0,0.01,PASS (Latched in FAULT; output=0)
TEST1_ESTOP,780,150.0,149.73,9.59,9.59,0.045,0,3,1,2940,0,0.01,PASS (Latched in FAULT; output=0)
TEST1_ESTOP,790,150.0,149.73,9.83,9.83,0.047,0,3,1,2977,0,0.01,PASS (Latched in FAULT; output=0)
TEST1_ESTOP,800,150.0,149.73,7.46,7.46,0.018,0,3,1,3015,0,0.01,PASS (Latched in FAULT; output=0)
TEST1_ESTOP,810,150.0,149.73,9.71,9.71,0.046,0,3,1,3052,0,0.01,PASS (Latched in FAULT; output=0)
TEST1_ESTOP,820,150.0,151.07,7.34,7.34,0.017,0,3,1,3090,0,0.01,PASS (Latched in FAULT; output=0)
TEST1_ESTOP,830,150.0,149.73,9.59,9.59,0.045,0,3,1,3127,0,0.01,PASS (Latched in FAULT; output=0)
TEST1_ESTOP,840,150.0,149.73,9.83,9.83,0.047,0,3,1,3164,0,0.01,PASS (Latched in FAULT; output=0)
TEST1_ESTOP,850,150.0,149.73,7.46,7.46,0.018,0,3,1,3202,0,0.01,PASS (Latched in FAULT; output=0)
TEST1_ESTOP,860,150.0,149.73,9.71,9.71,0.046,0,3,1,3239,0,0.01,PASS (Latched in FAULT; output=0)
TEST1_ESTOP,870,150.0,149.73,9.95,9.95,0.049,0,3,1,3276,0,0.01,PASS (Latched in FAULT; output=0)
TEST1_ESTOP,880,150.0,149.73,7.58,7.58,0.02,0,3,1,3314,0,0.01,PASS (Latched in FAULT; output=0)
TEST1_ESTOP,890,150.0,149.73,9.83,9.83,0.047,0,3,1,3351,0,0.01,PASS (Latched in FAULT; output=0)
TEST1_ESTOP,900,150.0,151.07,7.46,7.46,0.018,0,3,1,3389,0,0.01,PASS (Latched in FAULT; output=0)
TEST1_ESTOP,910,150.0,151.07,7.1,7.1,0.015,0,3,1,3427,0,0.01,PASS (Latched in FAULT; output=0)
TEST1_ESTOP,920,150.0,149.73,11.95,11.95,0.074,0,3,1,3463,0,0.01,PASS (Latched in FAULT; output=0)
TEST1_ESTOP,930,150.0,149.73,7.58,7.58,0.02,0,3,1,3501,0,0.01,PASS (Latched in FAULT; output=0)
TEST1_ESTOP,940,150.0,149.73,7.22,7.22,0.016,0,3,1,3539,0,0.01,PASS (Latched in FAULT; output=0)
TEST1_ESTOP,950,150.0,151.07,9.47,9.47,0.044,0,3,1,3576,0,0.01,PASS (Latched in FAULT; output=0)
TEST1_ESTOP,960,150.0,149.73,9.71,9.71,0.046,0,3,1,3613,0,0.01,PASS (Latched in FAULT; output=0)
TEST1_ESTOP,970,150.0,148.4,9.95,9.95,0.049,0,3,1,3650,0,0.01,PASS (Latched in FAULT; output=0)
TEST1_ESTOP,980,150.0,149.73,7.58,7.58,0.02,0,3,1,3688,0,0.01,PASS (Latched in FAULT; output=0)
TEST1_ESTOP,990,150.0,149.73,9.83,9.83,0.047,0,3,1,3725,0,0.01,PASS (Latched in FAULT; output=0)
TEST1_ESTOP,1000,150.0,151.07,7.46,7.46,0.018,0,3,1,3763,0,0.01,PASS (Latched in FAULT; output=0)
TEST1_ESTOP,1010,150.0,149.73,9.71,9.71,0.046,0,3,1,3800,0,0.01,PASS (Latched in FAULT; output=0)
TEST1_ESTOP,1020,150.0,151.07,7.34,7.34,0.017,0,3,1,3838,0,0.01,PASS (Latched in FAULT; output=0)
TEST1_ESTOP,1030,150.0,149.73,9.59,9.59,0.045,0,3,1,3875,0,0.01,PASS (Latched in FAULT; output=0)
TEST1_ESTOP,1040,150.0,149.73,9.83,9.83,0.047,0,3,1,3912,0,0.01,PASS (Latched in FAULT; output=0)
TEST1_ESTOP,1050,150.0,149.73,7.46,7.46,0.018,0,3,1,3950,0,0.01,PASS (Latched in FAULT; output=0)
TEST1_ESTOP,1060,150.0,149.73,9.71,9.71,0.046,0,3,1,3987,0,0.01,PASS (Latched in FAULT; output=0)
TEST1_ESTOP,1070,150.0,151.07,7.34,7.34,0.017,0,3,1,4025,0,0.01,PASS (Latched in FAULT; output=0)
TEST1_ESTOP,1080,150.0,149.73,9.59,9.59,0.045,0,3,1,4062,0,0.01,PASS (Latched in FAULT; output=0)
TEST1_ESTOP,1090,150.0,149.73,9.83,9.83,0.047,0,3,1,4099,0,0.01,PASS (Latched in FAULT; output=0)
TEST1_ESTOP,1100,150.0,149.73,7.46,7.46,0.018,0,3,1,4137,0,0.01,PASS (Latched in FAULT; output=0)
TEST1_ESTOP,1110,150.0,149.73,9.71,9.71,0.046,0,3,1,4174,0,0.01,PASS (Latched in FAULT; output=0)
TEST1_ESTOP,1120,150.0,151.07,7.34,7.34,0.017,0,3,1,4212,0,0.01,PASS (Latched in FAULT; output=0)
TEST1_ESTOP,1130,150.0,149.73,9.59,9.59,0.045,0,3,1,4249,0,0.01,PASS (Latched in FAULT; output=0)
TEST1_ESTOP,1140,150.0,149.73,9.83,9.83,0.047,0,3,1,4286,0,0.01,PASS (Latched in FAULT; output=0)
TEST1_ESTOP,1150,150.0,149.73,7.46,7.46,0.018,0,3,1,4324,0,0.01,PASS (Latched in FAULT; output=0)
TEST1_ESTOP,1160,150.0,149.73,9.71,9.71,0.046,0,3,1,4361,0,0.01,PASS (Latched in FAULT; output=0)
TEST1_ESTOP,1170,150.0,151.07,7.34,7.34,0.017,0,3,1,4399,0,0.01,PASS (Latched in FAULT; output=0)
TEST1_ESTOP,1180,150.0,149.73,9.59,9.59,0.045,0,3,1,4436,0,0.01,PASS (Latched in FAULT; output=0)
TEST1_ESTOP,1190,150.0,149.73,9.83,9.83,0.047,0,3,1,4473,0,0.01,PASS (Latched in FAULT; output=0)
TEST1_ESTOP,1200,150.0,149.73,7.46,7.46,0.018,0,3,1,4511,0,0.01,PASS (Latched in FAULT; output=0)
TEST1_ESTOP,1210,150.0,149.73,9.71,9.71,0.046,0,3,1,4548,0,0.01,PASS (Latched in FAULT; output=0)
TEST1_ESTOP,1220,150.0,149.73,9.95,9.95,0.049,0,3,1,4585,0,0.01,PASS (Latched in FAULT; output=0)
TEST1_ESTOP,1230,150.0,149.73,7.58,7.58,0.02,0,3,1,4623,0,0.01,PASS (Latched in FAULT; output=0)
TEST1_ESTOP,1240,150.0,151.07,7.22,7.22,0.016,0,3,1,4661,0,0.01,PASS (Latched in FAULT; output=0)
TEST1_ESTOP,1250,150.0,151.07,9.47,9.47,0.044,0,3,1,4698,0,0.01,PASS (Latched in FAULT; output=0)
TEST1_ESTOP,1260,150.0,149.73,9.71,9.71,0.046,0,3,1,4735,0,0.01,PASS (Latched in FAULT; output=0)
TEST1_ESTOP,1270,150.0,148.4,9.95,9.95,0.049,0,3,1,4772,0,0.01,PASS (Latched in FAULT; output=0)
TEST1_ESTOP,1280,150.0,149.73,7.58,7.58,0.02,0,3,1,4810,0,0.01,PASS (Latched in FAULT; output=0)
TEST1_ESTOP,1290,150.0,151.07,7.22,7.22,0.016,0,3,1,4848,0,0.01,PASS (Latched in FAULT; output=0)
TEST1_ESTOP,1300,150.0,151.07,9.47,9.47,0.044,0,3,1,4885,0,0.01,PASS (Latched in FAULT; output=0)
TEST1_ESTOP,1310,150.0,149.73,9.71,9.71,0.046,0,3,1,4922,0,0.01,PASS (Latched in FAULT; output=0)
TEST1_ESTOP,1320,150.0,148.4,9.95,9.95,0.049,0,3,1,4959,0,0.01,PASS (Latched in FAULT; output=0)
TEST1_ESTOP,1330,150.0,149.73,7.58,7.58,0.02,0,3,1,4997,0,0.01,PASS (Latched in FAULT; output=0)
TEST1_ESTOP,1340,150.0,149.73,9.83,9.83,0.047,0,3,1,5034,0,0.01,PASS (Latched in FAULT; output=0)
TEST1_ESTOP,1350,150.0,151.07,7.46,7.46,0.018,0,3,1,5072,0,0.01,PASS (Latched in FAULT; output=0)
TEST1_ESTOP,1360,150.0,149.73,9.71,9.71,0.046,0,3,1,5109,0,0.01,PASS (Latched in FAULT; output=0)
TEST1_ESTOP,1370,150.0,151.07,7.34,7.34,0.017,0,3,1,5147,0,0.01,PASS (Latched in FAULT; output=0)
TEST1_ESTOP,1380,150.0,149.73,9.59,9.59,0.045,0,3,1,5184,0,0.01,PASS (Latched in FAULT; output=0)
TEST1_ESTOP,1390,150.0,149.73,9.83,9.83,0.047,0,3,1,5221,0,0.01,PASS (Latched in FAULT; output=0)
TEST1_ESTOP,1400,150.0,149.73,7.46,7.46,0.018,0,3,1,5259,0,0.01,PASS (Latched in FAULT; output=0)
TEST1_ESTOP,1410,150.0,149.73,9.71,9.71,0.046,0,3,1,5296,0,0.01,PASS (Latched in FAULT; output=0)
TEST1_ESTOP,1420,150.0,151.07,7.34,7.34,0.017,0,3,1,5334,0,0.01,PASS (Latched in FAULT; output=0)
TEST1_ESTOP,1430,150.0,149.73,9.59,9.59,0.045,0,3,1,5371,0,0.01,PASS (Latched in FAULT; output=0)
TEST1_ESTOP,1440,150.0,149.73,9.83,9.83,0.047,0,3,1,5408,0,0.01,PASS (Latched in FAULT; output=0)
TEST1_ESTOP,1450,150.0,149.73,7.46,7.46,0.018,0,3,1,5446,0,0.01,PASS (Latched in FAULT; output=0)
TEST1_ESTOP,1460,150.0,149.73,9.71,9.71,0.046,0,3,1,5483,0,0.01,PASS (Latched in FAULT; output=0)
TEST1_ESTOP,1470,150.0,151.07,7.34,7.34,0.017,0,3,1,5521,0,0.01,PASS (Latched in FAULT; output=0)
TEST1_ESTOP,1480,150.0,149.73,9.59,9.59,0.045,0,3,1,5558,0,0.01,PASS (Latched in FAULT; output=0)
TEST1_ESTOP,1490,150.0,149.73,9.83,9.83,0.047,0,3,1,5595,0,0.01,PASS (Latched in FAULT; output=0)
TEST1_ESTOP,1500,150.0,149.73,0.0,0.0,-0.071,1,4,0,5633,1500,0.01,PASS (Latched in FAULT; output=0)
TEST1_ESTOP,1510,150.0,147.06,0.0,0.0,-0.067,1,4,0,5668,1500,0.01,PASS (Latched in FAULT; output=0)
TEST1_ESTOP,1520,150.0,143.05,0.0,0.0,-0.063,1,4,0,5702,1500,0.01,PASS (Latched in FAULT; output=0)
TEST1_ESTOP,1530,150.0,133.69,0.0,0.0,-0.059,1,4,0,5733,1500,0.01,PASS (Latched in FAULT; output=0)
TEST1_ESTOP,1540,150.0,125.67,0.0,0.0,-0.055,1,4,0,5762,1500,0.01,PASS (Latched in FAULT; output=0)
TEST1_ESTOP,1550,150.0,117.65,0.0,0.0,-0.052,1,4,0,5790,1500,0.01,PASS (Latched in FAULT; output=0)
TEST1_ESTOP,1560,150.0,109.63,0.0,0.0,-0.049,1,4,0,5815,1500,0.01,PASS (Latched in FAULT; output=0)
TEST1_ESTOP,1570,150.0,104.28,0.0,0.0,-0.046,1,4,0,5840,1500,0.01,PASS (Latched in FAULT; output=0)
TEST1_ESTOP,1580,150.0,97.59,0.0,0.0,-0.043,1,4,0,5863,1500,0.01,PASS (Latched in FAULT; output=0)
TEST1_ESTOP,1590,150.0,92.25,0.0,0.0,-0.041,1,4,0,5884,1500,0.01,PASS (Latched in FAULT; output=0)
TEST1_ESTOP,1600,150.0,85.56,0.0,0.0,-0.038,1,4,0,5904,1500,0.01,PASS (Latched in FAULT; output=0)
TEST1_ESTOP,1610,150.0,80.21,0.0,0.0,-0.036,1,4,0,5923,1500,0.01,PASS (Latched in FAULT; output=0)
TEST1_ESTOP,1620,150.0,76.2,0.0,0.0,-0.034,1,4,0,5941,1500,0.01,PASS (Latched in FAULT; output=0)
TEST1_ESTOP,1630,150.0,72.19,0.0,0.0,-0.032,1,4,0,5958,1500,0.01,PASS (Latched in FAULT; output=0)
TEST1_ESTOP,1640,150.0,66.84,0.0,0.0,-0.03,1,4,0,5973,1500,0.01,PASS (Latched in FAULT; output=0)
TEST1_ESTOP,1650,150.0,62.83,0.0,0.0,-0.028,1,4,0,5988,1500,0.01,PASS (Latched in FAULT; output=0)
TEST1_ESTOP,1660,150.0,58.82,0.0,0.0,-0.026,1,4,0,6002,1500,0.01,PASS (Latched in FAULT; output=0)
TEST1_ESTOP,1670,150.0,56.15,0.0,0.0,-0.025,1,4,0,6015,1500,0.01,PASS (Latched in FAULT; output=0)
TEST1_ESTOP,1680,150.0,52.14,0.0,0.0,-0.023,1,4,0,6027,1500,0.01,PASS (Latched in FAULT; output=0)
TEST1_ESTOP,1690,150.0,49.47,0.0,0.0,-0.022,1,4,0,6039,1500,0.01,PASS (Latched in FAULT; output=0)
TEST1_ESTOP,1700,150.0,45.45,0.0,0.0,-0.02,1,4,0,6049,1500,0.01,PASS (Latched in FAULT; output=0)
TEST1_ESTOP,1710,150.0,44.12,0.0,0.0,-0.019,1,4,0,6060,1500,0.01,PASS (Latched in FAULT; output=0)
TEST1_ESTOP,1720,150.0,40.11,0.0,0.0,-0.018,1,4,0,6069,1500,0.01,PASS (Latched in FAULT; output=0)
TEST1_ESTOP,1730,150.0,38.77,0.0,0.0,-0.017,1,4,0,6078,1500,0.01,PASS (Latched in FAULT; output=0)
TEST1_ESTOP,1740,150.0,34.76,0.0,0.0,-0.016,1,4,0,6086,1500,0.01,PASS (Latched in FAULT; output=0)
TEST1_ESTOP,1750,150.0,33.42,0.0,0.0,-0.015,1,4,0,6094,1500,0.01,PASS (Latched in FAULT; output=0)
TEST1_ESTOP,1760,150.0,32.09,0.0,0.0,-0.014,1,4,0,6102,1500,0.01,PASS (Latched in FAULT; output=0)
TEST1_ESTOP,1770,150.0,30.75,0.0,0.0,-0.013,1,4,0,6109,1500,0.01,PASS (Latched in FAULT; output=0)
TEST1_ESTOP,1780,150.0,28.07,0.0,0.0,-0.012,1,4,0,6115,1500,0.01,PASS (Latched in FAULT; output=0)
TEST1_ESTOP,1790,150.0,26.74,0.0,0.0,-0.012,1,4,0,6122,1500,0.01,PASS (Latched in FAULT; output=0)
TEST1_ESTOP,1800,150.0,24.06,0.0,0.0,-0.011,1,4,0,6127,1500,0.01,PASS (Latched in FAULT; output=0)
TEST1_ESTOP,1810,150.0,24.06,0.0,0.0,-0.01,1,4,0,6133,1500,0.01,PASS (Latched in FAULT; output=0)
TEST1_ESTOP,1820,150.0,21.39,0.0,0.0,-0.01,1,4,0,6138,1500,0.01,PASS (Latched in FAULT; output=0)
TEST1_ESTOP,1830,150.0,21.39,0.0,0.0,-0.009,1,4,0,6143,1500,0.01,PASS (Latched in FAULT; output=0)
TEST1_ESTOP,1840,150.0,18.72,0.0,0.0,-0.009,1,4,0,6147,1500,0.01,PASS (Latched in FAULT; output=0)
TEST1_ESTOP,1850,150.0,17.38,0.0,0.0,-0.008,1,4,0,6151,1500,0.01,PASS (Latched in FAULT; output=0)
TEST1_ESTOP,1860,150.0,16.04,0.0,0.0,-0.008,1,4,0,6155,1500,0.01,PASS (Latched in FAULT; output=0)
TEST1_ESTOP,1870,150.0,16.04,0.0,0.0,-0.007,1,4,0,6159,1500,0.01,PASS (Latched in FAULT; output=0)
TEST1_ESTOP,1880,150.0,16.04,0.0,0.0,-0.007,1,4,0,6163,1500,0.01,PASS (Latched in FAULT; output=0)
TEST1_ESTOP,1890,150.0,14.71,0.0,0.0,-0.006,1,4,0,6166,1500,0.01,PASS (Latched in FAULT; output=0)
TEST1_ESTOP,1900,150.0,13.37,0.0,0.0,-0.006,1,4,0,6169,1500,0.01,PASS (Latched in FAULT; output=0)
TEST1_ESTOP,1910,150.0,12.03,0.0,0.0,-0.006,1,4,0,6172,1500,0.01,PASS (Latched in FAULT; output=0)
TEST1_ESTOP,1920,150.0,12.03,0.0,0.0,-0.005,1,4,0,6175,1500,0.01,PASS (Latched in FAULT; output=0)
TEST1_ESTOP,1930,150.0,10.7,0.0,0.0,-0.005,1,4,0,6177,1500,0.01,PASS (Latched in FAULT; output=0)
TEST1_ESTOP,1940,150.0,10.7,0.0,0.0,-0.005,1,4,0,6180,1500,0.01,PASS (Latched in FAULT; output=0)
TEST1_ESTOP,1950,150.0,9.36,0.0,0.0,-0.004,1,4,0,6182,1500,0.01,PASS (Latched in FAULT; output=0)
TEST1_ESTOP,1960,150.0,9.36,0.0,0.0,-0.004,1,4,0,6184,1500,0.01,PASS (Latched in FAULT; output=0)
TEST1_ESTOP,1970,150.0,8.02,0.0,0.0,-0.004,1,4,0,6186,1500,0.01,PASS (Latched in FAULT; output=0)
TEST1_ESTOP,1980,150.0,8.02,0.0,0.0,-0.004,1,4,0,6188,1500,0.01,PASS (Latched in FAULT; output=0)
TEST1_ESTOP,1990,150.0,8.02,0.0,0.0,-0.003,1,4,0,6190,1500,0.01,PASS (Latched in FAULT; output=0)
TEST1_ESTOP,2000,150.0,6.68,0.0,0.0,-0.003,1,4,0,6191,1500,0.01,PASS (Latched in FAULT; output=0)
TEST1_ESTOP,2010,150.0,6.68,0.0,0.0,-0.003,1,4,0,6193,1500,0.01,PASS (Latched in FAULT; output=0)
TEST1_ESTOP,2020,150.0,5.35,0.0,0.0,-0.003,1,4,0,6194,1500,0.01,PASS (Latched in FAULT; output=0)
TEST1_ESTOP,2030,150.0,6.68,0.0,0.0,-0.003,1,4,0,6196,1500,0.01,PASS (Latched in FAULT; output=0)
TEST1_ESTOP,2040,150.0,5.35,0.0,0.0,-0.002,1,4,0,6197,1500,0.01,PASS (Latched in FAULT; output=0)
TEST1_ESTOP,2050,150.0,5.35,0.0,0.0,-0.002,1,4,0,6198,1500,0.01,PASS (Latched in FAULT; output=0)
TEST1_ESTOP,2060,150.0,4.01,0.0,0.0,-0.002,1,4,0,6199,1500,0.01,PASS (Latched in FAULT; output=0)
TEST1_ESTOP,2070,150.0,4.01,0.0,0.0,-0.002,1,4,0,6200,1500,0.01,PASS (Latched in FAULT; output=0)
TEST1_ESTOP,2080,150.0,4.01,0.0,0.0,-0.002,1,4,0,6201,1500,0.01,PASS (Latched in FAULT; output=0)
TEST1_ESTOP,2090,150.0,4.01,0.0,0.0,-0.002,1,4,0,6202,1500,0.01,PASS (Latched in FAULT; output=0)
TEST1_ESTOP,2100,150.0,4.01,0.0,0.0,-0.002,1,4,0,6203,1500,0.01,PASS (Latched in FAULT; output=0)
TEST1_ESTOP,2110,150.0,4.01,0.0,0.0,-0.002,1,4,0,6204,1500,0.01,PASS (Latched in FAULT; output=0)
TEST1_ESTOP,2120,150.0,4.01,0.0,0.0,-0.001,1,4,0,6205,1500,0.01,PASS (Latched in FAULT; output=0)
TEST1_ESTOP,2130,150.0,4.01,0.0,0.0,-0.001,1,4,0,6206,1500,0.01,PASS (Latched in FAULT; output=0)
TEST1_ESTOP,2140,150.0,2.67,0.0,0.0,-0.001,1,4,0,6206,1500,0.01,PASS (Latched in FAULT; output=0)
TEST1_ESTOP,2150,150.0,2.67,0.0,0.0,-0.001,1,4,0,6207,1500,0.01,PASS (Latched in FAULT; output=0)
TEST1_ESTOP,2160,150.0,2.67,0.0,0.0,-0.001,1,4,0,6208,1500,0.01,PASS (Latched in FAULT; output=0)
TEST1_ESTOP,2170,150.0,2.67,0.0,0.0,-0.001,1,4,0,6208,1500,0.01,PASS (Latched in FAULT; output=0)
TEST1_ESTOP,2180,150.0,2.67,0.0,0.0,-0.001,1,4,0,6209,1500,0.01,PASS (Latched in FAULT; output=0)
TEST1_ESTOP,2190,150.0,1.34,0.0,0.0,-0.001,1,4,0,6209,1500,0.01,PASS (Latched in FAULT; output=0)
TEST1_ESTOP,2200,150.0,2.67,0.0,0.0,-0.001,1,4,0,6210,1500,0.01,PASS (Latched in FAULT; output=0)
TEST1_ESTOP,2210,150.0,1.34,0.0,0.0,-0.001,1,4,0,6210,1500,0.01,PASS (Latched in FAULT; output=0)
TEST1_ESTOP,2220,150.0,2.67,0.0,0.0,-0.001,1,4,0,6211,1500,0.01,PASS (Latched in FAULT; output=0)
TEST1_ESTOP,2230,150.0,1.34,0.0,0.0,-0.001,1,4,0,6211,1500,0.01,PASS (Latched in FAULT; output=0)
TEST1_ESTOP,2240,150.0,1.34,0.0,0.0,-0.001,1,4,0,6211,1500,0.01,PASS (Latched in FAULT; output=0)
TEST1_ESTOP,2250,150.0,1.34,0.0,0.0,-0.001,1,4,0,6212,1500,0.01,PASS (Latched in FAULT; output=0)
TEST1_ESTOP,2260,150.0,1.34,0.0,0.0,-0.001,1,4,0,6212,1500,0.01,PASS (Latched in FAULT; output=0)
TEST1_ESTOP,2270,150.0,1.34,0.0,0.0,-0.001,1,4,0,6212,1500,0.01,PASS (Latched in FAULT; output=0)
TEST1_ESTOP,2280,150.0,1.34,0.0,0.0,-0.001,1,4,0,6213,1500,0.01,PASS (Latched in FAULT; output=0)
TEST1_ESTOP,2290,150.0,1.34,0.0,0.0,-0.001,1,4,0,6213,1500,0.01,PASS (Latched in FAULT; output=0)
TEST1_ESTOP,2300,150.0,1.34,0.0,0.0,-0.0,1,4,0,6213,1500,0.01,PASS (Latched in FAULT; output=0)
TEST1_ESTOP,2310,150.0,0.0,0.0,0.0,-0.0,1,4,0,6213,1500,0.01,PASS (Latched in FAULT; output=0)
TEST1_ESTOP,2320,150.0,1.34,0.0,0.0,-0.0,1,4,0,6214,1500,0.01,PASS (Latched in FAULT; output=0)
TEST1_ESTOP,2330,150.0,1.34,0.0,0.0,0.0,1,4,0,6214,1500,0.01,PASS (Latched in FAULT; output=0)
TEST1_ESTOP,2340,150.0,1.34,0.0,0.0,0.0,1,4,0,6214,1500,0.01,PASS (Latched in FAULT; output=0)
TEST1_ESTOP,2350,150.0,0.0,0.0,0.0,0.0,1,4,0,6214,1500,0.01,PASS (Latched in FAULT; output=0)
TEST1_ESTOP,2360,150.0,0.0,0.0,0.0,0.0,1,4,0,6214,1500,0.01,PASS (Latched in FAULT; output=0)
TEST1_ESTOP,2370,150.0,0.0,0.0,0.0,0.0,1,4,0,6214,1500,0.01,PASS (Latched in FAULT; output=0)
TEST1_ESTOP,2380,150.0,0.0,0.0,0.0,0.0,1,4,0,6214,1500,0.01,PASS (Latched in FAULT; output=0)
TEST1_ESTOP,2390,150.0,0.0,0.0,0.0,0.0,1,4,0,6214,1500,0.01,PASS (Latched in FAULT; output=0)
TEST1_ESTOP,2400,150.0,0.0,0.0,0.0,0.0,1,4,0,6214,1500,0.01,PASS (Latched in FAULT; output=0)
TEST1_ESTOP,2410,150.0,0.0,0.0,0.0,0.0,1,4,0,6214,1500,0.01,PASS (Latched in FAULT; output=0)
TEST1_ESTOP,2420,150.0,0.0,0.0,0.0,0.0,1,4,0,6214,1500,0.01,PASS (Latched in FAULT; output=0)
TEST1_ESTOP,2430,150.0,0.0,0.0,0.0,0.0,1,4,0,6214,1500,0.01,PASS (Latched in FAULT; output=0)
TEST1_ESTOP,2440,150.0,0.0,0.0,0.0,0.0,1,4,0,6214,1500,0.01,PASS (Latched in FAULT; output=0)
TEST1_ESTOP,2450,150.0,0.0,0.0,0.0,0.0,1,4,0,6214,1500,0.01,PASS (Latched in FAULT; output=0)
TEST1_ESTOP,2460,150.0,0.0,0.0,0.0,0.0,1,4,0,6214,1500,0.01,PASS (Latched in FAULT; output=0)
TEST1_ESTOP,2470,150.0,0.0,0.0,0.0,0.0,1,4,0,6214,1500,0.01,PASS (Latched in FAULT; output=0)
TEST1_ESTOP,2480,150.0,0.0,0.0,0.0,0.0,1,4,0,6214,1500,0.01,PASS (Latched in FAULT; output=0)
TEST1_ESTOP,2490,150.0,0.0,0.0,0.0,0.0,1,4,0,6214,1500,0.01,PASS (Latched in FAULT; output=0)
TEST1_ESTOP,2500,150.0,0.0,0.0,0.0,0.0,1,4,0,6214,1500,0.01,PASS (Latched in FAULT; output=0)
TEST1_ESTOP,2510,150.0,0.0,0.0,0.0,0.0,1,4,0,6214,1500,0.01,PASS (Latched in FAULT; output=0)
TEST1_ESTOP,2520,150.0,0.0,0.0,0.0,0.0,1,4,0,6214,1500,0.01,PASS (Latched in FAULT; output=0)
TEST1_ESTOP,2530,150.0,0.0,0.0,0.0,0.0,1,4,0,6214,1500,0.01,PASS (Latched in FAULT; output=0)
TEST1_ESTOP,2540,150.0,0.0,0.0,0.0,0.0,1,4,0,6214,1500,0.01,PASS (Latched in FAULT; output=0)
TEST1_ESTOP,2550,150.0,0.0,0.0,0.0,0.0,1,4,0,6214,1500,0.01,PASS (Latched in FAULT; output=0)
TEST1_ESTOP,2560,150.0,0.0,0.0,0.0,0.0,1,4,0,6214,1500,0.01,PASS (Latched in FAULT; output=0)
TEST1_ESTOP,2570,150.0,0.0,0.0,0.0,0.0,1,4,0,6214,1500,0.01,PASS (Latched in FAULT; output=0)
TEST1_ESTOP,2580,150.0,0.0,0.0,0.0,0.0,1,4,0,6214,1500,0.01,PASS (Latched in FAULT; output=0)
TEST1_ESTOP,2590,150.0,0.0,0.0,0.0,0.0,1,4,0,6214,1500,0.01,PASS (Latched in FAULT; output=0)
TEST1_ESTOP,2600,150.0,0.0,0.0,0.0,0.0,1,4,0,6214,1500,0.01,PASS (Latched in FAULT; output=0)
TEST1_ESTOP,2610,150.0,0.0,0.0,0.0,0.0,1,4,0,6214,1500,0.01,PASS (Latched in FAULT; output=0)
TEST1_ESTOP,2620,150.0,0.0,0.0,0.0,0.0,1,4,0,6214,1500,0.01,PASS (Latched in FAULT; output=0)
TEST1_ESTOP,2630,150.0,0.0,0.0,0.0,0.0,1,4,0,6214,1500,0.01,PASS (Latched in FAULT; output=0)
TEST1_ESTOP,2640,150.0,0.0,0.0,0.0,0.0,1,4,0,6214,1500,0.01,PASS (Latched in FAULT; output=0)
TEST1_ESTOP,2650,150.0,0.0,0.0,0.0,0.0,1,4,0,6214,1500,0.01,PASS (Latched in FAULT; output=0)
TEST1_ESTOP,2660,150.0,0.0,0.0,0.0,0.0,1,4,0,6214,1500,0.01,PASS (Latched in FAULT; output=0)
TEST1_ESTOP,2670,150.0,0.0,0.0,0.0,0.0,1,4,0,6214,1500,0.01,PASS (Latched in FAULT; output=0)
TEST1_ESTOP,2680,150.0,0.0,0.0,0.0,0.0,1,4,0,6214,1500,0.01,PASS (Latched in FAULT; output=0)
TEST1_ESTOP,2690,150.0,0.0,0.0,0.0,0.0,1,4,0,6214,1500,0.01,PASS (Latched in FAULT; output=0)
TEST1_ESTOP,2700,150.0,0.0,0.0,0.0,0.0,1,4,0,6214,1500,0.01,PASS (Latched in FAULT; output=0)
TEST1_ESTOP,2710,150.0,0.0,0.0,0.0,0.0,1,4,0,6214,1500,0.01,PASS (Latched in FAULT; output=0)
TEST1_ESTOP,2720,150.0,0.0,0.0,0.0,0.0,1,4,0,6214,1500,0.01,PASS (Latched in FAULT; output=0)
TEST1_ESTOP,2730,150.0,0.0,0.0,0.0,0.0,1,4,0,6214,1500,0.01,PASS (Latched in FAULT; output=0)
TEST1_ESTOP,2740,150.0,0.0,0.0,0.0,0.0,1,4,0,6214,1500,0.01,PASS (Latched in FAULT; output=0)
TEST1_ESTOP,2750,150.0,0.0,0.0,0.0,0.0,1,4,0,6214,1500,0.01,PASS (Latched in FAULT; output=0)
TEST1_ESTOP,2760,150.0,0.0,0.0,0.0,0.0,1,4,0,6214,1500,0.01,PASS (Latched in FAULT; output=0)
TEST1_ESTOP,2770,150.0,0.0,0.0,0.0,0.0,1,4,0,6214,1500,0.01,PASS (Latched in FAULT; output=0)
TEST1_ESTOP,2780,150.0,0.0,0.0,0.0,0.0,1,4,0,6214,1500,0.01,PASS (Latched in FAULT; output=0)
TEST1_ESTOP,2790,150.0,0.0,0.0,0.0,0.0,1,4,0,6214,1500,0.01,PASS (Latched in FAULT; output=0)
TEST1_ESTOP,2800,150.0,0.0,0.0,0.0,0.0,1,4,0,6214,1500,0.01,PASS (Latched in FAULT; output=0)
TEST1_ESTOP,2810,150.0,0.0,0.0,0.0,0.0,1,4,0,6214,1500,0.01,PASS (Latched in FAULT; output=0)
TEST1_ESTOP,2820,150.0,0.0,0.0,0.0,0.0,1,4,0,6214,1500,0.01,PASS (Latched in FAULT; output=0)
TEST1_ESTOP,2830,150.0,0.0,0.0,0.0,0.0,1,4,0,6214,1500,0.01,PASS (Latched in FAULT; output=0)
TEST1_ESTOP,2840,150.0,0.0,0.0,0.0,0.0,1,4,0,6214,1500,0.01,PASS (Latched in FAULT; output=0)
TEST1_ESTOP,2850,150.0,0.0,0.0,0.0,0.0,1,4,0,6214,1500,0.01,PASS (Latched in FAULT; output=0)
TEST1_ESTOP,2860,150.0,0.0,0.0,0.0,0.0,1,4,0,6214,1500,0.01,PASS (Latched in FAULT; output=0)
TEST1_ESTOP,2870,150.0,0.0,0.0,0.0,0.0,1,4,0,6214,1500,0.01,PASS (Latched in FAULT; output=0)
TEST1_ESTOP,2880,150.0,0.0,0.0,0.0,0.0,1,4,0,6214,1500,0.01,PASS (Latched in FAULT; output=0)
TEST1_ESTOP,2890,150.0,0.0,0.0,0.0,0.0,1,4,0,6214,1500,0.01,PASS (Latched in FAULT; output=0)
TEST1_ESTOP,2900,150.0,0.0,0.0,0.0,0.0,1,4,0,6214,1500,0.01,PASS (Latched in FAULT; output=0)
TEST1_ESTOP,2910,150.0,0.0,0.0,0.0,0.0,1,4,0,6214,1500,0.01,PASS (Latched in FAULT; output=0)
TEST1_ESTOP,2920,150.0,0.0,0.0,0.0,0.0,1,4,0,6214,1500,0.01,PASS (Latched in FAULT; output=0)
TEST1_ESTOP,2930,150.0,0.0,0.0,0.0,0.0,1,4,0,6214,1500,0.01,PASS (Latched in FAULT; output=0)
TEST1_ESTOP,2940,150.0,0.0,0.0,0.0,0.0,1,4,0,6214,1500,0.01,PASS (Latched in FAULT; output=0)
TEST1_ESTOP,2950,150.0,0.0,0.0,0.0,0.0,1,4,0,6214,1500,0.01,PASS (Latched in FAULT; output=0)
TEST1_ESTOP,2960,150.0,0.0,0.0,0.0,0.0,1,4,0,6214,1500,0.01,PASS (Latched in FAULT; output=0)
TEST1_ESTOP,2970,150.0,0.0,0.0,0.0,0.0,1,4,0,6214,1500,0.01,PASS (Latched in FAULT; output=0)
TEST1_ESTOP,2980,150.0,0.0,0.0,0.0,0.0,1,4,0,6214,1500,0.01,PASS (Latched in FAULT; output=0)
TEST1_ESTOP,2990,150.0,0.0,0.0,0.0,0.0,1,4,0,6214,1500,0.01,PASS (Latched in FAULT; output=0)
TEST2_ENCODER_FAIL,0,150.0,0.0,97.5,97.5,1.17,0,3,1,0,0,0,PASS (FAULT_ENCODER latched; output=0)
TEST2_ENCODER_FAIL,10,150.0,44.12,62.65,62.65,0.709,0,3,1,22,0,0,PASS (FAULT_ENCODER latched; output=0)
TEST2_ENCODER_FAIL,20,150.0,80.21,30.2,30.2,0.292,0,3,1,60,0,0,PASS (FAULT_ENCODER latched; output=0)
TEST2_ENCODER_FAIL,30,150.0,137.7,16.8,16.8,0.121,0,3,1,103,0,0,PASS (FAULT_ENCODER latched; output=0)
TEST2_ENCODER_FAIL,40,150.0,167.11,10.83,10.83,0.046,0,3,1,147,0,0,PASS (FAULT_ENCODER latched; output=0)
TEST2_ENCODER_FAIL,50,150.0,176.47,4.25,4.25,-0.034,0,3,1,192,0,0,PASS (FAULT_ENCODER latched; output=0)
TEST2_ENCODER_FAIL,60,150.0,176.47,4.89,4.89,-0.023,0,3,1,235,0,0,PASS (FAULT_ENCODER latched; output=0)
TEST2_ENCODER_FAIL,70,150.0,173.8,4.13,4.13,-0.029,0,3,1,277,0,0,PASS (FAULT_ENCODER latched; output=0)
TEST2_ENCODER_FAIL,80,150.0,167.11,6.58,6.58,0.003,0,3,1,317,0,0,PASS (FAULT_ENCODER latched; output=0)
TEST2_ENCODER_FAIL,90,150.0,163.1,5.01,5.01,-0.015,0,3,1,357,0,0,PASS (FAULT_ENCODER latched; output=0)
TEST2_ENCODER_FAIL,100,150.0,157.75,8.66,8.66,0.031,0,3,1,395,0,0,PASS (FAULT_ENCODER latched; output=0)
TEST2_ENCODER_FAIL,110,150.0,156.42,5.7,5.7,-0.004,0,3,1,434,0,0,PASS (FAULT_ENCODER latched; output=0)
TEST2_ENCODER_FAIL,120,150.0,152.41,9.95,9.95,0.048,0,3,1,471,0,0,PASS (FAULT_ENCODER latched; output=0)
TEST2_ENCODER_FAIL,130,150.0,152.41,7.58,7.58,0.02,0,3,1,509,0,0,PASS (FAULT_ENCODER latched; output=0)
TEST2_ENCODER_FAIL,140,150.0,149.73,9.83,9.83,0.047,0,3,1,546,0,0,PASS (FAULT_ENCODER latched; output=0)
TEST2_ENCODER_FAIL,150,150.0,151.07,7.46,7.46,0.018,0,3,1,584,0,0,PASS (FAULT_ENCODER latched; output=0)
TEST2_ENCODER_FAIL,160,150.0,149.73,9.71,9.71,0.046,0,3,1,621,0,0,PASS (FAULT_ENCODER latched; output=0)
TEST2_ENCODER_FAIL,170,150.0,151.07,7.34,7.34,0.017,0,3,1,659,0,0,PASS (FAULT_ENCODER latched; output=0)
TEST2_ENCODER_FAIL,180,150.0,149.73,9.59,9.59,0.045,0,3,1,696,0,0,PASS (FAULT_ENCODER latched; output=0)
TEST2_ENCODER_FAIL,190,150.0,151.07,7.22,7.22,0.016,0,3,1,734,0,0,PASS (FAULT_ENCODER latched; output=0)
TEST2_ENCODER_FAIL,200,150.0,149.73,9.47,9.47,0.044,0,3,1,771,0,0,PASS (FAULT_ENCODER latched; output=0)
TEST2_ENCODER_FAIL,210,150.0,149.73,9.71,9.71,0.046,0,3,1,808,0,0,PASS (FAULT_ENCODER latched; output=0)
TEST2_ENCODER_FAIL,220,150.0,148.4,9.95,9.95,0.049,0,3,1,845,0,0,PASS (FAULT_ENCODER latched; output=0)
TEST2_ENCODER_FAIL,230,150.0,149.73,7.58,7.58,0.02,0,3,1,883,0,0,PASS (FAULT_ENCODER latched; output=0)
TEST2_ENCODER_FAIL,240,150.0,149.73,9.83,9.83,0.047,0,3,1,920,0,0,PASS (FAULT_ENCODER latched; output=0)
TEST2_ENCODER_FAIL,250,150.0,151.07,7.46,7.46,0.018,0,3,1,958,0,0,PASS (FAULT_ENCODER latched; output=0)
TEST2_ENCODER_FAIL,260,150.0,149.73,9.71,9.71,0.046,0,3,1,995,0,0,PASS (FAULT_ENCODER latched; output=0)
TEST2_ENCODER_FAIL,270,150.0,151.07,7.34,7.34,0.017,0,3,1,1033,0,0,PASS (FAULT_ENCODER latched; output=0)
TEST2_ENCODER_FAIL,280,150.0,149.73,9.59,9.59,0.045,0,3,1,1070,0,0,PASS (FAULT_ENCODER latched; output=0)
TEST2_ENCODER_FAIL,290,150.0,149.73,9.83,9.83,0.047,0,3,1,1107,0,0,PASS (FAULT_ENCODER latched; output=0)
TEST2_ENCODER_FAIL,300,150.0,149.73,7.46,7.46,0.018,0,3,1,1145,0,0,PASS (FAULT_ENCODER latched; output=0)
TEST2_ENCODER_FAIL,310,150.0,149.73,9.71,9.71,0.046,0,3,1,1182,0,0,PASS (FAULT_ENCODER latched; output=0)
TEST2_ENCODER_FAIL,320,150.0,151.07,7.34,7.34,0.017,0,3,1,1220,0,0,PASS (FAULT_ENCODER latched; output=0)
TEST2_ENCODER_FAIL,330,150.0,149.73,9.59,9.59,0.045,0,3,1,1257,0,0,PASS (FAULT_ENCODER latched; output=0)
TEST2_ENCODER_FAIL,340,150.0,149.73,9.83,9.83,0.047,0,3,1,1294,0,0,PASS (FAULT_ENCODER latched; output=0)
TEST2_ENCODER_FAIL,350,150.0,149.73,7.46,7.46,0.018,0,3,1,1332,0,0,PASS (FAULT_ENCODER latched; output=0)
TEST2_ENCODER_FAIL,360,150.0,149.73,9.71,9.71,0.046,0,3,1,1369,0,0,PASS (FAULT_ENCODER latched; output=0)
TEST2_ENCODER_FAIL,370,150.0,151.07,7.34,7.34,0.017,0,3,1,1407,0,0,PASS (FAULT_ENCODER latched; output=0)
TEST2_ENCODER_FAIL,380,150.0,149.73,9.59,9.59,0.045,0,3,1,1444,0,0,PASS (FAULT_ENCODER latched; output=0)
TEST2_ENCODER_FAIL,390,150.0,149.73,9.83,9.83,0.047,0,3,1,1481,0,0,PASS (FAULT_ENCODER latched; output=0)
TEST2_ENCODER_FAIL,400,150.0,149.73,7.46,7.46,0.018,0,3,1,1519,0,0,PASS (FAULT_ENCODER latched; output=0)
TEST2_ENCODER_FAIL,410,150.0,149.73,9.71,9.71,0.046,0,3,1,1556,0,0,PASS (FAULT_ENCODER latched; output=0)
TEST2_ENCODER_FAIL,420,150.0,151.07,7.34,7.34,0.017,0,3,1,1594,0,0,PASS (FAULT_ENCODER latched; output=0)
TEST2_ENCODER_FAIL,430,150.0,149.73,9.59,9.59,0.045,0,3,1,1631,0,0,PASS (FAULT_ENCODER latched; output=0)
TEST2_ENCODER_FAIL,440,150.0,149.73,9.83,9.83,0.047,0,3,1,1668,0,0,PASS (FAULT_ENCODER latched; output=0)
TEST2_ENCODER_FAIL,450,150.0,149.73,7.46,7.46,0.018,0,3,1,1706,0,0,PASS (FAULT_ENCODER latched; output=0)
TEST2_ENCODER_FAIL,460,150.0,149.73,9.71,9.71,0.046,0,3,1,1743,0,0,PASS (FAULT_ENCODER latched; output=0)
TEST2_ENCODER_FAIL,470,150.0,149.73,9.95,9.95,0.049,0,3,1,1780,0,0,PASS (FAULT_ENCODER latched; output=0)
TEST2_ENCODER_FAIL,480,150.0,149.73,7.58,7.58,0.02,0,3,1,1818,0,0,PASS (FAULT_ENCODER latched; output=0)
TEST2_ENCODER_FAIL,490,150.0,151.07,7.22,7.22,0.016,0,3,1,1856,0,0,PASS (FAULT_ENCODER latched; output=0)
TEST2_ENCODER_FAIL,500,150.0,151.07,9.47,9.47,0.044,0,3,1,1893,0,0,PASS (FAULT_ENCODER latched; output=0)
TEST2_ENCODER_FAIL,510,150.0,149.73,9.71,9.71,0.046,0,3,1,1930,0,0,PASS (FAULT_ENCODER latched; output=0)
TEST2_ENCODER_FAIL,520,150.0,148.4,9.95,9.95,0.049,0,3,1,1967,0,0,PASS (FAULT_ENCODER latched; output=0)
TEST2_ENCODER_FAIL,530,150.0,149.73,7.58,7.58,0.02,0,3,1,2005,0,0,PASS (FAULT_ENCODER latched; output=0)
TEST2_ENCODER_FAIL,540,150.0,151.07,7.22,7.22,0.016,0,3,1,2043,0,0,PASS (FAULT_ENCODER latched; output=0)
TEST2_ENCODER_FAIL,550,150.0,151.07,9.47,9.47,0.044,0,3,1,2080,0,0,PASS (FAULT_ENCODER latched; output=0)
TEST2_ENCODER_FAIL,560,150.0,149.73,9.71,9.71,0.046,0,3,1,2117,0,0,PASS (FAULT_ENCODER latched; output=0)
TEST2_ENCODER_FAIL,570,150.0,148.4,9.95,9.95,0.049,0,3,1,2154,0,0,PASS (FAULT_ENCODER latched; output=0)
TEST2_ENCODER_FAIL,580,150.0,149.73,7.58,7.58,0.02,0,3,1,2192,0,0,PASS (FAULT_ENCODER latched; output=0)
TEST2_ENCODER_FAIL,590,150.0,149.73,9.83,9.83,0.047,0,3,1,2229,0,0,PASS (FAULT_ENCODER latched; output=0)
TEST2_ENCODER_FAIL,600,150.0,151.07,7.46,7.46,0.018,0,3,1,2267,0,0,PASS (FAULT_ENCODER latched; output=0)
TEST2_ENCODER_FAIL,610,150.0,149.73,9.71,9.71,0.046,0,3,1,2304,0,0,PASS (FAULT_ENCODER latched; output=0)
TEST2_ENCODER_FAIL,620,150.0,151.07,7.34,7.34,0.017,0,3,1,2342,0,0,PASS (FAULT_ENCODER latched; output=0)
TEST2_ENCODER_FAIL,630,150.0,149.73,9.59,9.59,0.045,0,3,1,2379,0,0,PASS (FAULT_ENCODER latched; output=0)
TEST2_ENCODER_FAIL,640,150.0,149.73,9.83,9.83,0.047,0,3,1,2416,0,0,PASS (FAULT_ENCODER latched; output=0)
TEST2_ENCODER_FAIL,650,150.0,149.73,7.46,7.46,0.018,0,3,1,2454,0,0,PASS (FAULT_ENCODER latched; output=0)
TEST2_ENCODER_FAIL,660,150.0,149.73,9.71,9.71,0.046,0,3,1,2491,0,0,PASS (FAULT_ENCODER latched; output=0)
TEST2_ENCODER_FAIL,670,150.0,151.07,7.34,7.34,0.017,0,3,1,2529,0,0,PASS (FAULT_ENCODER latched; output=0)
TEST2_ENCODER_FAIL,680,150.0,149.73,9.59,9.59,0.045,0,3,1,2566,0,0,PASS (FAULT_ENCODER latched; output=0)
TEST2_ENCODER_FAIL,690,150.0,149.73,9.83,9.83,0.047,0,3,1,2603,0,0,PASS (FAULT_ENCODER latched; output=0)
TEST2_ENCODER_FAIL,700,150.0,149.73,7.46,7.46,0.018,0,3,1,2641,0,0,PASS (FAULT_ENCODER latched; output=0)
TEST2_ENCODER_FAIL,710,150.0,149.73,9.71,9.71,0.046,0,3,1,2678,0,0,PASS (FAULT_ENCODER latched; output=0)
TEST2_ENCODER_FAIL,720,150.0,151.07,7.34,7.34,0.017,0,3,1,2716,0,0,PASS (FAULT_ENCODER latched; output=0)
TEST2_ENCODER_FAIL,730,150.0,149.73,9.59,9.59,0.045,0,3,1,2753,0,0,PASS (FAULT_ENCODER latched; output=0)
TEST2_ENCODER_FAIL,740,150.0,149.73,9.83,9.83,0.047,0,3,1,2790,0,0,PASS (FAULT_ENCODER latched; output=0)
TEST2_ENCODER_FAIL,750,150.0,149.73,7.46,7.46,0.018,0,3,1,2828,0,0,PASS (FAULT_ENCODER latched; output=0)
TEST2_ENCODER_FAIL,760,150.0,149.73,9.71,9.71,0.046,0,3,1,2865,0,0,PASS (FAULT_ENCODER latched; output=0)
TEST2_ENCODER_FAIL,770,150.0,151.07,7.34,7.34,0.017,0,3,1,2903,0,0,PASS (FAULT_ENCODER latched; output=0)
TEST2_ENCODER_FAIL,780,150.0,149.73,9.59,9.59,0.045,0,3,1,2940,0,0,PASS (FAULT_ENCODER latched; output=0)
TEST2_ENCODER_FAIL,790,150.0,149.73,9.83,9.83,0.047,0,3,1,2977,0,0,PASS (FAULT_ENCODER latched; output=0)
TEST2_ENCODER_FAIL,800,150.0,149.73,7.46,7.46,0.018,0,3,1,3015,0,0,PASS (FAULT_ENCODER latched; output=0)
TEST2_ENCODER_FAIL,810,150.0,149.73,9.71,9.71,0.046,0,3,1,3052,0,0,PASS (FAULT_ENCODER latched; output=0)
TEST2_ENCODER_FAIL,820,150.0,151.07,7.34,7.34,0.017,0,3,1,3090,0,0,PASS (FAULT_ENCODER latched; output=0)
TEST2_ENCODER_FAIL,830,150.0,149.73,9.59,9.59,0.045,0,3,1,3127,0,0,PASS (FAULT_ENCODER latched; output=0)
TEST2_ENCODER_FAIL,840,150.0,149.73,9.83,9.83,0.047,0,3,1,3164,0,0,PASS (FAULT_ENCODER latched; output=0)
TEST2_ENCODER_FAIL,850,150.0,149.73,7.46,7.46,0.018,0,3,1,3202,0,0,PASS (FAULT_ENCODER latched; output=0)
TEST2_ENCODER_FAIL,860,150.0,149.73,9.71,9.71,0.046,0,3,1,3239,0,0,PASS (FAULT_ENCODER latched; output=0)
TEST2_ENCODER_FAIL,870,150.0,149.73,9.95,9.95,0.049,0,3,1,3276,0,0,PASS (FAULT_ENCODER latched; output=0)
TEST2_ENCODER_FAIL,880,150.0,149.73,7.58,7.58,0.02,0,3,1,3314,0,0,PASS (FAULT_ENCODER latched; output=0)
TEST2_ENCODER_FAIL,890,150.0,149.73,9.83,9.83,0.047,0,3,1,3351,0,0,PASS (FAULT_ENCODER latched; output=0)
TEST2_ENCODER_FAIL,900,150.0,151.07,7.46,7.46,0.018,0,3,1,3389,0,0,PASS (FAULT_ENCODER latched; output=0)
TEST2_ENCODER_FAIL,910,150.0,151.07,7.1,7.1,0.015,0,3,1,3427,0,0,PASS (FAULT_ENCODER latched; output=0)
TEST2_ENCODER_FAIL,920,150.0,149.73,11.95,11.95,0.074,0,3,1,3463,0,0,PASS (FAULT_ENCODER latched; output=0)
TEST2_ENCODER_FAIL,930,150.0,149.73,7.58,7.58,0.02,0,3,1,3501,0,0,PASS (FAULT_ENCODER latched; output=0)
TEST2_ENCODER_FAIL,940,150.0,149.73,7.22,7.22,0.016,0,3,1,3539,0,0,PASS (FAULT_ENCODER latched; output=0)
TEST2_ENCODER_FAIL,950,150.0,151.07,9.47,9.47,0.044,0,3,1,3576,0,0,PASS (FAULT_ENCODER latched; output=0)
TEST2_ENCODER_FAIL,960,150.0,149.73,9.71,9.71,0.046,0,3,1,3613,0,0,PASS (FAULT_ENCODER latched; output=0)
TEST2_ENCODER_FAIL,970,150.0,148.4,9.95,9.95,0.049,0,3,1,3650,0,0,PASS (FAULT_ENCODER latched; output=0)
TEST2_ENCODER_FAIL,980,150.0,149.73,7.58,7.58,0.02,0,3,1,3688,0,0,PASS (FAULT_ENCODER latched; output=0)
TEST2_ENCODER_FAIL,990,150.0,149.73,9.83,9.83,0.047,0,3,1,3725,0,0,PASS (FAULT_ENCODER latched; output=0)
TEST2_ENCODER_FAIL,1000,150.0,151.07,7.46,7.46,0.018,0,3,1,3763,0,0,PASS (FAULT_ENCODER latched; output=0)
TEST2_ENCODER_FAIL,1010,150.0,149.73,9.71,9.71,0.046,0,3,1,3800,0,0,PASS (FAULT_ENCODER latched; output=0)
TEST2_ENCODER_FAIL,1020,150.0,151.07,7.34,7.34,0.017,0,3,1,3838,0,0,PASS (FAULT_ENCODER latched; output=0)
TEST2_ENCODER_FAIL,1030,150.0,149.73,9.59,9.59,0.045,0,3,1,3875,0,0,PASS (FAULT_ENCODER latched; output=0)
TEST2_ENCODER_FAIL,1040,150.0,149.73,9.83,9.83,0.047,0,3,1,3912,0,0,PASS (FAULT_ENCODER latched; output=0)
TEST2_ENCODER_FAIL,1050,150.0,149.73,7.46,7.46,0.018,0,3,1,3950,0,0,PASS (FAULT_ENCODER latched; output=0)
TEST2_ENCODER_FAIL,1060,150.0,149.73,9.71,9.71,0.046,0,3,1,3987,0,0,PASS (FAULT_ENCODER latched; output=0)
TEST2_ENCODER_FAIL,1070,150.0,151.07,7.34,7.34,0.017,0,3,1,4025,0,0,PASS (FAULT_ENCODER latched; output=0)
TEST2_ENCODER_FAIL,1080,150.0,149.73,9.59,9.59,0.045,0,3,1,4062,0,0,PASS (FAULT_ENCODER latched; output=0)
TEST2_ENCODER_FAIL,1090,150.0,149.73,9.83,9.83,0.047,0,3,1,4099,0,0,PASS (FAULT_ENCODER latched; output=0)
TEST2_ENCODER_FAIL,1100,150.0,149.73,7.46,7.46,0.018,0,3,1,4137,0,0,PASS (FAULT_ENCODER latched; output=0)
TEST2_ENCODER_FAIL,1110,150.0,149.73,9.71,9.71,0.046,0,3,1,4174,0,0,PASS (FAULT_ENCODER latched; output=0)
TEST2_ENCODER_FAIL,1120,150.0,151.07,7.34,7.34,0.017,0,3,1,4212,0,0,PASS (FAULT_ENCODER latched; output=0)
TEST2_ENCODER_FAIL,1130,150.0,149.73,9.59,9.59,0.045,0,3,1,4249,0,0,PASS (FAULT_ENCODER latched; output=0)
TEST2_ENCODER_FAIL,1140,150.0,149.73,9.83,9.83,0.047,0,3,1,4286,0,0,PASS (FAULT_ENCODER latched; output=0)
TEST2_ENCODER_FAIL,1150,150.0,149.73,7.46,7.46,0.018,0,3,1,4324,0,0,PASS (FAULT_ENCODER latched; output=0)
TEST2_ENCODER_FAIL,1160,150.0,149.73,9.71,9.71,0.046,0,3,1,4361,0,0,PASS (FAULT_ENCODER latched; output=0)
TEST2_ENCODER_FAIL,1170,150.0,151.07,7.34,7.34,0.017,0,3,1,4399,0,0,PASS (FAULT_ENCODER latched; output=0)
TEST2_ENCODER_FAIL,1180,150.0,149.73,9.59,9.59,0.045,0,3,1,4436,0,0,PASS (FAULT_ENCODER latched; output=0)
TEST2_ENCODER_FAIL,1190,150.0,149.73,9.83,9.83,0.047,0,3,1,4473,0,0,PASS (FAULT_ENCODER latched; output=0)
TEST2_ENCODER_FAIL,1200,150.0,149.73,7.46,7.46,0.018,0,3,1,4511,0,0,PASS (FAULT_ENCODER latched; output=0)
TEST2_ENCODER_FAIL,1210,150.0,149.73,9.71,9.71,0.046,0,3,1,4548,0,0,PASS (FAULT_ENCODER latched; output=0)
TEST2_ENCODER_FAIL,1220,150.0,149.73,9.95,9.95,0.049,0,3,1,4585,0,0,PASS (FAULT_ENCODER latched; output=0)
TEST2_ENCODER_FAIL,1230,150.0,149.73,7.58,7.58,0.02,0,3,1,4623,0,0,PASS (FAULT_ENCODER latched; output=0)
TEST2_ENCODER_FAIL,1240,150.0,151.07,7.22,7.22,0.016,0,3,1,4661,0,0,PASS (FAULT_ENCODER latched; output=0)
TEST2_ENCODER_FAIL,1250,150.0,151.07,9.47,9.47,0.044,0,3,1,4698,0,0,PASS (FAULT_ENCODER latched; output=0)
TEST2_ENCODER_FAIL,1260,150.0,149.73,9.71,9.71,0.046,0,3,1,4735,0,0,PASS (FAULT_ENCODER latched; output=0)
TEST2_ENCODER_FAIL,1270,150.0,148.4,9.95,9.95,0.049,0,3,1,4772,0,0,PASS (FAULT_ENCODER latched; output=0)
TEST2_ENCODER_FAIL,1280,150.0,149.73,7.58,7.58,0.02,0,3,1,4810,0,0,PASS (FAULT_ENCODER latched; output=0)
TEST2_ENCODER_FAIL,1290,150.0,151.07,7.22,7.22,0.016,0,3,1,4848,0,0,PASS (FAULT_ENCODER latched; output=0)
TEST2_ENCODER_FAIL,1300,150.0,151.07,9.47,9.47,0.044,0,3,1,4885,0,0,PASS (FAULT_ENCODER latched; output=0)
TEST2_ENCODER_FAIL,1310,150.0,149.73,9.71,9.71,0.046,0,3,1,4922,0,0,PASS (FAULT_ENCODER latched; output=0)
TEST2_ENCODER_FAIL,1320,150.0,148.4,9.95,9.95,0.049,0,3,1,4959,0,0,PASS (FAULT_ENCODER latched; output=0)
TEST2_ENCODER_FAIL,1330,150.0,149.73,7.58,7.58,0.02,0,3,1,4997,0,0,PASS (FAULT_ENCODER latched; output=0)
TEST2_ENCODER_FAIL,1340,150.0,149.73,9.83,9.83,0.047,0,3,1,5034,0,0,PASS (FAULT_ENCODER latched; output=0)
TEST2_ENCODER_FAIL,1350,150.0,151.07,7.46,7.46,0.018,0,3,1,5072,0,0,PASS (FAULT_ENCODER latched; output=0)
TEST2_ENCODER_FAIL,1360,150.0,149.73,9.71,9.71,0.046,0,3,1,5109,0,0,PASS (FAULT_ENCODER latched; output=0)
TEST2_ENCODER_FAIL,1370,150.0,151.07,7.34,7.34,0.017,0,3,1,5147,0,0,PASS (FAULT_ENCODER latched; output=0)
TEST2_ENCODER_FAIL,1380,150.0,149.73,9.59,9.59,0.045,0,3,1,5184,0,0,PASS (FAULT_ENCODER latched; output=0)
TEST2_ENCODER_FAIL,1390,150.0,149.73,9.83,9.83,0.047,0,3,1,5221,0,0,PASS (FAULT_ENCODER latched; output=0)
TEST2_ENCODER_FAIL,1400,150.0,149.73,7.46,7.46,0.018,0,3,1,5259,0,0,PASS (FAULT_ENCODER latched; output=0)
TEST2_ENCODER_FAIL,1410,150.0,149.73,9.71,9.71,0.046,0,3,1,5296,0,0,PASS (FAULT_ENCODER latched; output=0)
TEST2_ENCODER_FAIL,1420,150.0,151.07,7.34,7.34,0.017,0,3,1,5334,0,0,PASS (FAULT_ENCODER latched; output=0)
TEST2_ENCODER_FAIL,1430,150.0,149.73,9.59,9.59,0.045,0,3,1,5371,0,0,PASS (FAULT_ENCODER latched; output=0)
TEST2_ENCODER_FAIL,1440,150.0,149.73,9.83,9.83,0.047,0,3,1,5408,0,0,PASS (FAULT_ENCODER latched; output=0)
TEST2_ENCODER_FAIL,1450,150.0,149.73,7.46,7.46,0.018,0,3,1,5446,0,0,PASS (FAULT_ENCODER latched; output=0)
TEST2_ENCODER_FAIL,1460,150.0,149.73,9.71,9.71,0.046,0,3,1,5483,0,0,PASS (FAULT_ENCODER latched; output=0)
TEST2_ENCODER_FAIL,1470,150.0,151.07,7.34,7.34,0.017,0,3,1,5521,0,0,PASS (FAULT_ENCODER latched; output=0)
TEST2_ENCODER_FAIL,1480,150.0,149.73,9.59,9.59,0.045,0,3,1,5558,0,0,PASS (FAULT_ENCODER latched; output=0)
TEST2_ENCODER_FAIL,1490,150.0,149.73,9.83,9.83,0.047,0,3,1,5595,0,0,PASS (FAULT_ENCODER latched; output=0)
TEST2_ENCODER_FAIL,1500,150.0,98.93,100.0,100.0,1.129,0,3,1,5595,1500,0,PASS (FAULT_ENCODER latched; output=0)
TEST2_ENCODER_FAIL,1510,150.0,49.47,100.0,100.0,1.085,0,3,1,5595,1500,0,PASS (FAULT_ENCODER latched; output=0)
TEST2_ENCODER_FAIL,1520,150.0,0.0,100.0,100.0,1.043,0,3,1,5595,1500,0,PASS (FAULT_ENCODER latched; output=0)
TEST2_ENCODER_FAIL,1530,150.0,0.0,100.0,100.0,1.004,0,3,1,5595,1500,0,PASS (FAULT_ENCODER latched; output=0)
TEST2_ENCODER_FAIL,1540,150.0,0.0,100.0,100.0,0.967,0,3,1,5595,1500,0,PASS (FAULT_ENCODER latched; output=0)
TEST2_ENCODER_FAIL,1550,150.0,0.0,100.0,100.0,0.933,0,3,1,5595,1500,0,PASS (FAULT_ENCODER latched; output=0)
TEST2_ENCODER_FAIL,1560,150.0,0.0,100.0,100.0,0.9,0,3,1,5595,1500,0,PASS (FAULT_ENCODER latched; output=0)
TEST2_ENCODER_FAIL,1570,150.0,0.0,100.0,100.0,0.87,0,3,1,5595,1500,0,PASS (FAULT_ENCODER latched; output=0)
TEST2_ENCODER_FAIL,1580,150.0,0.0,100.0,100.0,0.841,0,3,1,5595,1500,0,PASS (FAULT_ENCODER latched; output=0)
TEST2_ENCODER_FAIL,1590,150.0,0.0,100.0,100.0,0.814,0,3,1,5595,1500,0,PASS (FAULT_ENCODER latched; output=0)
TEST2_ENCODER_FAIL,1600,150.0,0.0,100.0,100.0,0.789,0,3,1,5595,1500,0,PASS (FAULT_ENCODER latched; output=0)
TEST2_ENCODER_FAIL,1610,150.0,0.0,100.0,100.0,0.765,0,3,1,5595,1500,0,PASS (FAULT_ENCODER latched; output=0)
TEST2_ENCODER_FAIL,1620,150.0,0.0,100.0,100.0,0.743,0,3,1,5595,1500,0,PASS (FAULT_ENCODER latched; output=0)
TEST2_ENCODER_FAIL,1630,150.0,0.0,100.0,100.0,0.722,0,3,1,5595,1500,0,PASS (FAULT_ENCODER latched; output=0)
TEST2_ENCODER_FAIL,1640,150.0,0.0,100.0,100.0,0.702,0,3,1,5595,1500,0,PASS (FAULT_ENCODER latched; output=0)
TEST2_ENCODER_FAIL,1650,150.0,0.0,100.0,100.0,0.684,0,3,1,5595,1500,0,PASS (FAULT_ENCODER latched; output=0)
TEST2_ENCODER_FAIL,1660,150.0,0.0,100.0,100.0,0.666,0,3,1,5595,1500,0,PASS (FAULT_ENCODER latched; output=0)
TEST2_ENCODER_FAIL,1670,150.0,0.0,100.0,100.0,0.65,0,3,1,5595,1500,0,PASS (FAULT_ENCODER latched; output=0)
TEST2_ENCODER_FAIL,1680,150.0,0.0,100.0,100.0,0.635,0,3,1,5595,1500,0,PASS (FAULT_ENCODER latched; output=0)
TEST2_ENCODER_FAIL,1690,150.0,0.0,100.0,100.0,0.62,0,3,1,5595,1500,0,PASS (FAULT_ENCODER latched; output=0)
TEST2_ENCODER_FAIL,1700,150.0,0.0,100.0,100.0,0.607,0,3,1,5595,1500,0,PASS (FAULT_ENCODER latched; output=0)
TEST2_ENCODER_FAIL,1710,150.0,0.0,100.0,100.0,0.594,0,3,1,5595,1500,0,PASS (FAULT_ENCODER latched; output=0)
TEST2_ENCODER_FAIL,1720,150.0,0.0,100.0,100.0,0.582,0,3,1,5595,1500,0,PASS (FAULT_ENCODER latched; output=0)
TEST2_ENCODER_FAIL,1730,150.0,0.0,100.0,100.0,0.571,0,3,1,5595,1500,0,PASS (FAULT_ENCODER latched; output=0)
TEST2_ENCODER_FAIL,1740,150.0,0.0,100.0,100.0,0.56,0,3,1,5595,1500,0,PASS (FAULT_ENCODER latched; output=0)
TEST2_ENCODER_FAIL,1750,150.0,0.0,100.0,100.0,0.551,0,3,1,5595,1500,0,PASS (FAULT_ENCODER latched; output=0)
TEST2_ENCODER_FAIL,1760,150.0,0.0,100.0,100.0,0.541,0,3,1,5595,1500,0,PASS (FAULT_ENCODER latched; output=0)
TEST2_ENCODER_FAIL,1770,150.0,0.0,100.0,100.0,0.532,0,3,1,5595,1500,0,PASS (FAULT_ENCODER latched; output=0)
TEST2_ENCODER_FAIL,1780,150.0,0.0,100.0,100.0,0.524,0,3,1,5595,1500,0,PASS (FAULT_ENCODER latched; output=0)
TEST2_ENCODER_FAIL,1790,150.0,0.0,100.0,100.0,0.517,0,3,1,5595,1500,0,PASS (FAULT_ENCODER latched; output=0)
TEST2_ENCODER_FAIL,1800,150.0,0.0,100.0,0.0,-0.691,16,4,0,5595,1500,300,PASS (FAULT_ENCODER latched; output=0)
TEST2_ENCODER_FAIL,1810,150.0,0.0,0.0,0.0,-0.649,16,4,0,5595,1500,300,PASS (FAULT_ENCODER latched; output=0)
TEST2_ENCODER_FAIL,1820,150.0,0.0,0.0,0.0,-0.61,16,4,0,5595,1500,300,PASS (FAULT_ENCODER latched; output=0)
TEST2_ENCODER_FAIL,1830,150.0,0.0,0.0,0.0,-0.573,16,4,0,5595,1500,300,PASS (FAULT_ENCODER latched; output=0)
TEST2_ENCODER_FAIL,1840,150.0,0.0,0.0,0.0,-0.538,16,4,0,5595,1500,300,PASS (FAULT_ENCODER latched; output=0)
TEST2_ENCODER_FAIL,1850,150.0,0.0,0.0,0.0,-0.506,16,4,0,5595,1500,300,PASS (FAULT_ENCODER latched; output=0)
TEST2_ENCODER_FAIL,1860,150.0,0.0,0.0,0.0,-0.475,16,4,0,5595,1500,300,PASS (FAULT_ENCODER latched; output=0)
TEST2_ENCODER_FAIL,1870,150.0,0.0,0.0,0.0,-0.446,16,4,0,5595,1500,300,PASS (FAULT_ENCODER latched; output=0)
TEST2_ENCODER_FAIL,1880,150.0,0.0,0.0,0.0,-0.419,16,4,0,5595,1500,300,PASS (FAULT_ENCODER latched; output=0)
TEST2_ENCODER_FAIL,1890,150.0,0.0,0.0,0.0,-0.394,16,4,0,5595,1500,300,PASS (FAULT_ENCODER latched; output=0)
TEST2_ENCODER_FAIL,1900,150.0,0.0,0.0,0.0,-0.37,16,4,0,5595,1500,300,PASS (FAULT_ENCODER latched; output=0)
TEST2_ENCODER_FAIL,1910,150.0,0.0,0.0,0.0,-0.348,16,4,0,5595,1500,300,PASS (FAULT_ENCODER latched; output=0)
TEST2_ENCODER_FAIL,1920,150.0,0.0,0.0,0.0,-0.327,16,4,0,5595,1500,300,PASS (FAULT_ENCODER latched; output=0)
TEST2_ENCODER_FAIL,1930,150.0,0.0,0.0,0.0,-0.307,16,4,0,5595,1500,300,PASS (FAULT_ENCODER latched; output=0)
TEST2_ENCODER_FAIL,1940,150.0,0.0,0.0,0.0,-0.288,16,4,0,5595,1500,300,PASS (FAULT_ENCODER latched; output=0)
TEST2_ENCODER_FAIL,1950,150.0,0.0,0.0,0.0,-0.271,16,4,0,5595,1500,300,PASS (FAULT_ENCODER latched; output=0)
TEST2_ENCODER_FAIL,1960,150.0,0.0,0.0,0.0,-0.254,16,4,0,5595,1500,300,PASS (FAULT_ENCODER latched; output=0)
TEST2_ENCODER_FAIL,1970,150.0,0.0,0.0,0.0,-0.239,16,4,0,5595,1500,300,PASS (FAULT_ENCODER latched; output=0)
TEST2_ENCODER_FAIL,1980,150.0,0.0,0.0,0.0,-0.225,16,4,0,5595,1500,300,PASS (FAULT_ENCODER latched; output=0)
TEST2_ENCODER_FAIL,1990,150.0,0.0,0.0,0.0,-0.211,16,4,0,5595,1500,300,PASS (FAULT_ENCODER latched; output=0)
TEST2_ENCODER_FAIL,2000,150.0,0.0,0.0,0.0,-0.198,16,4,0,5595,1500,300,PASS (FAULT_ENCODER latched; output=0)
TEST2_ENCODER_FAIL,2010,150.0,0.0,0.0,0.0,-0.186,16,4,0,5595,1500,300,PASS (FAULT_ENCODER latched; output=0)
TEST2_ENCODER_FAIL,2020,150.0,0.0,0.0,0.0,-0.175,16,4,0,5595,1500,300,PASS (FAULT_ENCODER latched; output=0)
TEST2_ENCODER_FAIL,2030,150.0,0.0,0.0,0.0,-0.164,16,4,0,5595,1500,300,PASS (FAULT_ENCODER latched; output=0)
TEST2_ENCODER_FAIL,2040,150.0,0.0,0.0,0.0,-0.154,16,4,0,5595,1500,300,PASS (FAULT_ENCODER latched; output=0)
TEST2_ENCODER_FAIL,2050,150.0,0.0,0.0,0.0,-0.145,16,4,0,5595,1500,300,PASS (FAULT_ENCODER latched; output=0)
TEST2_ENCODER_FAIL,2060,150.0,0.0,0.0,0.0,-0.136,16,4,0,5595,1500,300,PASS (FAULT_ENCODER latched; output=0)
TEST2_ENCODER_FAIL,2070,150.0,0.0,0.0,0.0,-0.128,16,4,0,5595,1500,300,PASS (FAULT_ENCODER latched; output=0)
TEST2_ENCODER_FAIL,2080,150.0,0.0,0.0,0.0,-0.12,16,4,0,5595,1500,300,PASS (FAULT_ENCODER latched; output=0)
TEST2_ENCODER_FAIL,2090,150.0,0.0,0.0,0.0,-0.113,16,4,0,5595,1500,300,PASS (FAULT_ENCODER latched; output=0)
TEST2_ENCODER_FAIL,2100,150.0,0.0,0.0,0.0,-0.106,16,4,0,5595,1500,300,PASS (FAULT_ENCODER latched; output=0)
TEST2_ENCODER_FAIL,2110,150.0,0.0,0.0,0.0,-0.1,16,4,0,5595,1500,300,PASS (FAULT_ENCODER latched; output=0)
TEST2_ENCODER_FAIL,2120,150.0,0.0,0.0,0.0,-0.094,16,4,0,5595,1500,300,PASS (FAULT_ENCODER latched; output=0)
TEST2_ENCODER_FAIL,2130,150.0,0.0,0.0,0.0,-0.088,16,4,0,5595,1500,300,PASS (FAULT_ENCODER latched; output=0)
TEST2_ENCODER_FAIL,2140,150.0,0.0,0.0,0.0,-0.083,16,4,0,5595,1500,300,PASS (FAULT_ENCODER latched; output=0)
TEST2_ENCODER_FAIL,2150,150.0,0.0,0.0,0.0,-0.078,16,4,0,5595,1500,300,PASS (FAULT_ENCODER latched; output=0)
TEST2_ENCODER_FAIL,2160,150.0,0.0,0.0,0.0,-0.073,16,4,0,5595,1500,300,PASS (FAULT_ENCODER latched; output=0)
TEST2_ENCODER_FAIL,2170,150.0,0.0,0.0,0.0,-0.069,16,4,0,5595,1500,300,PASS (FAULT_ENCODER latched; output=0)
TEST2_ENCODER_FAIL,2180,150.0,0.0,0.0,0.0,-0.064,16,4,0,5595,1500,300,PASS (FAULT_ENCODER latched; output=0)
TEST2_ENCODER_FAIL,2190,150.0,0.0,0.0,0.0,-0.061,16,4,0,5595,1500,300,PASS (FAULT_ENCODER latched; output=0)
TEST2_ENCODER_FAIL,2200,150.0,0.0,0.0,0.0,-0.057,16,4,0,5595,1500,300,PASS (FAULT_ENCODER latched; output=0)
TEST2_ENCODER_FAIL,2210,150.0,0.0,0.0,0.0,-0.053,16,4,0,5595,1500,300,PASS (FAULT_ENCODER latched; output=0)
TEST2_ENCODER_FAIL,2220,150.0,0.0,0.0,0.0,-0.05,16,4,0,5595,1500,300,PASS (FAULT_ENCODER latched; output=0)
TEST2_ENCODER_FAIL,2230,150.0,0.0,0.0,0.0,-0.047,16,4,0,5595,1500,300,PASS (FAULT_ENCODER latched; output=0)
TEST2_ENCODER_FAIL,2240,150.0,0.0,0.0,0.0,-0.044,16,4,0,5595,1500,300,PASS (FAULT_ENCODER latched; output=0)
TEST2_ENCODER_FAIL,2250,150.0,0.0,0.0,0.0,-0.042,16,4,0,5595,1500,300,PASS (FAULT_ENCODER latched; output=0)
TEST2_ENCODER_FAIL,2260,150.0,0.0,0.0,0.0,-0.039,16,4,0,5595,1500,300,PASS (FAULT_ENCODER latched; output=0)
TEST2_ENCODER_FAIL,2270,150.0,0.0,0.0,0.0,-0.037,16,4,0,5595,1500,300,PASS (FAULT_ENCODER latched; output=0)
TEST2_ENCODER_FAIL,2280,150.0,0.0,0.0,0.0,-0.035,16,4,0,5595,1500,300,PASS (FAULT_ENCODER latched; output=0)
TEST2_ENCODER_FAIL,2290,150.0,0.0,0.0,0.0,-0.032,16,4,0,5595,1500,300,PASS (FAULT_ENCODER latched; output=0)
TEST2_ENCODER_FAIL,2300,150.0,0.0,0.0,0.0,-0.03,16,4,0,5595,1500,300,PASS (FAULT_ENCODER latched; output=0)
TEST2_ENCODER_FAIL,2310,150.0,0.0,0.0,0.0,-0.029,16,4,0,5595,1500,300,PASS (FAULT_ENCODER latched; output=0)
TEST2_ENCODER_FAIL,2320,150.0,0.0,0.0,0.0,-0.027,16,4,0,5595,1500,300,PASS (FAULT_ENCODER latched; output=0)
TEST2_ENCODER_FAIL,2330,150.0,0.0,0.0,0.0,-0.025,16,4,0,5595,1500,300,PASS (FAULT_ENCODER latched; output=0)
TEST2_ENCODER_FAIL,2340,150.0,0.0,0.0,0.0,-0.024,16,4,0,5595,1500,300,PASS (FAULT_ENCODER latched; output=0)
TEST2_ENCODER_FAIL,2350,150.0,0.0,0.0,0.0,-0.022,16,4,0,5595,1500,300,PASS (FAULT_ENCODER latched; output=0)
TEST2_ENCODER_FAIL,2360,150.0,0.0,0.0,0.0,-0.021,16,4,0,5595,1500,300,PASS (FAULT_ENCODER latched; output=0)
TEST2_ENCODER_FAIL,2370,150.0,0.0,0.0,0.0,-0.02,16,4,0,5595,1500,300,PASS (FAULT_ENCODER latched; output=0)
TEST2_ENCODER_FAIL,2380,150.0,0.0,0.0,0.0,-0.019,16,4,0,5595,1500,300,PASS (FAULT_ENCODER latched; output=0)
TEST2_ENCODER_FAIL,2390,150.0,0.0,0.0,0.0,-0.017,16,4,0,5595,1500,300,PASS (FAULT_ENCODER latched; output=0)
TEST2_ENCODER_FAIL,2400,150.0,0.0,0.0,0.0,-0.016,16,4,0,5595,1500,300,PASS (FAULT_ENCODER latched; output=0)
TEST2_ENCODER_FAIL,2410,150.0,0.0,0.0,0.0,-0.015,16,4,0,5595,1500,300,PASS (FAULT_ENCODER latched; output=0)
TEST2_ENCODER_FAIL,2420,150.0,0.0,0.0,0.0,-0.014,16,4,0,5595,1500,300,PASS (FAULT_ENCODER latched; output=0)
TEST2_ENCODER_FAIL,2430,150.0,0.0,0.0,0.0,-0.014,16,4,0,5595,1500,300,PASS (FAULT_ENCODER latched; output=0)
TEST2_ENCODER_FAIL,2440,150.0,0.0,0.0,0.0,-0.013,16,4,0,5595,1500,300,PASS (FAULT_ENCODER latched; output=0)
TEST2_ENCODER_FAIL,2450,150.0,0.0,0.0,0.0,-0.012,16,4,0,5595,1500,300,PASS (FAULT_ENCODER latched; output=0)
TEST2_ENCODER_FAIL,2460,150.0,0.0,0.0,0.0,-0.011,16,4,0,5595,1500,300,PASS (FAULT_ENCODER latched; output=0)
TEST2_ENCODER_FAIL,2470,150.0,0.0,0.0,0.0,-0.011,16,4,0,5595,1500,300,PASS (FAULT_ENCODER latched; output=0)
TEST2_ENCODER_FAIL,2480,150.0,0.0,0.0,0.0,-0.01,16,4,0,5595,1500,300,PASS (FAULT_ENCODER latched; output=0)
TEST2_ENCODER_FAIL,2490,150.0,0.0,0.0,0.0,-0.009,16,4,0,5595,1500,300,PASS (FAULT_ENCODER latched; output=0)
TEST2_ENCODER_FAIL,2500,150.0,0.0,0.0,0.0,-0.009,16,4,0,5595,1500,300,PASS (FAULT_ENCODER latched; output=0)
TEST2_ENCODER_FAIL,2510,150.0,0.0,0.0,0.0,-0.008,16,4,0,5595,1500,300,PASS (FAULT_ENCODER latched; output=0)
TEST2_ENCODER_FAIL,2520,150.0,0.0,0.0,0.0,-0.008,16,4,0,5595,1500,300,PASS (FAULT_ENCODER latched; output=0)
TEST2_ENCODER_FAIL,2530,150.0,0.0,0.0,0.0,-0.007,16,4,0,5595,1500,300,PASS (FAULT_ENCODER latched; output=0)
TEST2_ENCODER_FAIL,2540,150.0,0.0,0.0,0.0,-0.007,16,4,0,5595,1500,300,PASS (FAULT_ENCODER latched; output=0)
TEST2_ENCODER_FAIL,2550,150.0,0.0,0.0,0.0,-0.006,16,4,0,5595,1500,300,PASS (FAULT_ENCODER latched; output=0)
TEST2_ENCODER_FAIL,2560,150.0,0.0,0.0,0.0,-0.006,16,4,0,5595,1500,300,PASS (FAULT_ENCODER latched; output=0)
TEST2_ENCODER_FAIL,2570,150.0,0.0,0.0,0.0,-0.006,16,4,0,5595,1500,300,PASS (FAULT_ENCODER latched; output=0)
TEST2_ENCODER_FAIL,2580,150.0,0.0,0.0,0.0,-0.005,16,4,0,5595,1500,300,PASS (FAULT_ENCODER latched; output=0)
TEST2_ENCODER_FAIL,2590,150.0,0.0,0.0,0.0,-0.005,16,4,0,5595,1500,300,PASS (FAULT_ENCODER latched; output=0)
TEST2_ENCODER_FAIL,2600,150.0,0.0,0.0,0.0,-0.005,16,4,0,5595,1500,300,PASS (FAULT_ENCODER latched; output=0)
TEST2_ENCODER_FAIL,2610,150.0,0.0,0.0,0.0,-0.004,16,4,0,5595,1500,300,PASS (FAULT_ENCODER latched; output=0)
TEST2_ENCODER_FAIL,2620,150.0,0.0,0.0,0.0,-0.004,16,4,0,5595,1500,300,PASS (FAULT_ENCODER latched; output=0)
TEST2_ENCODER_FAIL,2630,150.0,0.0,0.0,0.0,-0.004,16,4,0,5595,1500,300,PASS (FAULT_ENCODER latched; output=0)
TEST2_ENCODER_FAIL,2640,150.0,0.0,0.0,0.0,-0.004,16,4,0,5595,1500,300,PASS (FAULT_ENCODER latched; output=0)
TEST2_ENCODER_FAIL,2650,150.0,0.0,0.0,0.0,-0.003,16,4,0,5595,1500,300,PASS (FAULT_ENCODER latched; output=0)
TEST2_ENCODER_FAIL,2660,150.0,0.0,0.0,0.0,-0.003,16,4,0,5595,1500,300,PASS (FAULT_ENCODER latched; output=0)
TEST2_ENCODER_FAIL,2670,150.0,0.0,0.0,0.0,-0.003,16,4,0,5595,1500,300,PASS (FAULT_ENCODER latched; output=0)
TEST2_ENCODER_FAIL,2680,150.0,0.0,0.0,0.0,-0.003,16,4,0,5595,1500,300,PASS (FAULT_ENCODER latched; output=0)
TEST2_ENCODER_FAIL,2690,150.0,0.0,0.0,0.0,-0.003,16,4,0,5595,1500,300,PASS (FAULT_ENCODER latched; output=0)
TEST2_ENCODER_FAIL,2700,150.0,0.0,0.0,0.0,-0.003,16,4,0,5595,1500,300,PASS (FAULT_ENCODER latched; output=0)
TEST2_ENCODER_FAIL,2710,150.0,0.0,0.0,0.0,-0.002,16,4,0,5595,1500,300,PASS (FAULT_ENCODER latched; output=0)
TEST2_ENCODER_FAIL,2720,150.0,0.0,0.0,0.0,-0.002,16,4,0,5595,1500,300,PASS (FAULT_ENCODER latched; output=0)
TEST2_ENCODER_FAIL,2730,150.0,0.0,0.0,0.0,-0.002,16,4,0,5595,1500,300,PASS (FAULT_ENCODER latched; output=0)
TEST2_ENCODER_FAIL,2740,150.0,0.0,0.0,0.0,-0.002,16,4,0,5595,1500,300,PASS (FAULT_ENCODER latched; output=0)
TEST2_ENCODER_FAIL,2750,150.0,0.0,0.0,0.0,-0.002,16,4,0,5595,1500,300,PASS (FAULT_ENCODER latched; output=0)
TEST2_ENCODER_FAIL,2760,150.0,0.0,0.0,0.0,-0.002,16,4,0,5595,1500,300,PASS (FAULT_ENCODER latched; output=0)
TEST2_ENCODER_FAIL,2770,150.0,0.0,0.0,0.0,-0.002,16,4,0,5595,1500,300,PASS (FAULT_ENCODER latched; output=0)
TEST2_ENCODER_FAIL,2780,150.0,0.0,0.0,0.0,-0.002,16,4,0,5595,1500,300,PASS (FAULT_ENCODER latched; output=0)
TEST2_ENCODER_FAIL,2790,150.0,0.0,0.0,0.0,-0.001,16,4,0,5595,1500,300,PASS (FAULT_ENCODER latched; output=0)
TEST2_ENCODER_FAIL,2800,150.0,0.0,0.0,0.0,-0.001,16,4,0,5595,1500,300,PASS (FAULT_ENCODER latched; output=0)
TEST2_ENCODER_FAIL,2810,150.0,0.0,0.0,0.0,-0.001,16,4,0,5595,1500,300,PASS (FAULT_ENCODER latched; output=0)
TEST2_ENCODER_FAIL,2820,150.0,0.0,0.0,0.0,-0.001,16,4,0,5595,1500,300,PASS (FAULT_ENCODER latched; output=0)
TEST2_ENCODER_FAIL,2830,150.0,0.0,0.0,0.0,-0.001,16,4,0,5595,1500,300,PASS (FAULT_ENCODER latched; output=0)
TEST2_ENCODER_FAIL,2840,150.0,0.0,0.0,0.0,-0.001,16,4,0,5595,1500,300,PASS (FAULT_ENCODER latched; output=0)
TEST2_ENCODER_FAIL,2850,150.0,0.0,0.0,0.0,-0.001,16,4,0,5595,1500,300,PASS (FAULT_ENCODER latched; output=0)
TEST2_ENCODER_FAIL,2860,150.0,0.0,0.0,0.0,-0.001,16,4,0,5595,1500,300,PASS (FAULT_ENCODER latched; output=0)
TEST2_ENCODER_FAIL,2870,150.0,0.0,0.0,0.0,-0.001,16,4,0,5595,1500,300,PASS (FAULT_ENCODER latched; output=0)
TEST2_ENCODER_FAIL,2880,150.0,0.0,0.0,0.0,-0.001,16,4,0,5595,1500,300,PASS (FAULT_ENCODER latched; output=0)
TEST2_ENCODER_FAIL,2890,150.0,0.0,0.0,0.0,-0.001,16,4,0,5595,1500,300,PASS (FAULT_ENCODER latched; output=0)
TEST2_ENCODER_FAIL,2900,150.0,0.0,0.0,0.0,-0.001,16,4,0,5595,1500,300,PASS (FAULT_ENCODER latched; output=0)
TEST2_ENCODER_FAIL,2910,150.0,0.0,0.0,0.0,-0.001,16,4,0,5595,1500,300,PASS (FAULT_ENCODER latched; output=0)
TEST2_ENCODER_FAIL,2920,150.0,0.0,0.0,0.0,-0.001,16,4,0,5595,1500,300,PASS (FAULT_ENCODER latched; output=0)
TEST2_ENCODER_FAIL,2930,150.0,0.0,0.0,0.0,-0.001,16,4,0,5595,1500,300,PASS (FAULT_ENCODER latched; output=0)
TEST2_ENCODER_FAIL,2940,150.0,0.0,0.0,0.0,-0.001,16,4,0,5595,1500,300,PASS (FAULT_ENCODER latched; output=0)
TEST2_ENCODER_FAIL,2950,150.0,0.0,0.0,0.0,-0.001,16,4,0,5595,1500,300,PASS (FAULT_ENCODER latched; output=0)
TEST2_ENCODER_FAIL,2960,150.0,0.0,0.0,0.0,-0.0,16,4,0,5595,1500,300,PASS (FAULT_ENCODER latched; output=0)
TEST2_ENCODER_FAIL,2970,150.0,0.0,0.0,0.0,-0.0,16,4,0,5595,1500,300,PASS (FAULT_ENCODER latched; output=0)
TEST2_ENCODER_FAIL,2980,150.0,0.0,0.0,0.0,-0.0,16,4,0,5595,1500,300,PASS (FAULT_ENCODER latched; output=0)
TEST2_ENCODER_FAIL,2990,150.0,0.0,0.0,0.0,0.0,16,4,0,5595,1500,300,PASS (FAULT_ENCODER latched; output=0)
TEST3_SENSOR_FAIL,0,150.0,0.0,97.5,97.5,1.17,0,3,1,0,0,10.0,PASS (FAULT_SENSOR latched; output=0)
TEST3_SENSOR_FAIL,10,150.0,44.12,62.65,62.65,0.709,0,3,1,22,0,10.0,PASS (FAULT_SENSOR latched; output=0)
TEST3_SENSOR_FAIL,20,150.0,80.21,30.2,30.2,0.292,0,3,1,60,0,10.0,PASS (FAULT_SENSOR latched; output=0)
TEST3_SENSOR_FAIL,30,150.0,137.7,16.8,16.8,0.121,0,3,1,103,0,10.0,PASS (FAULT_SENSOR latched; output=0)
TEST3_SENSOR_FAIL,40,150.0,167.11,10.83,10.83,0.046,0,3,1,147,0,10.0,PASS (FAULT_SENSOR latched; output=0)
TEST3_SENSOR_FAIL,50,150.0,176.47,4.25,4.25,-0.034,0,3,1,192,0,10.0,PASS (FAULT_SENSOR latched; output=0)
TEST3_SENSOR_FAIL,60,150.0,176.47,4.89,4.89,-0.023,0,3,1,235,0,10.0,PASS (FAULT_SENSOR latched; output=0)
TEST3_SENSOR_FAIL,70,150.0,173.8,4.13,4.13,-0.029,0,3,1,277,0,10.0,PASS (FAULT_SENSOR latched; output=0)
TEST3_SENSOR_FAIL,80,150.0,167.11,6.58,6.58,0.003,0,3,1,317,0,10.0,PASS (FAULT_SENSOR latched; output=0)
TEST3_SENSOR_FAIL,90,150.0,163.1,5.01,5.01,-0.015,0,3,1,357,0,10.0,PASS (FAULT_SENSOR latched; output=0)
TEST3_SENSOR_FAIL,100,150.0,157.75,8.66,8.66,0.031,0,3,1,395,0,10.0,PASS (FAULT_SENSOR latched; output=0)
TEST3_SENSOR_FAIL,110,150.0,156.42,5.7,5.7,-0.004,0,3,1,434,0,10.0,PASS (FAULT_SENSOR latched; output=0)
TEST3_SENSOR_FAIL,120,150.0,152.41,9.95,9.95,0.048,0,3,1,471,0,10.0,PASS (FAULT_SENSOR latched; output=0)
TEST3_SENSOR_FAIL,130,150.0,152.41,7.58,7.58,0.02,0,3,1,509,0,10.0,PASS (FAULT_SENSOR latched; output=0)
TEST3_SENSOR_FAIL,140,150.0,149.73,9.83,9.83,0.047,0,3,1,546,0,10.0,PASS (FAULT_SENSOR latched; output=0)
TEST3_SENSOR_FAIL,150,150.0,151.07,7.46,7.46,0.018,0,3,1,584,0,10.0,PASS (FAULT_SENSOR latched; output=0)
TEST3_SENSOR_FAIL,160,150.0,149.73,9.71,9.71,0.046,0,3,1,621,0,10.0,PASS (FAULT_SENSOR latched; output=0)
TEST3_SENSOR_FAIL,170,150.0,151.07,7.34,7.34,0.017,0,3,1,659,0,10.0,PASS (FAULT_SENSOR latched; output=0)
TEST3_SENSOR_FAIL,180,150.0,149.73,9.59,9.59,0.045,0,3,1,696,0,10.0,PASS (FAULT_SENSOR latched; output=0)
TEST3_SENSOR_FAIL,190,150.0,151.07,7.22,7.22,0.016,0,3,1,734,0,10.0,PASS (FAULT_SENSOR latched; output=0)
TEST3_SENSOR_FAIL,200,150.0,149.73,9.47,9.47,0.044,0,3,1,771,0,10.0,PASS (FAULT_SENSOR latched; output=0)
TEST3_SENSOR_FAIL,210,150.0,149.73,9.71,9.71,0.046,0,3,1,808,0,10.0,PASS (FAULT_SENSOR latched; output=0)
TEST3_SENSOR_FAIL,220,150.0,148.4,9.95,9.95,0.049,0,3,1,845,0,10.0,PASS (FAULT_SENSOR latched; output=0)
TEST3_SENSOR_FAIL,230,150.0,149.73,7.58,7.58,0.02,0,3,1,883,0,10.0,PASS (FAULT_SENSOR latched; output=0)
TEST3_SENSOR_FAIL,240,150.0,149.73,9.83,9.83,0.047,0,3,1,920,0,10.0,PASS (FAULT_SENSOR latched; output=0)
TEST3_SENSOR_FAIL,250,150.0,151.07,7.46,7.46,0.018,0,3,1,958,0,10.0,PASS (FAULT_SENSOR latched; output=0)
TEST3_SENSOR_FAIL,260,150.0,149.73,9.71,9.71,0.046,0,3,1,995,0,10.0,PASS (FAULT_SENSOR latched; output=0)
TEST3_SENSOR_FAIL,270,150.0,151.07,7.34,7.34,0.017,0,3,1,1033,0,10.0,PASS (FAULT_SENSOR latched; output=0)
TEST3_SENSOR_FAIL,280,150.0,149.73,9.59,9.59,0.045,0,3,1,1070,0,10.0,PASS (FAULT_SENSOR latched; output=0)
TEST3_SENSOR_FAIL,290,150.0,149.73,9.83,9.83,0.047,0,3,1,1107,0,10.0,PASS (FAULT_SENSOR latched; output=0)
TEST3_SENSOR_FAIL,300,150.0,149.73,7.46,7.46,0.018,0,3,1,1145,0,10.0,PASS (FAULT_SENSOR latched; output=0)
TEST3_SENSOR_FAIL,310,150.0,149.73,9.71,9.71,0.046,0,3,1,1182,0,10.0,PASS (FAULT_SENSOR latched; output=0)
TEST3_SENSOR_FAIL,320,150.0,151.07,7.34,7.34,0.017,0,3,1,1220,0,10.0,PASS (FAULT_SENSOR latched; output=0)
TEST3_SENSOR_FAIL,330,150.0,149.73,9.59,9.59,0.045,0,3,1,1257,0,10.0,PASS (FAULT_SENSOR latched; output=0)
TEST3_SENSOR_FAIL,340,150.0,149.73,9.83,9.83,0.047,0,3,1,1294,0,10.0,PASS (FAULT_SENSOR latched; output=0)
TEST3_SENSOR_FAIL,350,150.0,149.73,7.46,7.46,0.018,0,3,1,1332,0,10.0,PASS (FAULT_SENSOR latched; output=0)
TEST3_SENSOR_FAIL,360,150.0,149.73,9.71,9.71,0.046,0,3,1,1369,0,10.0,PASS (FAULT_SENSOR latched; output=0)
TEST3_SENSOR_FAIL,370,150.0,151.07,7.34,7.34,0.017,0,3,1,1407,0,10.0,PASS (FAULT_SENSOR latched; output=0)
TEST3_SENSOR_FAIL,380,150.0,149.73,9.59,9.59,0.045,0,3,1,1444,0,10.0,PASS (FAULT_SENSOR latched; output=0)
TEST3_SENSOR_FAIL,390,150.0,149.73,9.83,9.83,0.047,0,3,1,1481,0,10.0,PASS (FAULT_SENSOR latched; output=0)
TEST3_SENSOR_FAIL,400,150.0,149.73,7.46,7.46,0.018,0,3,1,1519,0,10.0,PASS (FAULT_SENSOR latched; output=0)
TEST3_SENSOR_FAIL,410,150.0,149.73,9.71,9.71,0.046,0,3,1,1556,0,10.0,PASS (FAULT_SENSOR latched; output=0)
TEST3_SENSOR_FAIL,420,150.0,151.07,7.34,7.34,0.017,0,3,1,1594,0,10.0,PASS (FAULT_SENSOR latched; output=0)
TEST3_SENSOR_FAIL,430,150.0,149.73,9.59,9.59,0.045,0,3,1,1631,0,10.0,PASS (FAULT_SENSOR latched; output=0)
TEST3_SENSOR_FAIL,440,150.0,149.73,9.83,9.83,0.047,0,3,1,1668,0,10.0,PASS (FAULT_SENSOR latched; output=0)
TEST3_SENSOR_FAIL,450,150.0,149.73,7.46,7.46,0.018,0,3,1,1706,0,10.0,PASS (FAULT_SENSOR latched; output=0)
TEST3_SENSOR_FAIL,460,150.0,149.73,9.71,9.71,0.046,0,3,1,1743,0,10.0,PASS (FAULT_SENSOR latched; output=0)
TEST3_SENSOR_FAIL,470,150.0,149.73,9.95,9.95,0.049,0,3,1,1780,0,10.0,PASS (FAULT_SENSOR latched; output=0)
TEST3_SENSOR_FAIL,480,150.0,149.73,7.58,7.58,0.02,0,3,1,1818,0,10.0,PASS (FAULT_SENSOR latched; output=0)
TEST3_SENSOR_FAIL,490,150.0,151.07,7.22,7.22,0.016,0,3,1,1856,0,10.0,PASS (FAULT_SENSOR latched; output=0)
TEST3_SENSOR_FAIL,500,150.0,151.07,9.47,9.47,0.044,0,3,1,1893,0,10.0,PASS (FAULT_SENSOR latched; output=0)
TEST3_SENSOR_FAIL,510,150.0,149.73,9.71,9.71,0.046,0,3,1,1930,0,10.0,PASS (FAULT_SENSOR latched; output=0)
TEST3_SENSOR_FAIL,520,150.0,148.4,9.95,9.95,0.049,0,3,1,1967,0,10.0,PASS (FAULT_SENSOR latched; output=0)
TEST3_SENSOR_FAIL,530,150.0,149.73,7.58,7.58,0.02,0,3,1,2005,0,10.0,PASS (FAULT_SENSOR latched; output=0)
TEST3_SENSOR_FAIL,540,150.0,151.07,7.22,7.22,0.016,0,3,1,2043,0,10.0,PASS (FAULT_SENSOR latched; output=0)
TEST3_SENSOR_FAIL,550,150.0,151.07,9.47,9.47,0.044,0,3,1,2080,0,10.0,PASS (FAULT_SENSOR latched; output=0)
TEST3_SENSOR_FAIL,560,150.0,149.73,9.71,9.71,0.046,0,3,1,2117,0,10.0,PASS (FAULT_SENSOR latched; output=0)
TEST3_SENSOR_FAIL,570,150.0,148.4,9.95,9.95,0.049,0,3,1,2154,0,10.0,PASS (FAULT_SENSOR latched; output=0)
TEST3_SENSOR_FAIL,580,150.0,149.73,7.58,7.58,0.02,0,3,1,2192,0,10.0,PASS (FAULT_SENSOR latched; output=0)
TEST3_SENSOR_FAIL,590,150.0,149.73,9.83,9.83,0.047,0,3,1,2229,0,10.0,PASS (FAULT_SENSOR latched; output=0)
TEST3_SENSOR_FAIL,600,150.0,151.07,7.46,7.46,0.018,0,3,1,2267,0,10.0,PASS (FAULT_SENSOR latched; output=0)
TEST3_SENSOR_FAIL,610,150.0,149.73,9.71,9.71,0.046,0,3,1,2304,0,10.0,PASS (FAULT_SENSOR latched; output=0)
TEST3_SENSOR_FAIL,620,150.0,151.07,7.34,7.34,0.017,0,3,1,2342,0,10.0,PASS (FAULT_SENSOR latched; output=0)
TEST3_SENSOR_FAIL,630,150.0,149.73,9.59,9.59,0.045,0,3,1,2379,0,10.0,PASS (FAULT_SENSOR latched; output=0)
TEST3_SENSOR_FAIL,640,150.0,149.73,9.83,9.83,0.047,0,3,1,2416,0,10.0,PASS (FAULT_SENSOR latched; output=0)
TEST3_SENSOR_FAIL,650,150.0,149.73,7.46,7.46,0.018,0,3,1,2454,0,10.0,PASS (FAULT_SENSOR latched; output=0)
TEST3_SENSOR_FAIL,660,150.0,149.73,9.71,9.71,0.046,0,3,1,2491,0,10.0,PASS (FAULT_SENSOR latched; output=0)
TEST3_SENSOR_FAIL,670,150.0,151.07,7.34,7.34,0.017,0,3,1,2529,0,10.0,PASS (FAULT_SENSOR latched; output=0)
TEST3_SENSOR_FAIL,680,150.0,149.73,9.59,9.59,0.045,0,3,1,2566,0,10.0,PASS (FAULT_SENSOR latched; output=0)
TEST3_SENSOR_FAIL,690,150.0,149.73,9.83,9.83,0.047,0,3,1,2603,0,10.0,PASS (FAULT_SENSOR latched; output=0)
TEST3_SENSOR_FAIL,700,150.0,149.73,7.46,7.46,0.018,0,3,1,2641,0,10.0,PASS (FAULT_SENSOR latched; output=0)
TEST3_SENSOR_FAIL,710,150.0,149.73,9.71,9.71,0.046,0,3,1,2678,0,10.0,PASS (FAULT_SENSOR latched; output=0)
TEST3_SENSOR_FAIL,720,150.0,151.07,7.34,7.34,0.017,0,3,1,2716,0,10.0,PASS (FAULT_SENSOR latched; output=0)
TEST3_SENSOR_FAIL,730,150.0,149.73,9.59,9.59,0.045,0,3,1,2753,0,10.0,PASS (FAULT_SENSOR latched; output=0)
TEST3_SENSOR_FAIL,740,150.0,149.73,9.83,9.83,0.047,0,3,1,2790,0,10.0,PASS (FAULT_SENSOR latched; output=0)
TEST3_SENSOR_FAIL,750,150.0,149.73,7.46,7.46,0.018,0,3,1,2828,0,10.0,PASS (FAULT_SENSOR latched; output=0)
TEST3_SENSOR_FAIL,760,150.0,149.73,9.71,9.71,0.046,0,3,1,2865,0,10.0,PASS (FAULT_SENSOR latched; output=0)
TEST3_SENSOR_FAIL,770,150.0,151.07,7.34,7.34,0.017,0,3,1,2903,0,10.0,PASS (FAULT_SENSOR latched; output=0)
TEST3_SENSOR_FAIL,780,150.0,149.73,9.59,9.59,0.045,0,3,1,2940,0,10.0,PASS (FAULT_SENSOR latched; output=0)
TEST3_SENSOR_FAIL,790,150.0,149.73,9.83,9.83,0.047,0,3,1,2977,0,10.0,PASS (FAULT_SENSOR latched; output=0)
TEST3_SENSOR_FAIL,800,150.0,149.73,7.46,7.46,0.018,0,3,1,3015,0,10.0,PASS (FAULT_SENSOR latched; output=0)
TEST3_SENSOR_FAIL,810,150.0,149.73,9.71,9.71,0.046,0,3,1,3052,0,10.0,PASS (FAULT_SENSOR latched; output=0)
TEST3_SENSOR_FAIL,820,150.0,151.07,7.34,7.34,0.017,0,3,1,3090,0,10.0,PASS (FAULT_SENSOR latched; output=0)
TEST3_SENSOR_FAIL,830,150.0,149.73,9.59,9.59,0.045,0,3,1,3127,0,10.0,PASS (FAULT_SENSOR latched; output=0)
TEST3_SENSOR_FAIL,840,150.0,149.73,9.83,9.83,0.047,0,3,1,3164,0,10.0,PASS (FAULT_SENSOR latched; output=0)
TEST3_SENSOR_FAIL,850,150.0,149.73,7.46,7.46,0.018,0,3,1,3202,0,10.0,PASS (FAULT_SENSOR latched; output=0)
TEST3_SENSOR_FAIL,860,150.0,149.73,9.71,9.71,0.046,0,3,1,3239,0,10.0,PASS (FAULT_SENSOR latched; output=0)
TEST3_SENSOR_FAIL,870,150.0,149.73,9.95,9.95,0.049,0,3,1,3276,0,10.0,PASS (FAULT_SENSOR latched; output=0)
TEST3_SENSOR_FAIL,880,150.0,149.73,7.58,7.58,0.02,0,3,1,3314,0,10.0,PASS (FAULT_SENSOR latched; output=0)
TEST3_SENSOR_FAIL,890,150.0,149.73,9.83,9.83,0.047,0,3,1,3351,0,10.0,PASS (FAULT_SENSOR latched; output=0)
TEST3_SENSOR_FAIL,900,150.0,151.07,7.46,7.46,0.018,0,3,1,3389,0,10.0,PASS (FAULT_SENSOR latched; output=0)
TEST3_SENSOR_FAIL,910,150.0,151.07,7.1,7.1,0.015,0,3,1,3427,0,10.0,PASS (FAULT_SENSOR latched; output=0)
TEST3_SENSOR_FAIL,920,150.0,149.73,11.95,11.95,0.074,0,3,1,3463,0,10.0,PASS (FAULT_SENSOR latched; output=0)
TEST3_SENSOR_FAIL,930,150.0,149.73,7.58,7.58,0.02,0,3,1,3501,0,10.0,PASS (FAULT_SENSOR latched; output=0)
TEST3_SENSOR_FAIL,940,150.0,149.73,7.22,7.22,0.016,0,3,1,3539,0,10.0,PASS (FAULT_SENSOR latched; output=0)
TEST3_SENSOR_FAIL,950,150.0,151.07,9.47,9.47,0.044,0,3,1,3576,0,10.0,PASS (FAULT_SENSOR latched; output=0)
TEST3_SENSOR_FAIL,960,150.0,149.73,9.71,9.71,0.046,0,3,1,3613,0,10.0,PASS (FAULT_SENSOR latched; output=0)
TEST3_SENSOR_FAIL,970,150.0,148.4,9.95,9.95,0.049,0,3,1,3650,0,10.0,PASS (FAULT_SENSOR latched; output=0)
TEST3_SENSOR_FAIL,980,150.0,149.73,7.58,7.58,0.02,0,3,1,3688,0,10.0,PASS (FAULT_SENSOR latched; output=0)
TEST3_SENSOR_FAIL,990,150.0,149.73,9.83,9.83,0.047,0,3,1,3725,0,10.0,PASS (FAULT_SENSOR latched; output=0)
TEST3_SENSOR_FAIL,1000,150.0,151.07,7.46,7.46,0.018,0,3,1,3763,0,10.0,PASS (FAULT_SENSOR latched; output=0)
TEST3_SENSOR_FAIL,1010,150.0,149.73,9.71,9.71,0.046,0,3,1,3800,0,10.0,PASS (FAULT_SENSOR latched; output=0)
TEST3_SENSOR_FAIL,1020,150.0,151.07,7.34,7.34,0.017,0,3,1,3838,0,10.0,PASS (FAULT_SENSOR latched; output=0)
TEST3_SENSOR_FAIL,1030,150.0,149.73,9.59,9.59,0.045,0,3,1,3875,0,10.0,PASS (FAULT_SENSOR latched; output=0)
TEST3_SENSOR_FAIL,1040,150.0,149.73,9.83,9.83,0.047,0,3,1,3912,0,10.0,PASS (FAULT_SENSOR latched; output=0)
TEST3_SENSOR_FAIL,1050,150.0,149.73,7.46,7.46,0.018,0,3,1,3950,0,10.0,PASS (FAULT_SENSOR latched; output=0)
TEST3_SENSOR_FAIL,1060,150.0,149.73,9.71,9.71,0.046,0,3,1,3987,0,10.0,PASS (FAULT_SENSOR latched; output=0)
TEST3_SENSOR_FAIL,1070,150.0,151.07,7.34,7.34,0.017,0,3,1,4025,0,10.0,PASS (FAULT_SENSOR latched; output=0)
TEST3_SENSOR_FAIL,1080,150.0,149.73,9.59,9.59,0.045,0,3,1,4062,0,10.0,PASS (FAULT_SENSOR latched; output=0)
TEST3_SENSOR_FAIL,1090,150.0,149.73,9.83,9.83,0.047,0,3,1,4099,0,10.0,PASS (FAULT_SENSOR latched; output=0)
TEST3_SENSOR_FAIL,1100,150.0,149.73,7.46,7.46,0.018,0,3,1,4137,0,10.0,PASS (FAULT_SENSOR latched; output=0)
TEST3_SENSOR_FAIL,1110,150.0,149.73,9.71,9.71,0.046,0,3,1,4174,0,10.0,PASS (FAULT_SENSOR latched; output=0)
TEST3_SENSOR_FAIL,1120,150.0,151.07,7.34,7.34,0.017,0,3,1,4212,0,10.0,PASS (FAULT_SENSOR latched; output=0)
TEST3_SENSOR_FAIL,1130,150.0,149.73,9.59,9.59,0.045,0,3,1,4249,0,10.0,PASS (FAULT_SENSOR latched; output=0)
TEST3_SENSOR_FAIL,1140,150.0,149.73,9.83,9.83,0.047,0,3,1,4286,0,10.0,PASS (FAULT_SENSOR latched; output=0)
TEST3_SENSOR_FAIL,1150,150.0,149.73,7.46,7.46,0.018,0,3,1,4324,0,10.0,PASS (FAULT_SENSOR latched; output=0)
TEST3_SENSOR_FAIL,1160,150.0,149.73,9.71,9.71,0.046,0,3,1,4361,0,10.0,PASS (FAULT_SENSOR latched; output=0)
TEST3_SENSOR_FAIL,1170,150.0,151.07,7.34,7.34,0.017,0,3,1,4399,0,10.0,PASS (FAULT_SENSOR latched; output=0)
TEST3_SENSOR_FAIL,1180,150.0,149.73,9.59,9.59,0.045,0,3,1,4436,0,10.0,PASS (FAULT_SENSOR latched; output=0)
TEST3_SENSOR_FAIL,1190,150.0,149.73,9.83,9.83,0.047,0,3,1,4473,0,10.0,PASS (FAULT_SENSOR latched; output=0)
TEST3_SENSOR_FAIL,1200,150.0,149.73,7.46,7.46,0.018,0,3,1,4511,0,10.0,PASS (FAULT_SENSOR latched; output=0)
TEST3_SENSOR_FAIL,1210,150.0,149.73,9.71,9.71,0.046,0,3,1,4548,0,10.0,PASS (FAULT_SENSOR latched; output=0)
TEST3_SENSOR_FAIL,1220,150.0,149.73,9.95,9.95,0.049,0,3,1,4585,0,10.0,PASS (FAULT_SENSOR latched; output=0)
TEST3_SENSOR_FAIL,1230,150.0,149.73,7.58,7.58,0.02,0,3,1,4623,0,10.0,PASS (FAULT_SENSOR latched; output=0)
TEST3_SENSOR_FAIL,1240,150.0,151.07,7.22,7.22,0.016,0,3,1,4661,0,10.0,PASS (FAULT_SENSOR latched; output=0)
TEST3_SENSOR_FAIL,1250,150.0,151.07,9.47,9.47,0.044,0,3,1,4698,0,10.0,PASS (FAULT_SENSOR latched; output=0)
TEST3_SENSOR_FAIL,1260,150.0,149.73,9.71,9.71,0.046,0,3,1,4735,0,10.0,PASS (FAULT_SENSOR latched; output=0)
TEST3_SENSOR_FAIL,1270,150.0,148.4,9.95,9.95,0.049,0,3,1,4772,0,10.0,PASS (FAULT_SENSOR latched; output=0)
TEST3_SENSOR_FAIL,1280,150.0,149.73,7.58,7.58,0.02,0,3,1,4810,0,10.0,PASS (FAULT_SENSOR latched; output=0)
TEST3_SENSOR_FAIL,1290,150.0,151.07,7.22,7.22,0.016,0,3,1,4848,0,10.0,PASS (FAULT_SENSOR latched; output=0)
TEST3_SENSOR_FAIL,1300,150.0,151.07,9.47,9.47,0.044,0,3,1,4885,0,10.0,PASS (FAULT_SENSOR latched; output=0)
TEST3_SENSOR_FAIL,1310,150.0,149.73,9.71,9.71,0.046,0,3,1,4922,0,10.0,PASS (FAULT_SENSOR latched; output=0)
TEST3_SENSOR_FAIL,1320,150.0,148.4,9.95,9.95,0.049,0,3,1,4959,0,10.0,PASS (FAULT_SENSOR latched; output=0)
TEST3_SENSOR_FAIL,1330,150.0,149.73,7.58,7.58,0.02,0,3,1,4997,0,10.0,PASS (FAULT_SENSOR latched; output=0)
TEST3_SENSOR_FAIL,1340,150.0,149.73,9.83,9.83,0.047,0,3,1,5034,0,10.0,PASS (FAULT_SENSOR latched; output=0)
TEST3_SENSOR_FAIL,1350,150.0,151.07,7.46,7.46,0.018,0,3,1,5072,0,10.0,PASS (FAULT_SENSOR latched; output=0)
TEST3_SENSOR_FAIL,1360,150.0,149.73,9.71,9.71,0.046,0,3,1,5109,0,10.0,PASS (FAULT_SENSOR latched; output=0)
TEST3_SENSOR_FAIL,1370,150.0,151.07,7.34,7.34,0.017,0,3,1,5147,0,10.0,PASS (FAULT_SENSOR latched; output=0)
TEST3_SENSOR_FAIL,1380,150.0,149.73,9.59,9.59,0.045,0,3,1,5184,0,10.0,PASS (FAULT_SENSOR latched; output=0)
TEST3_SENSOR_FAIL,1390,150.0,149.73,9.83,9.83,0.047,0,3,1,5221,0,10.0,PASS (FAULT_SENSOR latched; output=0)
TEST3_SENSOR_FAIL,1400,150.0,149.73,7.46,7.46,0.018,0,3,1,5259,0,10.0,PASS (FAULT_SENSOR latched; output=0)
TEST3_SENSOR_FAIL,1410,150.0,149.73,9.71,9.71,0.046,0,3,1,5296,0,10.0,PASS (FAULT_SENSOR latched; output=0)
TEST3_SENSOR_FAIL,1420,150.0,151.07,7.34,7.34,0.017,0,3,1,5334,0,10.0,PASS (FAULT_SENSOR latched; output=0)
TEST3_SENSOR_FAIL,1430,150.0,149.73,9.59,9.59,0.045,0,3,1,5371,0,10.0,PASS (FAULT_SENSOR latched; output=0)
TEST3_SENSOR_FAIL,1440,150.0,149.73,9.83,9.83,0.047,0,3,1,5408,0,10.0,PASS (FAULT_SENSOR latched; output=0)
TEST3_SENSOR_FAIL,1450,150.0,149.73,7.46,7.46,0.018,0,3,1,5446,0,10.0,PASS (FAULT_SENSOR latched; output=0)
TEST3_SENSOR_FAIL,1460,150.0,149.73,9.71,9.71,0.046,0,3,1,5483,0,10.0,PASS (FAULT_SENSOR latched; output=0)
TEST3_SENSOR_FAIL,1470,150.0,151.07,7.34,7.34,0.017,0,3,1,5521,0,10.0,PASS (FAULT_SENSOR latched; output=0)
TEST3_SENSOR_FAIL,1480,150.0,149.73,9.59,9.59,0.045,0,3,1,5558,0,10.0,PASS (FAULT_SENSOR latched; output=0)
TEST3_SENSOR_FAIL,1490,150.0,149.73,9.83,9.83,0.047,0,3,1,5595,0,10.0,PASS (FAULT_SENSOR latched; output=0)
TEST3_SENSOR_FAIL,1500,150.0,149.73,0.0,0.0,-0.071,32,4,0,5633,1500,10.0,PASS (FAULT_SENSOR latched; output=0)
TEST3_SENSOR_FAIL,1510,150.0,147.06,0.0,0.0,-0.067,32,4,0,5668,1500,10.0,PASS (FAULT_SENSOR latched; output=0)
TEST3_SENSOR_FAIL,1520,150.0,143.05,0.0,0.0,-0.063,32,4,0,5702,1500,10.0,PASS (FAULT_SENSOR latched; output=0)
TEST3_SENSOR_FAIL,1530,150.0,133.69,0.0,0.0,-0.059,32,4,0,5733,1500,10.0,PASS (FAULT_SENSOR latched; output=0)
TEST3_SENSOR_FAIL,1540,150.0,125.67,0.0,0.0,-0.055,32,4,0,5762,1500,10.0,PASS (FAULT_SENSOR latched; output=0)
TEST3_SENSOR_FAIL,1550,150.0,117.65,0.0,0.0,-0.052,32,4,0,5790,1500,10.0,PASS (FAULT_SENSOR latched; output=0)
TEST3_SENSOR_FAIL,1560,150.0,109.63,0.0,0.0,-0.049,32,4,0,5815,1500,10.0,PASS (FAULT_SENSOR latched; output=0)
TEST3_SENSOR_FAIL,1570,150.0,104.28,0.0,0.0,-0.046,32,4,0,5840,1500,10.0,PASS (FAULT_SENSOR latched; output=0)
TEST3_SENSOR_FAIL,1580,150.0,97.59,0.0,0.0,-0.043,32,4,0,5863,1500,10.0,PASS (FAULT_SENSOR latched; output=0)
TEST3_SENSOR_FAIL,1590,150.0,92.25,0.0,0.0,-0.041,32,4,0,5884,1500,10.0,PASS (FAULT_SENSOR latched; output=0)
TEST3_SENSOR_FAIL,1600,150.0,85.56,0.0,0.0,-0.038,32,4,0,5904,1500,10.0,PASS (FAULT_SENSOR latched; output=0)
TEST3_SENSOR_FAIL,1610,150.0,80.21,0.0,0.0,-0.036,32,4,0,5923,1500,10.0,PASS (FAULT_SENSOR latched; output=0)
TEST3_SENSOR_FAIL,1620,150.0,76.2,0.0,0.0,-0.034,32,4,0,5941,1500,10.0,PASS (FAULT_SENSOR latched; output=0)
TEST3_SENSOR_FAIL,1630,150.0,72.19,0.0,0.0,-0.032,32,4,0,5958,1500,10.0,PASS (FAULT_SENSOR latched; output=0)
TEST3_SENSOR_FAIL,1640,150.0,66.84,0.0,0.0,-0.03,32,4,0,5973,1500,10.0,PASS (FAULT_SENSOR latched; output=0)
TEST3_SENSOR_FAIL,1650,150.0,62.83,0.0,0.0,-0.028,32,4,0,5988,1500,10.0,PASS (FAULT_SENSOR latched; output=0)
TEST3_SENSOR_FAIL,1660,150.0,58.82,0.0,0.0,-0.026,32,4,0,6002,1500,10.0,PASS (FAULT_SENSOR latched; output=0)
TEST3_SENSOR_FAIL,1670,150.0,56.15,0.0,0.0,-0.025,32,4,0,6015,1500,10.0,PASS (FAULT_SENSOR latched; output=0)
TEST3_SENSOR_FAIL,1680,150.0,52.14,0.0,0.0,-0.023,32,4,0,6027,1500,10.0,PASS (FAULT_SENSOR latched; output=0)
TEST3_SENSOR_FAIL,1690,150.0,49.47,0.0,0.0,-0.022,32,4,0,6039,1500,10.0,PASS (FAULT_SENSOR latched; output=0)
TEST3_SENSOR_FAIL,1700,150.0,45.45,0.0,0.0,-0.02,32,4,0,6049,1500,10.0,PASS (FAULT_SENSOR latched; output=0)
TEST3_SENSOR_FAIL,1710,150.0,44.12,0.0,0.0,-0.019,32,4,0,6060,1500,10.0,PASS (FAULT_SENSOR latched; output=0)
TEST3_SENSOR_FAIL,1720,150.0,40.11,0.0,0.0,-0.018,32,4,0,6069,1500,10.0,PASS (FAULT_SENSOR latched; output=0)
TEST3_SENSOR_FAIL,1730,150.0,38.77,0.0,0.0,-0.017,32,4,0,6078,1500,10.0,PASS (FAULT_SENSOR latched; output=0)
TEST3_SENSOR_FAIL,1740,150.0,34.76,0.0,0.0,-0.016,32,4,0,6086,1500,10.0,PASS (FAULT_SENSOR latched; output=0)
TEST3_SENSOR_FAIL,1750,150.0,33.42,0.0,0.0,-0.015,32,4,0,6094,1500,10.0,PASS (FAULT_SENSOR latched; output=0)
TEST3_SENSOR_FAIL,1760,150.0,32.09,0.0,0.0,-0.014,32,4,0,6102,1500,10.0,PASS (FAULT_SENSOR latched; output=0)
TEST3_SENSOR_FAIL,1770,150.0,30.75,0.0,0.0,-0.013,32,4,0,6109,1500,10.0,PASS (FAULT_SENSOR latched; output=0)
TEST3_SENSOR_FAIL,1780,150.0,28.07,0.0,0.0,-0.012,32,4,0,6115,1500,10.0,PASS (FAULT_SENSOR latched; output=0)
TEST3_SENSOR_FAIL,1790,150.0,26.74,0.0,0.0,-0.012,32,4,0,6122,1500,10.0,PASS (FAULT_SENSOR latched; output=0)
TEST3_SENSOR_FAIL,1800,150.0,24.06,0.0,0.0,-0.011,32,4,0,6127,1500,10.0,PASS (FAULT_SENSOR latched; output=0)
TEST3_SENSOR_FAIL,1810,150.0,24.06,0.0,0.0,-0.01,32,4,0,6133,1500,10.0,PASS (FAULT_SENSOR latched; output=0)
TEST3_SENSOR_FAIL,1820,150.0,21.39,0.0,0.0,-0.01,32,4,0,6138,1500,10.0,PASS (FAULT_SENSOR latched; output=0)
TEST3_SENSOR_FAIL,1830,150.0,21.39,0.0,0.0,-0.009,32,4,0,6143,1500,10.0,PASS (FAULT_SENSOR latched; output=0)
TEST3_SENSOR_FAIL,1840,150.0,18.72,0.0,0.0,-0.009,32,4,0,6147,1500,10.0,PASS (FAULT_SENSOR latched; output=0)
TEST3_SENSOR_FAIL,1850,150.0,17.38,0.0,0.0,-0.008,32,4,0,6151,1500,10.0,PASS (FAULT_SENSOR latched; output=0)
TEST3_SENSOR_FAIL,1860,150.0,16.04,0.0,0.0,-0.008,32,4,0,6155,1500,10.0,PASS (FAULT_SENSOR latched; output=0)
TEST3_SENSOR_FAIL,1870,150.0,16.04,0.0,0.0,-0.007,32,4,0,6159,1500,10.0,PASS (FAULT_SENSOR latched; output=0)
TEST3_SENSOR_FAIL,1880,150.0,16.04,0.0,0.0,-0.007,32,4,0,6163,1500,10.0,PASS (FAULT_SENSOR latched; output=0)
TEST3_SENSOR_FAIL,1890,150.0,14.71,0.0,0.0,-0.006,32,4,0,6166,1500,10.0,PASS (FAULT_SENSOR latched; output=0)
TEST3_SENSOR_FAIL,1900,150.0,13.37,0.0,0.0,-0.006,32,4,0,6169,1500,10.0,PASS (FAULT_SENSOR latched; output=0)
TEST3_SENSOR_FAIL,1910,150.0,12.03,0.0,0.0,-0.006,32,4,0,6172,1500,10.0,PASS (FAULT_SENSOR latched; output=0)
TEST3_SENSOR_FAIL,1920,150.0,12.03,0.0,0.0,-0.005,32,4,0,6175,1500,10.0,PASS (FAULT_SENSOR latched; output=0)
TEST3_SENSOR_FAIL,1930,150.0,10.7,0.0,0.0,-0.005,32,4,0,6177,1500,10.0,PASS (FAULT_SENSOR latched; output=0)
TEST3_SENSOR_FAIL,1940,150.0,10.7,0.0,0.0,-0.005,32,4,0,6180,1500,10.0,PASS (FAULT_SENSOR latched; output=0)
TEST3_SENSOR_FAIL,1950,150.0,9.36,0.0,0.0,-0.004,32,4,0,6182,1500,10.0,PASS (FAULT_SENSOR latched; output=0)
TEST3_SENSOR_FAIL,1960,150.0,9.36,0.0,0.0,-0.004,32,4,0,6184,1500,10.0,PASS (FAULT_SENSOR latched; output=0)
TEST3_SENSOR_FAIL,1970,150.0,8.02,0.0,0.0,-0.004,32,4,0,6186,1500,10.0,PASS (FAULT_SENSOR latched; output=0)
TEST3_SENSOR_FAIL,1980,150.0,8.02,0.0,0.0,-0.004,32,4,0,6188,1500,10.0,PASS (FAULT_SENSOR latched; output=0)
TEST3_SENSOR_FAIL,1990,150.0,8.02,0.0,0.0,-0.003,32,4,0,6190,1500,10.0,PASS (FAULT_SENSOR latched; output=0)
TEST3_SENSOR_FAIL,2000,150.0,6.68,0.0,0.0,-0.003,32,4,0,6191,1500,10.0,PASS (FAULT_SENSOR latched; output=0)
TEST3_SENSOR_FAIL,2010,150.0,6.68,0.0,0.0,-0.003,32,4,0,6193,1500,10.0,PASS (FAULT_SENSOR latched; output=0)
TEST3_SENSOR_FAIL,2020,150.0,5.35,0.0,0.0,-0.003,32,4,0,6194,1500,10.0,PASS (FAULT_SENSOR latched; output=0)
TEST3_SENSOR_FAIL,2030,150.0,6.68,0.0,0.0,-0.003,32,4,0,6196,1500,10.0,PASS (FAULT_SENSOR latched; output=0)
TEST3_SENSOR_FAIL,2040,150.0,5.35,0.0,0.0,-0.002,32,4,0,6197,1500,10.0,PASS (FAULT_SENSOR latched; output=0)
TEST3_SENSOR_FAIL,2050,150.0,5.35,0.0,0.0,-0.002,32,4,0,6198,1500,10.0,PASS (FAULT_SENSOR latched; output=0)
TEST3_SENSOR_FAIL,2060,150.0,4.01,0.0,0.0,-0.002,32,4,0,6199,1500,10.0,PASS (FAULT_SENSOR latched; output=0)
TEST3_SENSOR_FAIL,2070,150.0,4.01,0.0,0.0,-0.002,32,4,0,6200,1500,10.0,PASS (FAULT_SENSOR latched; output=0)
TEST3_SENSOR_FAIL,2080,150.0,4.01,0.0,0.0,-0.002,32,4,0,6201,1500,10.0,PASS (FAULT_SENSOR latched; output=0)
TEST3_SENSOR_FAIL,2090,150.0,4.01,0.0,0.0,-0.002,32,4,0,6202,1500,10.0,PASS (FAULT_SENSOR latched; output=0)
TEST3_SENSOR_FAIL,2100,150.0,4.01,0.0,0.0,-0.002,32,4,0,6203,1500,10.0,PASS (FAULT_SENSOR latched; output=0)
TEST3_SENSOR_FAIL,2110,150.0,4.01,0.0,0.0,-0.002,32,4,0,6204,1500,10.0,PASS (FAULT_SENSOR latched; output=0)
TEST3_SENSOR_FAIL,2120,150.0,4.01,0.0,0.0,-0.001,32,4,0,6205,1500,10.0,PASS (FAULT_SENSOR latched; output=0)
TEST3_SENSOR_FAIL,2130,150.0,4.01,0.0,0.0,-0.001,32,4,0,6206,1500,10.0,PASS (FAULT_SENSOR latched; output=0)
TEST3_SENSOR_FAIL,2140,150.0,2.67,0.0,0.0,-0.001,32,4,0,6206,1500,10.0,PASS (FAULT_SENSOR latched; output=0)
TEST3_SENSOR_FAIL,2150,150.0,2.67,0.0,0.0,-0.001,32,4,0,6207,1500,10.0,PASS (FAULT_SENSOR latched; output=0)
TEST3_SENSOR_FAIL,2160,150.0,2.67,0.0,0.0,-0.001,32,4,0,6208,1500,10.0,PASS (FAULT_SENSOR latched; output=0)
TEST3_SENSOR_FAIL,2170,150.0,2.67,0.0,0.0,-0.001,32,4,0,6208,1500,10.0,PASS (FAULT_SENSOR latched; output=0)
TEST3_SENSOR_FAIL,2180,150.0,2.67,0.0,0.0,-0.001,32,4,0,6209,1500,10.0,PASS (FAULT_SENSOR latched; output=0)
TEST3_SENSOR_FAIL,2190,150.0,1.34,0.0,0.0,-0.001,32,4,0,6209,1500,10.0,PASS (FAULT_SENSOR latched; output=0)
TEST3_SENSOR_FAIL,2200,150.0,2.67,0.0,0.0,-0.001,32,4,0,6210,1500,10.0,PASS (FAULT_SENSOR latched; output=0)
TEST3_SENSOR_FAIL,2210,150.0,1.34,0.0,0.0,-0.001,32,4,0,6210,1500,10.0,PASS (FAULT_SENSOR latched; output=0)
TEST3_SENSOR_FAIL,2220,150.0,2.67,0.0,0.0,-0.001,32,4,0,6211,1500,10.0,PASS (FAULT_SENSOR latched; output=0)
TEST3_SENSOR_FAIL,2230,150.0,1.34,0.0,0.0,-0.001,32,4,0,6211,1500,10.0,PASS (FAULT_SENSOR latched; output=0)
TEST3_SENSOR_FAIL,2240,150.0,1.34,0.0,0.0,-0.001,32,4,0,6211,1500,10.0,PASS (FAULT_SENSOR latched; output=0)
TEST3_SENSOR_FAIL,2250,150.0,1.34,0.0,0.0,-0.001,32,4,0,6212,1500,10.0,PASS (FAULT_SENSOR latched; output=0)
TEST3_SENSOR_FAIL,2260,150.0,1.34,0.0,0.0,-0.001,32,4,0,6212,1500,10.0,PASS (FAULT_SENSOR latched; output=0)
TEST3_SENSOR_FAIL,2270,150.0,1.34,0.0,0.0,-0.001,32,4,0,6212,1500,10.0,PASS (FAULT_SENSOR latched; output=0)
TEST3_SENSOR_FAIL,2280,150.0,1.34,0.0,0.0,-0.001,32,4,0,6213,1500,10.0,PASS (FAULT_SENSOR latched; output=0)
TEST3_SENSOR_FAIL,2290,150.0,1.34,0.0,0.0,-0.001,32,4,0,6213,1500,10.0,PASS (FAULT_SENSOR latched; output=0)
TEST3_SENSOR_FAIL,2300,150.0,1.34,0.0,0.0,-0.0,32,4,0,6213,1500,10.0,PASS (FAULT_SENSOR latched; output=0)
TEST3_SENSOR_FAIL,2310,150.0,0.0,0.0,0.0,-0.0,32,4,0,6213,1500,10.0,PASS (FAULT_SENSOR latched; output=0)
TEST3_SENSOR_FAIL,2320,150.0,1.34,0.0,0.0,-0.0,32,4,0,6214,1500,10.0,PASS (FAULT_SENSOR latched; output=0)
TEST3_SENSOR_FAIL,2330,150.0,1.34,0.0,0.0,0.0,32,4,0,6214,1500,10.0,PASS (FAULT_SENSOR latched; output=0)
TEST3_SENSOR_FAIL,2340,150.0,1.34,0.0,0.0,0.0,32,4,0,6214,1500,10.0,PASS (FAULT_SENSOR latched; output=0)
TEST3_SENSOR_FAIL,2350,150.0,0.0,0.0,0.0,0.0,32,4,0,6214,1500,10.0,PASS (FAULT_SENSOR latched; output=0)
TEST3_SENSOR_FAIL,2360,150.0,0.0,0.0,0.0,0.0,32,4,0,6214,1500,10.0,PASS (FAULT_SENSOR latched; output=0)
TEST3_SENSOR_FAIL,2370,150.0,0.0,0.0,0.0,0.0,32,4,0,6214,1500,10.0,PASS (FAULT_SENSOR latched; output=0)
TEST3_SENSOR_FAIL,2380,150.0,0.0,0.0,0.0,0.0,32,4,0,6214,1500,10.0,PASS (FAULT_SENSOR latched; output=0)
TEST3_SENSOR_FAIL,2390,150.0,0.0,0.0,0.0,0.0,32,4,0,6214,1500,10.0,PASS (FAULT_SENSOR latched; output=0)
TEST3_SENSOR_FAIL,2400,150.0,0.0,0.0,0.0,0.0,32,4,0,6214,1500,10.0,PASS (FAULT_SENSOR latched; output=0)
TEST3_SENSOR_FAIL,2410,150.0,0.0,0.0,0.0,0.0,32,4,0,6214,1500,10.0,PASS (FAULT_SENSOR latched; output=0)
TEST3_SENSOR_FAIL,2420,150.0,0.0,0.0,0.0,0.0,32,4,0,6214,1500,10.0,PASS (FAULT_SENSOR latched; output=0)
TEST3_SENSOR_FAIL,2430,150.0,0.0,0.0,0.0,0.0,32,4,0,6214,1500,10.0,PASS (FAULT_SENSOR latched; output=0)
TEST3_SENSOR_FAIL,2440,150.0,0.0,0.0,0.0,0.0,32,4,0,6214,1500,10.0,PASS (FAULT_SENSOR latched; output=0)
TEST3_SENSOR_FAIL,2450,150.0,0.0,0.0,0.0,0.0,32,4,0,6214,1500,10.0,PASS (FAULT_SENSOR latched; output=0)
TEST3_SENSOR_FAIL,2460,150.0,0.0,0.0,0.0,0.0,32,4,0,6214,1500,10.0,PASS (FAULT_SENSOR latched; output=0)
TEST3_SENSOR_FAIL,2470,150.0,0.0,0.0,0.0,0.0,32,4,0,6214,1500,10.0,PASS (FAULT_SENSOR latched; output=0)
TEST3_SENSOR_FAIL,2480,150.0,0.0,0.0,0.0,0.0,32,4,0,6214,1500,10.0,PASS (FAULT_SENSOR latched; output=0)
TEST3_SENSOR_FAIL,2490,150.0,0.0,0.0,0.0,0.0,32,4,0,6214,1500,10.0,PASS (FAULT_SENSOR latched; output=0)
TEST3_SENSOR_FAIL,2500,150.0,0.0,0.0,0.0,0.0,32,4,0,6214,1500,10.0,PASS (FAULT_SENSOR latched; output=0)
TEST3_SENSOR_FAIL,2510,150.0,0.0,0.0,0.0,0.0,32,4,0,6214,1500,10.0,PASS (FAULT_SENSOR latched; output=0)
TEST3_SENSOR_FAIL,2520,150.0,0.0,0.0,0.0,0.0,32,4,0,6214,1500,10.0,PASS (FAULT_SENSOR latched; output=0)
TEST3_SENSOR_FAIL,2530,150.0,0.0,0.0,0.0,0.0,32,4,0,6214,1500,10.0,PASS (FAULT_SENSOR latched; output=0)
TEST3_SENSOR_FAIL,2540,150.0,0.0,0.0,0.0,0.0,32,4,0,6214,1500,10.0,PASS (FAULT_SENSOR latched; output=0)
TEST3_SENSOR_FAIL,2550,150.0,0.0,0.0,0.0,0.0,32,4,0,6214,1500,10.0,PASS (FAULT_SENSOR latched; output=0)
TEST3_SENSOR_FAIL,2560,150.0,0.0,0.0,0.0,0.0,32,4,0,6214,1500,10.0,PASS (FAULT_SENSOR latched; output=0)
TEST3_SENSOR_FAIL,2570,150.0,0.0,0.0,0.0,0.0,32,4,0,6214,1500,10.0,PASS (FAULT_SENSOR latched; output=0)
TEST3_SENSOR_FAIL,2580,150.0,0.0,0.0,0.0,0.0,32,4,0,6214,1500,10.0,PASS (FAULT_SENSOR latched; output=0)
TEST3_SENSOR_FAIL,2590,150.0,0.0,0.0,0.0,0.0,32,4,0,6214,1500,10.0,PASS (FAULT_SENSOR latched; output=0)
TEST3_SENSOR_FAIL,2600,150.0,0.0,0.0,0.0,0.0,32,4,0,6214,1500,10.0,PASS (FAULT_SENSOR latched; output=0)
TEST3_SENSOR_FAIL,2610,150.0,0.0,0.0,0.0,0.0,32,4,0,6214,1500,10.0,PASS (FAULT_SENSOR latched; output=0)
TEST3_SENSOR_FAIL,2620,150.0,0.0,0.0,0.0,0.0,32,4,0,6214,1500,10.0,PASS (FAULT_SENSOR latched; output=0)
TEST3_SENSOR_FAIL,2630,150.0,0.0,0.0,0.0,0.0,32,4,0,6214,1500,10.0,PASS (FAULT_SENSOR latched; output=0)
TEST3_SENSOR_FAIL,2640,150.0,0.0,0.0,0.0,0.0,32,4,0,6214,1500,10.0,PASS (FAULT_SENSOR latched; output=0)
TEST3_SENSOR_FAIL,2650,150.0,0.0,0.0,0.0,0.0,32,4,0,6214,1500,10.0,PASS (FAULT_SENSOR latched; output=0)
TEST3_SENSOR_FAIL,2660,150.0,0.0,0.0,0.0,0.0,32,4,0,6214,1500,10.0,PASS (FAULT_SENSOR latched; output=0)
TEST3_SENSOR_FAIL,2670,150.0,0.0,0.0,0.0,0.0,32,4,0,6214,1500,10.0,PASS (FAULT_SENSOR latched; output=0)
TEST3_SENSOR_FAIL,2680,150.0,0.0,0.0,0.0,0.0,32,4,0,6214,1500,10.0,PASS (FAULT_SENSOR latched; output=0)
TEST3_SENSOR_FAIL,2690,150.0,0.0,0.0,0.0,0.0,32,4,0,6214,1500,10.0,PASS (FAULT_SENSOR latched; output=0)
TEST3_SENSOR_FAIL,2700,150.0,0.0,0.0,0.0,0.0,32,4,0,6214,1500,10.0,PASS (FAULT_SENSOR latched; output=0)
TEST3_SENSOR_FAIL,2710,150.0,0.0,0.0,0.0,0.0,32,4,0,6214,1500,10.0,PASS (FAULT_SENSOR latched; output=0)
TEST3_SENSOR_FAIL,2720,150.0,0.0,0.0,0.0,0.0,32,4,0,6214,1500,10.0,PASS (FAULT_SENSOR latched; output=0)
TEST3_SENSOR_FAIL,2730,150.0,0.0,0.0,0.0,0.0,32,4,0,6214,1500,10.0,PASS (FAULT_SENSOR latched; output=0)
TEST3_SENSOR_FAIL,2740,150.0,0.0,0.0,0.0,0.0,32,4,0,6214,1500,10.0,PASS (FAULT_SENSOR latched; output=0)
TEST3_SENSOR_FAIL,2750,150.0,0.0,0.0,0.0,0.0,32,4,0,6214,1500,10.0,PASS (FAULT_SENSOR latched; output=0)
TEST3_SENSOR_FAIL,2760,150.0,0.0,0.0,0.0,0.0,32,4,0,6214,1500,10.0,PASS (FAULT_SENSOR latched; output=0)
TEST3_SENSOR_FAIL,2770,150.0,0.0,0.0,0.0,0.0,32,4,0,6214,1500,10.0,PASS (FAULT_SENSOR latched; output=0)
TEST3_SENSOR_FAIL,2780,150.0,0.0,0.0,0.0,0.0,32,4,0,6214,1500,10.0,PASS (FAULT_SENSOR latched; output=0)
TEST3_SENSOR_FAIL,2790,150.0,0.0,0.0,0.0,0.0,32,4,0,6214,1500,10.0,PASS (FAULT_SENSOR latched; output=0)
TEST3_SENSOR_FAIL,2800,150.0,0.0,0.0,0.0,0.0,32,4,0,6214,1500,10.0,PASS (FAULT_SENSOR latched; output=0)
TEST3_SENSOR_FAIL,2810,150.0,0.0,0.0,0.0,0.0,32,4,0,6214,1500,10.0,PASS (FAULT_SENSOR latched; output=0)
TEST3_SENSOR_FAIL,2820,150.0,0.0,0.0,0.0,0.0,32,4,0,6214,1500,10.0,PASS (FAULT_SENSOR latched; output=0)
TEST3_SENSOR_FAIL,2830,150.0,0.0,0.0,0.0,0.0,32,4,0,6214,1500,10.0,PASS (FAULT_SENSOR latched; output=0)
TEST3_SENSOR_FAIL,2840,150.0,0.0,0.0,0.0,0.0,32,4,0,6214,1500,10.0,PASS (FAULT_SENSOR latched; output=0)
TEST3_SENSOR_FAIL,2850,150.0,0.0,0.0,0.0,0.0,32,4,0,6214,1500,10.0,PASS (FAULT_SENSOR latched; output=0)
TEST3_SENSOR_FAIL,2860,150.0,0.0,0.0,0.0,0.0,32,4,0,6214,1500,10.0,PASS (FAULT_SENSOR latched; output=0)
TEST3_SENSOR_FAIL,2870,150.0,0.0,0.0,0.0,0.0,32,4,0,6214,1500,10.0,PASS (FAULT_SENSOR latched; output=0)
TEST3_SENSOR_FAIL,2880,150.0,0.0,0.0,0.0,0.0,32,4,0,6214,1500,10.0,PASS (FAULT_SENSOR latched; output=0)
TEST3_SENSOR_FAIL,2890,150.0,0.0,0.0,0.0,0.0,32,4,0,6214,1500,10.0,PASS (FAULT_SENSOR latched; output=0)
TEST3_SENSOR_FAIL,2900,150.0,0.0,0.0,0.0,0.0,32,4,0,6214,1500,10.0,PASS (FAULT_SENSOR latched; output=0)
TEST3_SENSOR_FAIL,2910,150.0,0.0,0.0,0.0,0.0,32,4,0,6214,1500,10.0,PASS (FAULT_SENSOR latched; output=0)
TEST3_SENSOR_FAIL,2920,150.0,0.0,0.0,0.0,0.0,32,4,0,6214,1500,10.0,PASS (FAULT_SENSOR latched; output=0)
TEST3_SENSOR_FAIL,2930,150.0,0.0,0.0,0.0,0.0,32,4,0,6214,1500,10.0,PASS (FAULT_SENSOR latched; output=0)
TEST3_SENSOR_FAIL,2940,150.0,0.0,0.0,0.0,0.0,32,4,0,6214,1500,10.0,PASS (FAULT_SENSOR latched; output=0)
TEST3_SENSOR_FAIL,2950,150.0,0.0,0.0,0.0,0.0,32,4,0,6214,1500,10.0,PASS (FAULT_SENSOR latched; output=0)
TEST3_SENSOR_FAIL,2960,150.0,0.0,0.0,0.0,0.0,32,4,0,6214,1500,10.0,PASS (FAULT_SENSOR latched; output=0)
TEST3_SENSOR_FAIL,2970,150.0,0.0,0.0,0.0,0.0,32,4,0,6214,1500,10.0,PASS (FAULT_SENSOR latched; output=0)
TEST3_SENSOR_FAIL,2980,150.0,0.0,0.0,0.0,0.0,32,4,0,6214,1500,10.0,PASS (FAULT_SENSOR latched; output=0)
TEST3_SENSOR_FAIL,2990,150.0,0.0,0.0,0.0,0.0,32,4,0,6214,1500,10.0,PASS (FAULT_SENSOR latched; output=0)
TEST4_WATCHDOG,0,150.0,0.0,97.5,97.5,1.17,0,3,1,0,0,0,PASS (MCU Reset -> DISABLED; output=0)
TEST4_WATCHDOG,10,150.0,44.12,62.65,62.65,0.709,0,3,1,22,0,0,PASS (MCU Reset -> DISABLED; output=0)
TEST4_WATCHDOG,20,150.0,80.21,30.2,30.2,0.292,0,3,1,60,0,0,PASS (MCU Reset -> DISABLED; output=0)
TEST4_WATCHDOG,30,150.0,137.7,16.8,16.8,0.121,0,3,1,103,0,0,PASS (MCU Reset -> DISABLED; output=0)
TEST4_WATCHDOG,40,150.0,167.11,10.83,10.83,0.046,0,3,1,147,0,0,PASS (MCU Reset -> DISABLED; output=0)
TEST4_WATCHDOG,50,150.0,176.47,4.25,4.25,-0.034,0,3,1,192,0,0,PASS (MCU Reset -> DISABLED; output=0)
TEST4_WATCHDOG,60,150.0,176.47,4.89,4.89,-0.023,0,3,1,235,0,0,PASS (MCU Reset -> DISABLED; output=0)
TEST4_WATCHDOG,70,150.0,173.8,4.13,4.13,-0.029,0,3,1,277,0,0,PASS (MCU Reset -> DISABLED; output=0)
TEST4_WATCHDOG,80,150.0,167.11,6.58,6.58,0.003,0,3,1,317,0,0,PASS (MCU Reset -> DISABLED; output=0)
TEST4_WATCHDOG,90,150.0,163.1,5.01,5.01,-0.015,0,3,1,357,0,0,PASS (MCU Reset -> DISABLED; output=0)
TEST4_WATCHDOG,100,150.0,157.75,8.66,8.66,0.031,0,3,1,395,0,0,PASS (MCU Reset -> DISABLED; output=0)
TEST4_WATCHDOG,110,150.0,156.42,5.7,5.7,-0.004,0,3,1,434,0,0,PASS (MCU Reset -> DISABLED; output=0)
TEST4_WATCHDOG,120,150.0,152.41,9.95,9.95,0.048,0,3,1,471,0,0,PASS (MCU Reset -> DISABLED; output=0)
TEST4_WATCHDOG,130,150.0,152.41,7.58,7.58,0.02,0,3,1,509,0,0,PASS (MCU Reset -> DISABLED; output=0)
TEST4_WATCHDOG,140,150.0,149.73,9.83,9.83,0.047,0,3,1,546,0,0,PASS (MCU Reset -> DISABLED; output=0)
TEST4_WATCHDOG,150,150.0,151.07,7.46,7.46,0.018,0,3,1,584,0,0,PASS (MCU Reset -> DISABLED; output=0)
TEST4_WATCHDOG,160,150.0,149.73,9.71,9.71,0.046,0,3,1,621,0,0,PASS (MCU Reset -> DISABLED; output=0)
TEST4_WATCHDOG,170,150.0,151.07,7.34,7.34,0.017,0,3,1,659,0,0,PASS (MCU Reset -> DISABLED; output=0)
TEST4_WATCHDOG,180,150.0,149.73,9.59,9.59,0.045,0,3,1,696,0,0,PASS (MCU Reset -> DISABLED; output=0)
TEST4_WATCHDOG,190,150.0,151.07,7.22,7.22,0.016,0,3,1,734,0,0,PASS (MCU Reset -> DISABLED; output=0)
TEST4_WATCHDOG,200,150.0,149.73,9.47,9.47,0.044,0,3,1,771,0,0,PASS (MCU Reset -> DISABLED; output=0)
TEST4_WATCHDOG,210,150.0,149.73,9.71,9.71,0.046,0,3,1,808,0,0,PASS (MCU Reset -> DISABLED; output=0)
TEST4_WATCHDOG,220,150.0,148.4,9.95,9.95,0.049,0,3,1,845,0,0,PASS (MCU Reset -> DISABLED; output=0)
TEST4_WATCHDOG,230,150.0,149.73,7.58,7.58,0.02,0,3,1,883,0,0,PASS (MCU Reset -> DISABLED; output=0)
TEST4_WATCHDOG,240,150.0,149.73,9.83,9.83,0.047,0,3,1,920,0,0,PASS (MCU Reset -> DISABLED; output=0)
TEST4_WATCHDOG,250,150.0,151.07,7.46,7.46,0.018,0,3,1,958,0,0,PASS (MCU Reset -> DISABLED; output=0)
TEST4_WATCHDOG,260,150.0,149.73,9.71,9.71,0.046,0,3,1,995,0,0,PASS (MCU Reset -> DISABLED; output=0)
TEST4_WATCHDOG,270,150.0,151.07,7.34,7.34,0.017,0,3,1,1033,0,0,PASS (MCU Reset -> DISABLED; output=0)
TEST4_WATCHDOG,280,150.0,149.73,9.59,9.59,0.045,0,3,1,1070,0,0,PASS (MCU Reset -> DISABLED; output=0)
TEST4_WATCHDOG,290,150.0,149.73,9.83,9.83,0.047,0,3,1,1107,0,0,PASS (MCU Reset -> DISABLED; output=0)
TEST4_WATCHDOG,300,150.0,149.73,7.46,7.46,0.018,0,3,1,1145,0,0,PASS (MCU Reset -> DISABLED; output=0)
TEST4_WATCHDOG,310,150.0,149.73,9.71,9.71,0.046,0,3,1,1182,0,0,PASS (MCU Reset -> DISABLED; output=0)
TEST4_WATCHDOG,320,150.0,151.07,7.34,7.34,0.017,0,3,1,1220,0,0,PASS (MCU Reset -> DISABLED; output=0)
TEST4_WATCHDOG,330,150.0,149.73,9.59,9.59,0.045,0,3,1,1257,0,0,PASS (MCU Reset -> DISABLED; output=0)
TEST4_WATCHDOG,340,150.0,149.73,9.83,9.83,0.047,0,3,1,1294,0,0,PASS (MCU Reset -> DISABLED; output=0)
TEST4_WATCHDOG,350,150.0,149.73,7.46,7.46,0.018,0,3,1,1332,0,0,PASS (MCU Reset -> DISABLED; output=0)
TEST4_WATCHDOG,360,150.0,149.73,9.71,9.71,0.046,0,3,1,1369,0,0,PASS (MCU Reset -> DISABLED; output=0)
TEST4_WATCHDOG,370,150.0,151.07,7.34,7.34,0.017,0,3,1,1407,0,0,PASS (MCU Reset -> DISABLED; output=0)
TEST4_WATCHDOG,380,150.0,149.73,9.59,9.59,0.045,0,3,1,1444,0,0,PASS (MCU Reset -> DISABLED; output=0)
TEST4_WATCHDOG,390,150.0,149.73,9.83,9.83,0.047,0,3,1,1481,0,0,PASS (MCU Reset -> DISABLED; output=0)
TEST4_WATCHDOG,400,150.0,149.73,7.46,7.46,0.018,0,3,1,1519,0,0,PASS (MCU Reset -> DISABLED; output=0)
TEST4_WATCHDOG,410,150.0,149.73,9.71,9.71,0.046,0,3,1,1556,0,0,PASS (MCU Reset -> DISABLED; output=0)
TEST4_WATCHDOG,420,150.0,151.07,7.34,7.34,0.017,0,3,1,1594,0,0,PASS (MCU Reset -> DISABLED; output=0)
TEST4_WATCHDOG,430,150.0,149.73,9.59,9.59,0.045,0,3,1,1631,0,0,PASS (MCU Reset -> DISABLED; output=0)
TEST4_WATCHDOG,440,150.0,149.73,9.83,9.83,0.047,0,3,1,1668,0,0,PASS (MCU Reset -> DISABLED; output=0)
TEST4_WATCHDOG,450,150.0,149.73,7.46,7.46,0.018,0,3,1,1706,0,0,PASS (MCU Reset -> DISABLED; output=0)
TEST4_WATCHDOG,460,150.0,149.73,9.71,9.71,0.046,0,3,1,1743,0,0,PASS (MCU Reset -> DISABLED; output=0)
TEST4_WATCHDOG,470,150.0,149.73,9.95,9.95,0.049,0,3,1,1780,0,0,PASS (MCU Reset -> DISABLED; output=0)
TEST4_WATCHDOG,480,150.0,149.73,7.58,7.58,0.02,0,3,1,1818,0,0,PASS (MCU Reset -> DISABLED; output=0)
TEST4_WATCHDOG,490,150.0,151.07,7.22,7.22,0.016,0,3,1,1856,0,0,PASS (MCU Reset -> DISABLED; output=0)
TEST4_WATCHDOG,500,150.0,151.07,9.47,9.47,0.044,0,3,1,1893,0,0,PASS (MCU Reset -> DISABLED; output=0)
TEST4_WATCHDOG,510,150.0,149.73,9.71,9.71,0.046,0,3,1,1930,0,0,PASS (MCU Reset -> DISABLED; output=0)
TEST4_WATCHDOG,520,150.0,148.4,9.95,9.95,0.049,0,3,1,1967,0,0,PASS (MCU Reset -> DISABLED; output=0)
TEST4_WATCHDOG,530,150.0,149.73,7.58,7.58,0.02,0,3,1,2005,0,0,PASS (MCU Reset -> DISABLED; output=0)
TEST4_WATCHDOG,540,150.0,151.07,7.22,7.22,0.016,0,3,1,2043,0,0,PASS (MCU Reset -> DISABLED; output=0)
TEST4_WATCHDOG,550,150.0,151.07,9.47,9.47,0.044,0,3,1,2080,0,0,PASS (MCU Reset -> DISABLED; output=0)
TEST4_WATCHDOG,560,150.0,149.73,9.71,9.71,0.046,0,3,1,2117,0,0,PASS (MCU Reset -> DISABLED; output=0)
TEST4_WATCHDOG,570,150.0,148.4,9.95,9.95,0.049,0,3,1,2154,0,0,PASS (MCU Reset -> DISABLED; output=0)
TEST4_WATCHDOG,580,150.0,149.73,7.58,7.58,0.02,0,3,1,2192,0,0,PASS (MCU Reset -> DISABLED; output=0)
TEST4_WATCHDOG,590,150.0,149.73,9.83,9.83,0.047,0,3,1,2229,0,0,PASS (MCU Reset -> DISABLED; output=0)
TEST4_WATCHDOG,600,150.0,151.07,7.46,7.46,0.018,0,3,1,2267,0,0,PASS (MCU Reset -> DISABLED; output=0)
TEST4_WATCHDOG,610,150.0,149.73,9.71,9.71,0.046,0,3,1,2304,0,0,PASS (MCU Reset -> DISABLED; output=0)
TEST4_WATCHDOG,620,150.0,151.07,7.34,7.34,0.017,0,3,1,2342,0,0,PASS (MCU Reset -> DISABLED; output=0)
TEST4_WATCHDOG,630,150.0,149.73,9.59,9.59,0.045,0,3,1,2379,0,0,PASS (MCU Reset -> DISABLED; output=0)
TEST4_WATCHDOG,640,150.0,149.73,9.83,9.83,0.047,0,3,1,2416,0,0,PASS (MCU Reset -> DISABLED; output=0)
TEST4_WATCHDOG,650,150.0,149.73,7.46,7.46,0.018,0,3,1,2454,0,0,PASS (MCU Reset -> DISABLED; output=0)
TEST4_WATCHDOG,660,150.0,149.73,9.71,9.71,0.046,0,3,1,2491,0,0,PASS (MCU Reset -> DISABLED; output=0)
TEST4_WATCHDOG,670,150.0,151.07,7.34,7.34,0.017,0,3,1,2529,0,0,PASS (MCU Reset -> DISABLED; output=0)
TEST4_WATCHDOG,680,150.0,149.73,9.59,9.59,0.045,0,3,1,2566,0,0,PASS (MCU Reset -> DISABLED; output=0)
TEST4_WATCHDOG,690,150.0,149.73,9.83,9.83,0.047,0,3,1,2603,0,0,PASS (MCU Reset -> DISABLED; output=0)
TEST4_WATCHDOG,700,150.0,149.73,7.46,7.46,0.018,0,3,1,2641,0,0,PASS (MCU Reset -> DISABLED; output=0)
TEST4_WATCHDOG,710,150.0,149.73,9.71,9.71,0.046,0,3,1,2678,0,0,PASS (MCU Reset -> DISABLED; output=0)
TEST4_WATCHDOG,720,150.0,151.07,7.34,7.34,0.017,0,3,1,2716,0,0,PASS (MCU Reset -> DISABLED; output=0)
TEST4_WATCHDOG,730,150.0,149.73,9.59,9.59,0.045,0,3,1,2753,0,0,PASS (MCU Reset -> DISABLED; output=0)
TEST4_WATCHDOG,740,150.0,149.73,9.83,9.83,0.047,0,3,1,2790,0,0,PASS (MCU Reset -> DISABLED; output=0)
TEST4_WATCHDOG,750,150.0,149.73,7.46,7.46,0.018,0,3,1,2828,0,0,PASS (MCU Reset -> DISABLED; output=0)
TEST4_WATCHDOG,760,150.0,149.73,9.71,9.71,0.046,0,3,1,2865,0,0,PASS (MCU Reset -> DISABLED; output=0)
TEST4_WATCHDOG,770,150.0,151.07,7.34,7.34,0.017,0,3,1,2903,0,0,PASS (MCU Reset -> DISABLED; output=0)
TEST4_WATCHDOG,780,150.0,149.73,9.59,9.59,0.045,0,3,1,2940,0,0,PASS (MCU Reset -> DISABLED; output=0)
TEST4_WATCHDOG,790,150.0,149.73,9.83,9.83,0.047,0,3,1,2977,0,0,PASS (MCU Reset -> DISABLED; output=0)
TEST4_WATCHDOG,800,150.0,149.73,7.46,7.46,0.018,0,3,1,3015,0,0,PASS (MCU Reset -> DISABLED; output=0)
TEST4_WATCHDOG,810,150.0,149.73,9.71,9.71,0.046,0,3,1,3052,0,0,PASS (MCU Reset -> DISABLED; output=0)
TEST4_WATCHDOG,820,150.0,151.07,7.34,7.34,0.017,0,3,1,3090,0,0,PASS (MCU Reset -> DISABLED; output=0)
TEST4_WATCHDOG,830,150.0,149.73,9.59,9.59,0.045,0,3,1,3127,0,0,PASS (MCU Reset -> DISABLED; output=0)
TEST4_WATCHDOG,840,150.0,149.73,9.83,9.83,0.047,0,3,1,3164,0,0,PASS (MCU Reset -> DISABLED; output=0)
TEST4_WATCHDOG,850,150.0,149.73,7.46,7.46,0.018,0,3,1,3202,0,0,PASS (MCU Reset -> DISABLED; output=0)
TEST4_WATCHDOG,860,150.0,149.73,9.71,9.71,0.046,0,3,1,3239,0,0,PASS (MCU Reset -> DISABLED; output=0)
TEST4_WATCHDOG,870,150.0,149.73,9.95,9.95,0.049,0,3,1,3276,0,0,PASS (MCU Reset -> DISABLED; output=0)
TEST4_WATCHDOG,880,150.0,149.73,7.58,7.58,0.02,0,3,1,3314,0,0,PASS (MCU Reset -> DISABLED; output=0)
TEST4_WATCHDOG,890,150.0,149.73,9.83,9.83,0.047,0,3,1,3351,0,0,PASS (MCU Reset -> DISABLED; output=0)
TEST4_WATCHDOG,900,150.0,151.07,7.46,7.46,0.018,0,3,1,3389,0,0,PASS (MCU Reset -> DISABLED; output=0)
TEST4_WATCHDOG,910,150.0,151.07,7.1,7.1,0.015,0,3,1,3427,0,0,PASS (MCU Reset -> DISABLED; output=0)
TEST4_WATCHDOG,920,150.0,149.73,11.95,11.95,0.074,0,3,1,3463,0,0,PASS (MCU Reset -> DISABLED; output=0)
TEST4_WATCHDOG,930,150.0,149.73,7.58,7.58,0.02,0,3,1,3501,0,0,PASS (MCU Reset -> DISABLED; output=0)
TEST4_WATCHDOG,940,150.0,149.73,7.22,7.22,0.016,0,3,1,3539,0,0,PASS (MCU Reset -> DISABLED; output=0)
TEST4_WATCHDOG,950,150.0,151.07,9.47,9.47,0.044,0,3,1,3576,0,0,PASS (MCU Reset -> DISABLED; output=0)
TEST4_WATCHDOG,960,150.0,149.73,9.71,9.71,0.046,0,3,1,3613,0,0,PASS (MCU Reset -> DISABLED; output=0)
TEST4_WATCHDOG,970,150.0,148.4,9.95,9.95,0.049,0,3,1,3650,0,0,PASS (MCU Reset -> DISABLED; output=0)
TEST4_WATCHDOG,980,150.0,149.73,7.58,7.58,0.02,0,3,1,3688,0,0,PASS (MCU Reset -> DISABLED; output=0)
TEST4_WATCHDOG,990,150.0,149.73,9.83,9.83,0.047,0,3,1,3725,0,0,PASS (MCU Reset -> DISABLED; output=0)
TEST4_WATCHDOG,1000,150.0,151.07,7.46,7.46,0.018,0,3,1,3763,0,0,PASS (MCU Reset -> DISABLED; output=0)
TEST4_WATCHDOG,1010,150.0,149.73,9.71,9.71,0.046,0,3,1,3800,0,0,PASS (MCU Reset -> DISABLED; output=0)
TEST4_WATCHDOG,1020,150.0,151.07,7.34,7.34,0.017,0,3,1,3838,0,0,PASS (MCU Reset -> DISABLED; output=0)
TEST4_WATCHDOG,1030,150.0,149.73,9.59,9.59,0.045,0,3,1,3875,0,0,PASS (MCU Reset -> DISABLED; output=0)
TEST4_WATCHDOG,1040,150.0,149.73,9.83,9.83,0.047,0,3,1,3912,0,0,PASS (MCU Reset -> DISABLED; output=0)
TEST4_WATCHDOG,1050,150.0,149.73,7.46,7.46,0.018,0,3,1,3950,0,0,PASS (MCU Reset -> DISABLED; output=0)
TEST4_WATCHDOG,1060,150.0,149.73,9.71,9.71,0.046,0,3,1,3987,0,0,PASS (MCU Reset -> DISABLED; output=0)
TEST4_WATCHDOG,1070,150.0,151.07,7.34,7.34,0.017,0,3,1,4025,0,0,PASS (MCU Reset -> DISABLED; output=0)
TEST4_WATCHDOG,1080,150.0,149.73,9.59,9.59,0.045,0,3,1,4062,0,0,PASS (MCU Reset -> DISABLED; output=0)
TEST4_WATCHDOG,1090,150.0,149.73,9.83,9.83,0.047,0,3,1,4099,0,0,PASS (MCU Reset -> DISABLED; output=0)
TEST4_WATCHDOG,1100,150.0,149.73,7.46,7.46,0.018,0,3,1,4137,0,0,PASS (MCU Reset -> DISABLED; output=0)
TEST4_WATCHDOG,1110,150.0,149.73,9.71,9.71,0.046,0,3,1,4174,0,0,PASS (MCU Reset -> DISABLED; output=0)
TEST4_WATCHDOG,1120,150.0,151.07,7.34,7.34,0.017,0,3,1,4212,0,0,PASS (MCU Reset -> DISABLED; output=0)
TEST4_WATCHDOG,1130,150.0,149.73,9.59,9.59,0.045,0,3,1,4249,0,0,PASS (MCU Reset -> DISABLED; output=0)
TEST4_WATCHDOG,1140,150.0,149.73,9.83,9.83,0.047,0,3,1,4286,0,0,PASS (MCU Reset -> DISABLED; output=0)
TEST4_WATCHDOG,1150,150.0,149.73,7.46,7.46,0.018,0,3,1,4324,0,0,PASS (MCU Reset -> DISABLED; output=0)
TEST4_WATCHDOG,1160,150.0,149.73,9.71,9.71,0.046,0,3,1,4361,0,0,PASS (MCU Reset -> DISABLED; output=0)
TEST4_WATCHDOG,1170,150.0,151.07,7.34,7.34,0.017,0,3,1,4399,0,0,PASS (MCU Reset -> DISABLED; output=0)
TEST4_WATCHDOG,1180,150.0,149.73,9.59,9.59,0.045,0,3,1,4436,0,0,PASS (MCU Reset -> DISABLED; output=0)
TEST4_WATCHDOG,1190,150.0,149.73,9.83,9.83,0.047,0,3,1,4473,0,0,PASS (MCU Reset -> DISABLED; output=0)
TEST4_WATCHDOG,1200,150.0,149.73,7.46,7.46,0.018,0,3,1,4511,0,0,PASS (MCU Reset -> DISABLED; output=0)
TEST4_WATCHDOG,1210,150.0,149.73,9.71,9.71,0.046,0,3,1,4548,0,0,PASS (MCU Reset -> DISABLED; output=0)
TEST4_WATCHDOG,1220,150.0,149.73,9.95,9.95,0.049,0,3,1,4585,0,0,PASS (MCU Reset -> DISABLED; output=0)
TEST4_WATCHDOG,1230,150.0,149.73,7.58,7.58,0.02,0,3,1,4623,0,0,PASS (MCU Reset -> DISABLED; output=0)
TEST4_WATCHDOG,1240,150.0,151.07,7.22,7.22,0.016,0,3,1,4661,0,0,PASS (MCU Reset -> DISABLED; output=0)
TEST4_WATCHDOG,1250,150.0,151.07,9.47,9.47,0.044,0,3,1,4698,0,0,PASS (MCU Reset -> DISABLED; output=0)
TEST4_WATCHDOG,1260,150.0,149.73,9.71,9.71,0.046,0,3,1,4735,0,0,PASS (MCU Reset -> DISABLED; output=0)
TEST4_WATCHDOG,1270,150.0,148.4,9.95,9.95,0.049,0,3,1,4772,0,0,PASS (MCU Reset -> DISABLED; output=0)
TEST4_WATCHDOG,1280,150.0,149.73,7.58,7.58,0.02,0,3,1,4810,0,0,PASS (MCU Reset -> DISABLED; output=0)
TEST4_WATCHDOG,1290,150.0,151.07,7.22,7.22,0.016,0,3,1,4848,0,0,PASS (MCU Reset -> DISABLED; output=0)
TEST4_WATCHDOG,1300,150.0,151.07,9.47,9.47,0.044,0,3,1,4885,0,0,PASS (MCU Reset -> DISABLED; output=0)
TEST4_WATCHDOG,1310,150.0,149.73,9.71,9.71,0.046,0,3,1,4922,0,0,PASS (MCU Reset -> DISABLED; output=0)
TEST4_WATCHDOG,1320,150.0,148.4,9.95,9.95,0.049,0,3,1,4959,0,0,PASS (MCU Reset -> DISABLED; output=0)
TEST4_WATCHDOG,1330,150.0,149.73,7.58,7.58,0.02,0,3,1,4997,0,0,PASS (MCU Reset -> DISABLED; output=0)
TEST4_WATCHDOG,1340,150.0,149.73,9.83,9.83,0.047,0,3,1,5034,0,0,PASS (MCU Reset -> DISABLED; output=0)
TEST4_WATCHDOG,1350,150.0,151.07,7.46,7.46,0.018,0,3,1,5072,0,0,PASS (MCU Reset -> DISABLED; output=0)
TEST4_WATCHDOG,1360,150.0,149.73,9.71,9.71,0.046,0,3,1,5109,0,0,PASS (MCU Reset -> DISABLED; output=0)
TEST4_WATCHDOG,1370,150.0,151.07,7.34,7.34,0.017,0,3,1,5147,0,0,PASS (MCU Reset -> DISABLED; output=0)
TEST4_WATCHDOG,1380,150.0,149.73,9.59,9.59,0.045,0,3,1,5184,0,0,PASS (MCU Reset -> DISABLED; output=0)
TEST4_WATCHDOG,1390,150.0,149.73,9.83,9.83,0.047,0,3,1,5221,0,0,PASS (MCU Reset -> DISABLED; output=0)
TEST4_WATCHDOG,1400,150.0,149.73,7.46,7.46,0.018,0,3,1,5259,0,0,PASS (MCU Reset -> DISABLED; output=0)
TEST4_WATCHDOG,1410,150.0,149.73,9.71,9.71,0.046,0,3,1,5296,0,0,PASS (MCU Reset -> DISABLED; output=0)
TEST4_WATCHDOG,1420,150.0,151.07,7.34,7.34,0.017,0,3,1,5334,0,0,PASS (MCU Reset -> DISABLED; output=0)
TEST4_WATCHDOG,1430,150.0,149.73,9.59,9.59,0.045,0,3,1,5371,0,0,PASS (MCU Reset -> DISABLED; output=0)
TEST4_WATCHDOG,1440,150.0,149.73,9.83,9.83,0.047,0,3,1,5408,0,0,PASS (MCU Reset -> DISABLED; output=0)
TEST4_WATCHDOG,1450,150.0,149.73,7.46,7.46,0.018,0,3,1,5446,0,0,PASS (MCU Reset -> DISABLED; output=0)
TEST4_WATCHDOG,1460,150.0,149.73,9.71,9.71,0.046,0,3,1,5483,0,0,PASS (MCU Reset -> DISABLED; output=0)
TEST4_WATCHDOG,1470,150.0,151.07,7.34,7.34,0.017,0,3,1,5521,0,0,PASS (MCU Reset -> DISABLED; output=0)
TEST4_WATCHDOG,1480,150.0,149.73,9.59,9.59,0.045,0,3,1,5558,0,0,PASS (MCU Reset -> DISABLED; output=0)
TEST4_WATCHDOG,1490,150.0,149.73,9.83,9.83,0.047,0,3,1,5595,0,0,PASS (MCU Reset -> DISABLED; output=0)
TEST4_WATCHDOG,1500,150.0,149.73,7.46,7.46,0.018,0,3,1,5633,1500,0,PASS (MCU Reset -> DISABLED; output=0)
TEST4_WATCHDOG,1510,150.0,149.73,9.71,9.71,0.046,0,3,1,5670,1500,0,PASS (MCU Reset -> DISABLED; output=0)
TEST4_WATCHDOG,1520,150.0,151.07,7.34,7.34,0.017,0,3,1,5708,1500,0,PASS (MCU Reset -> DISABLED; output=0)
TEST4_WATCHDOG,1530,150.0,149.73,9.59,9.59,0.045,0,3,1,5745,1500,0,PASS (MCU Reset -> DISABLED; output=0)
TEST4_WATCHDOG,1540,150.0,149.73,9.83,9.83,0.047,0,3,1,5782,1500,0,PASS (MCU Reset -> DISABLED; output=0)
TEST4_WATCHDOG,1550,150.0,149.73,7.46,7.46,0.018,0,3,1,5820,1500,0,PASS (MCU Reset -> DISABLED; output=0)
TEST4_WATCHDOG,1560,150.0,149.73,9.71,9.71,0.046,0,3,1,5857,1500,0,PASS (MCU Reset -> DISABLED; output=0)
TEST4_WATCHDOG,1570,150.0,151.07,7.34,7.34,0.017,0,3,1,5895,1500,0,PASS (MCU Reset -> DISABLED; output=0)
TEST4_WATCHDOG,1580,150.0,149.73,9.59,9.59,0.045,0,3,1,5932,1500,0,PASS (MCU Reset -> DISABLED; output=0)
TEST4_WATCHDOG,1590,150.0,149.73,9.83,9.83,0.047,0,3,1,5969,1500,0,PASS (MCU Reset -> DISABLED; output=0)
TEST4_WATCHDOG,1600,150.0,149.73,7.46,7.46,0.018,0,3,1,6007,1500,0,PASS (MCU Reset -> DISABLED; output=0)
TEST4_WATCHDOG,1610,150.0,149.73,9.71,9.71,0.046,0,3,1,6044,1500,0,PASS (MCU Reset -> DISABLED; output=0)
TEST4_WATCHDOG,1620,150.0,149.73,9.95,9.95,0.049,0,3,1,6081,1500,0,PASS (MCU Reset -> DISABLED; output=0)
TEST4_WATCHDOG,1630,150.0,149.73,7.58,7.58,0.02,0,3,1,6119,1500,0,PASS (MCU Reset -> DISABLED; output=0)
TEST4_WATCHDOG,1640,150.0,151.07,7.22,7.22,0.016,0,3,1,6157,1500,0,PASS (MCU Reset -> DISABLED; output=0)
TEST4_WATCHDOG,1650,150.0,151.07,9.47,9.47,0.044,0,3,1,6194,1500,0,PASS (MCU Reset -> DISABLED; output=0)
TEST4_WATCHDOG,1660,150.0,149.73,9.71,9.71,0.046,0,3,1,6231,1500,0,PASS (MCU Reset -> DISABLED; output=0)
TEST4_WATCHDOG,1670,150.0,148.4,9.95,9.95,0.049,0,3,1,6268,1500,0,PASS (MCU Reset -> DISABLED; output=0)
TEST4_WATCHDOG,1680,150.0,149.73,7.58,7.58,0.02,0,3,1,6306,1500,0,PASS (MCU Reset -> DISABLED; output=0)
TEST4_WATCHDOG,1690,150.0,149.73,9.83,9.83,0.047,0,3,1,6343,1500,0,PASS (MCU Reset -> DISABLED; output=0)
TEST4_WATCHDOG,1700,150.0,151.07,7.46,7.46,0.018,0,3,1,6381,1500,0,PASS (MCU Reset -> DISABLED; output=0)
TEST4_WATCHDOG,1710,150.0,149.73,9.71,9.71,0.046,0,3,1,6418,1500,0,PASS (MCU Reset -> DISABLED; output=0)
TEST4_WATCHDOG,1720,150.0,151.07,7.34,7.34,0.017,0,3,1,6456,1500,0,PASS (MCU Reset -> DISABLED; output=0)
TEST4_WATCHDOG,1730,150.0,149.73,9.59,9.59,0.045,0,3,1,6493,1500,0,PASS (MCU Reset -> DISABLED; output=0)
TEST4_WATCHDOG,1740,150.0,151.07,7.22,7.22,0.016,0,3,1,6531,1500,0,PASS (MCU Reset -> DISABLED; output=0)
TEST4_WATCHDOG,1750,150.0,149.73,9.47,9.47,0.044,0,3,1,6568,1500,0,PASS (MCU Reset -> DISABLED; output=0)
TEST4_WATCHDOG,1760,150.0,149.73,9.71,9.71,0.046,0,3,1,6605,1500,0,PASS (MCU Reset -> DISABLED; output=0)
TEST4_WATCHDOG,1770,150.0,148.4,9.95,9.95,0.049,0,3,1,6642,1500,0,PASS (MCU Reset -> DISABLED; output=0)
TEST4_WATCHDOG,1780,150.0,149.73,7.58,7.58,0.02,0,3,1,6680,1500,0,PASS (MCU Reset -> DISABLED; output=0)
TEST4_WATCHDOG,1790,150.0,149.73,9.83,9.83,0.047,0,3,1,6717,1500,0,PASS (MCU Reset -> DISABLED; output=0)
TEST4_WATCHDOG,1800,150.0,151.07,7.46,7.46,0.018,0,3,1,6755,1500,0,PASS (MCU Reset -> DISABLED; output=0)
TEST4_WATCHDOG,1810,150.0,149.73,9.71,9.71,0.046,0,3,1,6792,1500,0,PASS (MCU Reset -> DISABLED; output=0)
TEST4_WATCHDOG,1820,150.0,151.07,7.34,7.34,0.017,0,3,1,6830,1500,0,PASS (MCU Reset -> DISABLED; output=0)
TEST4_WATCHDOG,1830,150.0,149.73,9.59,9.59,0.045,0,3,1,6867,1500,0,PASS (MCU Reset -> DISABLED; output=0)
TEST4_WATCHDOG,1840,150.0,149.73,9.83,9.83,0.047,0,3,1,6904,1500,0,PASS (MCU Reset -> DISABLED; output=0)
TEST4_WATCHDOG,1850,150.0,149.73,7.46,7.46,0.018,0,3,1,6942,1500,0,PASS (MCU Reset -> DISABLED; output=0)
TEST4_WATCHDOG,1860,150.0,149.73,9.71,9.71,0.046,0,3,1,6979,1500,0,PASS (MCU Reset -> DISABLED; output=0)
TEST4_WATCHDOG,1870,150.0,151.07,7.34,7.34,0.017,0,3,1,7017,1500,0,PASS (MCU Reset -> DISABLED; output=0)
TEST4_WATCHDOG,1880,150.0,149.73,9.59,9.59,0.045,0,3,1,7054,1500,0,PASS (MCU Reset -> DISABLED; output=0)
TEST4_WATCHDOG,1890,150.0,149.73,9.83,9.83,0.047,0,3,1,7091,1500,0,PASS (MCU Reset -> DISABLED; output=0)
TEST4_WATCHDOG,1900,150.0,149.73,7.46,7.46,0.018,0,3,1,7129,1500,0,PASS (MCU Reset -> DISABLED; output=0)
TEST4_WATCHDOG,1910,150.0,149.73,9.71,9.71,0.046,0,3,1,7166,1500,0,PASS (MCU Reset -> DISABLED; output=0)
TEST4_WATCHDOG,1920,150.0,151.07,7.34,7.34,0.017,0,3,1,7204,1500,0,PASS (MCU Reset -> DISABLED; output=0)
TEST4_WATCHDOG,1930,150.0,149.73,9.59,9.59,0.045,0,3,1,7241,1500,0,PASS (MCU Reset -> DISABLED; output=0)
TEST4_WATCHDOG,1940,150.0,149.73,9.83,9.83,0.047,0,3,1,7278,1500,0,PASS (MCU Reset -> DISABLED; output=0)
TEST4_WATCHDOG,1950,150.0,149.73,7.46,7.46,0.018,0,3,1,7316,1500,0,PASS (MCU Reset -> DISABLED; output=0)
TEST4_WATCHDOG,1960,150.0,149.73,9.71,9.71,0.046,0,3,1,7353,1500,0,PASS (MCU Reset -> DISABLED; output=0)
TEST4_WATCHDOG,1970,150.0,149.73,9.95,9.95,0.048,0,3,1,7390,1500,0,PASS (MCU Reset -> DISABLED; output=0)
TEST4_WATCHDOG,1980,150.0,149.73,7.58,7.58,0.02,0,3,1,7428,1500,0,PASS (MCU Reset -> DISABLED; output=0)
TEST4_WATCHDOG,1990,150.0,151.07,7.22,7.22,0.016,0,3,1,7466,1500,0,PASS (MCU Reset -> DISABLED; output=0)
TEST4_WATCHDOG,2000,150.0,151.07,9.47,9.47,0.044,0,3,1,7503,1500,0,PASS (MCU Reset -> DISABLED; output=0)
TEST4_WATCHDOG,2010,150.0,149.73,9.71,9.71,0.046,0,3,1,7540,1500,0,PASS (MCU Reset -> DISABLED; output=0)
TEST4_WATCHDOG,2020,150.0,148.4,9.95,9.95,0.049,0,3,1,7577,1500,0,PASS (MCU Reset -> DISABLED; output=0)
TEST4_WATCHDOG,2030,150.0,149.73,7.58,7.58,0.02,0,3,1,7615,1500,0,PASS (MCU Reset -> DISABLED; output=0)
TEST4_WATCHDOG,2040,150.0,151.07,7.22,7.22,0.016,0,3,1,7653,1500,0,PASS (MCU Reset -> DISABLED; output=0)
TEST4_WATCHDOG,2050,150.0,151.07,9.47,9.47,0.044,0,3,1,7690,1500,0,PASS (MCU Reset -> DISABLED; output=0)
TEST4_WATCHDOG,2060,150.0,149.73,9.71,9.71,0.046,0,3,1,7727,1500,0,PASS (MCU Reset -> DISABLED; output=0)
TEST4_WATCHDOG,2070,150.0,148.4,9.95,9.95,0.049,0,3,1,7764,1500,0,PASS (MCU Reset -> DISABLED; output=0)
TEST4_WATCHDOG,2080,150.0,149.73,7.58,7.58,0.02,0,3,1,7802,1500,0,PASS (MCU Reset -> DISABLED; output=0)
TEST4_WATCHDOG,2090,150.0,149.73,9.83,9.83,0.047,0,3,1,7839,1500,0,PASS (MCU Reset -> DISABLED; output=0)
TEST4_WATCHDOG,2100,150.0,151.07,7.46,7.46,0.018,0,3,1,7877,1500,0,PASS (MCU Reset -> DISABLED; output=0)
TEST4_WATCHDOG,2110,150.0,149.73,9.71,9.71,0.046,0,3,1,7914,1500,0,PASS (MCU Reset -> DISABLED; output=0)
TEST4_WATCHDOG,2120,150.0,151.07,7.34,7.34,0.017,0,3,1,7952,1500,0,PASS (MCU Reset -> DISABLED; output=0)
TEST4_WATCHDOG,2130,150.0,149.73,9.59,9.59,0.045,0,3,1,7989,1500,0,PASS (MCU Reset -> DISABLED; output=0)
TEST4_WATCHDOG,2140,150.0,149.73,9.83,9.83,0.047,0,3,1,8026,1500,0,PASS (MCU Reset -> DISABLED; output=0)
TEST4_WATCHDOG,2150,150.0,149.73,7.46,7.46,0.018,0,3,1,8064,1500,0,PASS (MCU Reset -> DISABLED; output=0)
TEST4_WATCHDOG,2160,150.0,149.73,9.71,9.71,0.046,0,3,1,8101,1500,0,PASS (MCU Reset -> DISABLED; output=0)
TEST4_WATCHDOG,2170,150.0,151.07,7.34,7.34,0.017,0,3,1,8139,1500,0,PASS (MCU Reset -> DISABLED; output=0)
TEST4_WATCHDOG,2180,150.0,149.73,9.59,9.59,0.045,0,3,1,8176,1500,0,PASS (MCU Reset -> DISABLED; output=0)
TEST4_WATCHDOG,2190,150.0,149.73,9.83,9.83,0.047,0,3,1,8213,1500,0,PASS (MCU Reset -> DISABLED; output=0)
TEST4_WATCHDOG,2200,150.0,149.73,7.46,7.46,0.018,0,3,1,8251,1500,0,PASS (MCU Reset -> DISABLED; output=0)
TEST4_WATCHDOG,2210,150.0,149.73,9.71,9.71,0.046,0,3,1,8288,1500,0,PASS (MCU Reset -> DISABLED; output=0)
TEST4_WATCHDOG,2220,150.0,151.07,7.34,7.34,0.017,0,3,1,8326,1500,0,PASS (MCU Reset -> DISABLED; output=0)
TEST4_WATCHDOG,2230,150.0,149.73,9.59,9.59,0.045,0,3,1,8363,1500,0,PASS (MCU Reset -> DISABLED; output=0)
TEST4_WATCHDOG,2240,150.0,149.73,9.83,9.83,0.047,0,3,1,8400,1500,0,PASS (MCU Reset -> DISABLED; output=0)
TEST4_WATCHDOG,2250,150.0,149.73,7.46,7.46,0.018,0,3,1,8438,1500,0,PASS (MCU Reset -> DISABLED; output=0)
TEST4_WATCHDOG,2260,150.0,149.73,9.71,9.71,0.046,0,3,1,8475,1500,0,PASS (MCU Reset -> DISABLED; output=0)
TEST4_WATCHDOG,2270,150.0,151.07,7.34,7.34,0.017,0,3,1,8513,1500,0,PASS (MCU Reset -> DISABLED; output=0)
TEST4_WATCHDOG,2280,150.0,149.73,9.59,9.59,0.045,0,3,1,8550,1500,0,PASS (MCU Reset -> DISABLED; output=0)
TEST4_WATCHDOG,2290,150.0,149.73,9.83,9.83,0.047,0,3,1,8587,1500,0,PASS (MCU Reset -> DISABLED; output=0)
TEST4_WATCHDOG,2300,150.0,149.73,7.46,7.46,0.018,0,3,1,8625,1500,0,PASS (MCU Reset -> DISABLED; output=0)
TEST4_WATCHDOG,2310,150.0,149.73,9.71,9.71,0.046,0,3,1,8662,1500,0,PASS (MCU Reset -> DISABLED; output=0)
TEST4_WATCHDOG,2320,150.0,151.07,7.34,7.34,0.017,0,3,1,8700,1500,0,PASS (MCU Reset -> DISABLED; output=0)
TEST4_WATCHDOG,2330,150.0,149.73,9.59,9.59,0.045,0,3,1,8737,1500,0,PASS (MCU Reset -> DISABLED; output=0)
TEST4_WATCHDOG,2340,150.0,149.73,9.83,9.83,0.047,0,3,1,8774,1500,0,PASS (MCU Reset -> DISABLED; output=0)
TEST4_WATCHDOG,2350,150.0,149.73,7.46,7.46,0.018,0,3,1,8812,1500,0,PASS (MCU Reset -> DISABLED; output=0)
TEST4_WATCHDOG,2360,150.0,149.73,9.71,9.71,0.046,0,3,1,8849,1500,0,PASS (MCU Reset -> DISABLED; output=0)
TEST4_WATCHDOG,2370,150.0,149.73,9.95,9.95,0.049,0,3,1,8886,1500,0,PASS (MCU Reset -> DISABLED; output=0)
TEST4_WATCHDOG,2380,150.0,149.73,7.58,7.58,0.02,0,3,1,8924,1500,0,PASS (MCU Reset -> DISABLED; output=0)
TEST4_WATCHDOG,2390,150.0,151.07,7.22,7.22,0.016,0,3,1,8962,1500,0,PASS (MCU Reset -> DISABLED; output=0)
TEST4_WATCHDOG,2400,150.0,151.07,9.47,9.47,0.044,0,3,1,8999,1500,0,PASS (MCU Reset -> DISABLED; output=0)
TEST4_WATCHDOG,2410,150.0,149.73,9.71,9.71,0.046,0,3,1,9036,1500,0,PASS (MCU Reset -> DISABLED; output=0)
TEST4_WATCHDOG,2420,150.0,148.4,9.95,9.95,0.049,0,3,1,9073,1500,0,PASS (MCU Reset -> DISABLED; output=0)
TEST4_WATCHDOG,2430,150.0,149.73,7.58,7.58,0.02,0,3,1,9111,1500,0,PASS (MCU Reset -> DISABLED; output=0)
TEST4_WATCHDOG,2440,150.0,149.73,9.83,9.83,0.047,0,3,1,9148,1500,0,PASS (MCU Reset -> DISABLED; output=0)
TEST4_WATCHDOG,2450,150.0,151.07,7.46,7.46,0.018,0,3,1,9186,1500,0,PASS (MCU Reset -> DISABLED; output=0)
TEST4_WATCHDOG,2460,150.0,149.73,9.71,9.71,0.046,0,3,1,9223,1500,0,PASS (MCU Reset -> DISABLED; output=0)
TEST4_WATCHDOG,2470,150.0,151.07,7.34,7.34,0.017,0,3,1,9261,1500,0,PASS (MCU Reset -> DISABLED; output=0)
TEST4_WATCHDOG,2480,150.0,149.73,9.59,9.59,0.045,0,3,1,9298,1500,0,PASS (MCU Reset -> DISABLED; output=0)
TEST4_WATCHDOG,2490,150.0,151.07,7.22,7.22,0.016,0,3,1,9336,1500,0,PASS (MCU Reset -> DISABLED; output=0)
TEST4_WATCHDOG,2500,150.0,149.73,9.47,9.47,0.044,0,1,0,9373,1500,1000,PASS (MCU Reset -> DISABLED; output=0)
TEST4_WATCHDOG,2510,150.0,149.73,0.0,0.0,-0.07,0,1,0,9410,1500,1000,PASS (MCU Reset -> DISABLED; output=0)
TEST4_WATCHDOG,2520,150.0,145.72,0.0,0.0,-0.066,0,1,0,9445,1500,1000,PASS (MCU Reset -> DISABLED; output=0)
TEST4_WATCHDOG,2530,150.0,140.37,0.0,0.0,-0.062,0,1,0,9478,1500,1000,PASS (MCU Reset -> DISABLED; output=0)
TEST4_WATCHDOG,2540,150.0,131.02,0.0,0.0,-0.058,0,1,0,9508,1500,1000,PASS (MCU Reset -> DISABLED; output=0)
TEST4_WATCHDOG,2550,150.0,122.99,0.0,0.0,-0.055,0,1,0,9537,1500,1000,PASS (MCU Reset -> DISABLED; output=0)
TEST4_WATCHDOG,2560,150.0,116.31,0.0,0.0,-0.051,0,1,0,9565,1500,1000,PASS (MCU Reset -> DISABLED; output=0)
TEST4_WATCHDOG,2570,150.0,109.63,0.0,0.0,-0.048,0,1,0,9590,1500,1000,PASS (MCU Reset -> DISABLED; output=0)
TEST4_WATCHDOG,2580,150.0,102.94,0.0,0.0,-0.045,0,1,0,9614,1500,1000,PASS (MCU Reset -> DISABLED; output=0)
TEST4_WATCHDOG,2590,150.0,96.26,0.0,0.0,-0.043,0,1,0,9637,1500,1000,PASS (MCU Reset -> DISABLED; output=0)
TEST4_WATCHDOG,2600,150.0,90.91,0.0,0.0,-0.04,0,1,0,9658,1500,1000,PASS (MCU Reset -> DISABLED; output=0)
TEST4_WATCHDOG,2610,150.0,85.56,0.0,0.0,-0.038,0,1,0,9678,1500,1000,PASS (MCU Reset -> DISABLED; output=0)
TEST4_WATCHDOG,2620,150.0,80.21,0.0,0.0,-0.035,0,1,0,9697,1500,1000,PASS (MCU Reset -> DISABLED; output=0)
TEST4_WATCHDOG,2630,150.0,74.87,0.0,0.0,-0.033,0,1,0,9714,1500,1000,PASS (MCU Reset -> DISABLED; output=0)
TEST4_WATCHDOG,2640,150.0,70.86,0.0,0.0,-0.031,0,1,0,9731,1500,1000,PASS (MCU Reset -> DISABLED; output=0)
TEST4_WATCHDOG,2650,150.0,65.51,0.0,0.0,-0.029,0,1,0,9746,1500,1000,PASS (MCU Reset -> DISABLED; output=0)
TEST4_WATCHDOG,2660,150.0,62.83,0.0,0.0,-0.028,0,1,0,9761,1500,1000,PASS (MCU Reset -> DISABLED; output=0)
TEST4_WATCHDOG,2670,150.0,57.49,0.0,0.0,-0.026,0,1,0,9774,1500,1000,PASS (MCU Reset -> DISABLED; output=0)
TEST4_WATCHDOG,2680,150.0,54.81,0.0,0.0,-0.024,0,1,0,9787,1500,1000,PASS (MCU Reset -> DISABLED; output=0)
TEST4_WATCHDOG,2690,150.0,50.8,0.0,0.0,-0.023,0,1,0,9799,1500,1000,PASS (MCU Reset -> DISABLED; output=0)
TEST4_WATCHDOG,2700,150.0,49.47,0.0,0.0,-0.021,0,1,0,9811,1500,1000,PASS (MCU Reset -> DISABLED; output=0)
TEST4_WATCHDOG,2710,150.0,45.45,0.0,0.0,-0.02,0,1,0,9821,1500,1000,PASS (MCU Reset -> DISABLED; output=0)
TEST4_WATCHDOG,2720,150.0,42.78,0.0,0.0,-0.019,0,1,0,9831,1500,1000,PASS (MCU Reset -> DISABLED; output=0)
TEST4_WATCHDOG,2730,150.0,40.11,0.0,0.0,-0.018,0,1,0,9841,1500,1000,PASS (MCU Reset -> DISABLED; output=0)
TEST4_WATCHDOG,2740,150.0,38.77,0.0,0.0,-0.017,0,1,0,9850,1500,1000,PASS (MCU Reset -> DISABLED; output=0)
TEST4_WATCHDOG,2750,150.0,36.1,0.0,0.0,-0.016,0,1,0,9858,1500,1000,PASS (MCU Reset -> DISABLED; output=0)
TEST4_WATCHDOG,2760,150.0,33.42,0.0,0.0,-0.015,0,1,0,9866,1500,1000,PASS (MCU Reset -> DISABLED; output=0)
TEST4_WATCHDOG,2770,150.0,30.75,0.0,0.0,-0.014,0,1,0,9873,1500,1000,PASS (MCU Reset -> DISABLED; output=0)
TEST4_WATCHDOG,2780,150.0,29.41,0.0,0.0,-0.013,0,1,0,9880,1500,1000,PASS (MCU Reset -> DISABLED; output=0)
TEST4_WATCHDOG,2790,150.0,28.07,0.0,0.0,-0.012,0,1,0,9887,1500,1000,PASS (MCU Reset -> DISABLED; output=0)
TEST4_WATCHDOG,2800,150.0,26.74,0.0,0.0,-0.012,0,1,0,9893,1500,1000,PASS (MCU Reset -> DISABLED; output=0)
TEST4_WATCHDOG,2810,150.0,24.06,0.0,0.0,-0.011,0,1,0,9898,1500,1000,PASS (MCU Reset -> DISABLED; output=0)
TEST4_WATCHDOG,2820,150.0,22.73,0.0,0.0,-0.01,0,1,0,9904,1500,1000,PASS (MCU Reset -> DISABLED; output=0)
TEST4_WATCHDOG,2830,150.0,21.39,0.0,0.0,-0.01,0,1,0,9909,1500,1000,PASS (MCU Reset -> DISABLED; output=0)
TEST4_WATCHDOG,2840,150.0,21.39,0.0,0.0,-0.009,0,1,0,9914,1500,1000,PASS (MCU Reset -> DISABLED; output=0)
TEST4_WATCHDOG,2850,150.0,18.72,0.0,0.0,-0.008,0,1,0,9918,1500,1000,PASS (MCU Reset -> DISABLED; output=0)
TEST4_WATCHDOG,2860,150.0,17.38,0.0,0.0,-0.008,0,1,0,9922,1500,1000,PASS (MCU Reset -> DISABLED; output=0)
TEST4_WATCHDOG,2870,150.0,16.04,0.0,0.0,-0.007,0,1,0,9926,1500,1000,PASS (MCU Reset -> DISABLED; output=0)
TEST4_WATCHDOG,2880,150.0,16.04,0.0,0.0,-0.007,0,1,0,9930,1500,1000,PASS (MCU Reset -> DISABLED; output=0)
TEST4_WATCHDOG,2890,150.0,14.71,0.0,0.0,-0.007,0,1,0,9933,1500,1000,PASS (MCU Reset -> DISABLED; output=0)
TEST4_WATCHDOG,2900,150.0,14.71,0.0,0.0,-0.006,0,1,0,9937,1500,1000,PASS (MCU Reset -> DISABLED; output=0)
TEST4_WATCHDOG,2910,150.0,13.37,0.0,0.0,-0.006,0,1,0,9940,1500,1000,PASS (MCU Reset -> DISABLED; output=0)
TEST4_WATCHDOG,2920,150.0,12.03,0.0,0.0,-0.005,0,1,0,9942,1500,1000,PASS (MCU Reset -> DISABLED; output=0)
TEST4_WATCHDOG,2930,150.0,10.7,0.0,0.0,-0.005,0,1,0,9945,1500,1000,PASS (MCU Reset -> DISABLED; output=0)
TEST4_WATCHDOG,2940,150.0,10.7,0.0,0.0,-0.005,0,1,0,9948,1500,1000,PASS (MCU Reset -> DISABLED; output=0)
TEST4_WATCHDOG,2950,150.0,10.7,0.0,0.0,-0.005,0,1,0,9950,1500,1000,PASS (MCU Reset -> DISABLED; output=0)
TEST4_WATCHDOG,2960,150.0,9.36,0.0,0.0,-0.004,0,1,0,9952,1500,1000,PASS (MCU Reset -> DISABLED; output=0)
TEST4_WATCHDOG,2970,150.0,8.02,0.0,0.0,-0.004,0,1,0,9954,1500,1000,PASS (MCU Reset -> DISABLED; output=0)
TEST4_WATCHDOG,2980,150.0,8.02,0.0,0.0,-0.004,0,1,0,9956,1500,1000,PASS (MCU Reset -> DISABLED; output=0)
TEST4_WATCHDOG,2990,150.0,8.02,0.0,0.0,-0.004,0,1,0,9958,1500,1000,PASS (MCU Reset -> DISABLED; output=0)
TEST5_SAFETY_PRIORITY,1500,150.0,152.41,100.0,0.0,-0.071,1,4,0,5668,1500,0.01,"PASS (PI requested 100% duty, Safety Layer forced 0%)"
